-0.2470  	0.07056  	-0.1883  	-1.6447  	-0.9929  	-1.2405  	0.29293  	0.38678  	0.20100  	0.21720  	0.59421  	-0.1011  	0.23520  	0.07310  	-0.1171  	0.62024  	-0.0808  	-0.2016  	0.11468  	-0.0826  	0.40948  	0.32847  	-0.2068  	0.52835  	0.65467  	-0.4030  	0.41484  	-0.9676  	-0.3380  	0.34823  	0.22472  	0.16041  	-0.1583  	-0.0128  	0.50645  	-0.1462  	0.61605  	0.21801  	-0.7207  	0.19991  	0.27171  	0.03083  	-0.1174  	0.38678  	0.00649  	-0.0694  	0.01712  	-0.0024  	0.03226  	-0.0863  	-0.0167  	-0.0418  	-0.0249  	0.02587  	-0.0446  	-0.0438  	0.00036  	0.00413  	-0.0399  	0.02349  	0.00759  	-0.0011  	0.07368  	-0.0102  	0.14880  	-0.0095  	0.03107  	0.00427  	-0.0398  	0.10221  	
-0.2581  	0.07576  	-0.2145  	-1.6368  	-0.9849  	-1.2494  	0.29328  	0.37660  	0.20020  	0.21732  	0.61487  	-0.0970  	0.22531  	0.05540  	-0.1020  	0.60023  	-0.0748  	-0.2004  	0.10585  	-0.0869  	0.38592  	0.31905  	-0.1939  	0.51027  	0.63382  	-0.3967  	0.40271  	-0.9480  	-0.3320  	0.35349  	0.22818  	0.15622  	-0.1650  	-0.0138  	0.50386  	-0.1515  	0.61157  	0.22207  	-0.7312  	0.21196  	0.27267  	0.02640  	-0.1228  	0.38457  	0.00414  	-0.0665  	0.01710  	-0.0067  	0.02550  	-0.0826  	-0.0154  	-0.0391  	-0.0257  	0.02410  	-0.0453  	-0.0425  	0.00121  	0.00282  	-0.0361  	0.02216  	0.00573  	0.00181  	0.06966  	-0.0132  	0.14880  	-0.0095  	0.03107  	0.00427  	-0.0398  	0.10221  	
-0.2476  	0.08356  	-0.1927  	-1.6355  	-0.9868  	-1.2503  	0.29702  	0.38061  	0.19911  	0.21236  	0.62262  	-0.0889  	0.22531  	0.06776  	-0.1070  	0.60341  	-0.0871  	-0.1974  	0.11128  	-0.0918  	0.39498  	0.32214  	-0.2059  	0.50307  	0.63244  	-0.4030  	0.40329  	-0.9448  	-0.3270  	0.35126  	0.22651  	0.15826  	-0.1657  	-0.0162  	0.50835  	-0.1418  	0.61447  	0.22079  	-0.7332  	0.20942  	0.27655  	0.02698  	-0.1191  	0.38080  	0.00435  	-0.0679  	0.01847  	-0.0024  	0.02782  	-0.0821  	-0.0171  	-0.0400  	-0.0254  	0.02535  	-0.0445  	-0.0429  	0.00249  	0.00342  	-0.0367  	0.02393  	0.00524  	-0.0003  	0.07004  	-0.0135  	0.14880  	-0.0095  	0.03107  	0.00427  	-0.0398  	0.10221  	
-0.2323  	0.09320  	-0.1736  	-1.6442  	-0.9946  	-1.2485  	0.29929  	0.38532  	0.20293  	0.20690  	0.61846  	-0.0831  	0.23304  	0.08742  	-0.1095  	0.61172  	-0.0987  	-0.1949  	0.11601  	-0.1001  	0.40426  	0.32714  	-0.2081  	0.49817  	0.63314  	-0.4039  	0.40423  	-0.9504  	-0.3248  	0.35554  	0.22767  	0.15715  	-0.1627  	-0.0144  	0.50960  	-0.1360  	0.61839  	0.21845  	-0.7346  	0.21252  	0.27966  	0.03108  	-0.1186  	0.38001  	0.00396  	-0.0697  	0.01882  	0.00082  	0.02965  	-0.0825  	-0.0181  	-0.0410  	-0.0239  	0.02714  	-0.0446  	-0.0404  	0.00047  	0.00342  	-0.0364  	0.02690  	0.00625  	-0.0013  	0.07055  	-0.0136  	0.14880  	-0.0095  	0.03107  	0.00427  	-0.0398  	0.10221  	
-0.2266  	0.08926  	-0.1699  	-1.6401  	-0.9853  	-1.2457  	0.30122  	0.38667  	0.20432  	0.21332  	0.61890  	-0.0817  	0.23382  	0.08575  	-0.1192  	0.61740  	-0.0978  	-0.1928  	0.11503  	-0.0939  	0.39733  	0.32218  	-0.2093  	0.49641  	0.62874  	-0.4031  	0.40268  	-0.9455  	-0.3227  	0.35557  	0.22599  	0.15763  	-0.1596  	-0.0145  	0.50657  	-0.1365  	0.61645  	0.21930  	-0.7319  	0.21283  	0.27765  	0.03135  	-0.1170  	0.38027  	0.00403  	-0.0695  	0.01896  	0.00122  	0.03023  	-0.0842  	-0.0185  	-0.0407  	-0.0246  	0.02682  	-0.0435  	-0.0409  	0.00079  	0.00310  	-0.0371  	0.02624  	0.00611  	-0.0017  	0.07076  	-0.0129  	0.14880  	-0.0095  	0.03107  	0.00427  	-0.0398  	0.10221  	
-0.2224  	0.08350  	-0.1587  	-1.6357  	-0.9797  	-1.2422  	0.30276  	0.39052  	0.20494  	0.22434  	0.62396  	-0.0890  	0.23270  	0.07754  	-0.1322  	0.62188  	-0.0960  	-0.1893  	0.11388  	-0.0885  	0.39297  	0.31609  	-0.2095  	0.49893  	0.62794  	-0.4041  	0.40663  	-0.9400  	-0.3182  	0.35494  	0.22181  	0.16070  	-0.1581  	-0.0147  	0.50390  	-0.1344  	0.61338  	0.22077  	-0.7263  	0.21063  	0.26977  	0.03191  	-0.1147  	0.38108  	0.00492  	-0.0691  	0.01790  	0.00220  	0.03050  	-0.0872  	-0.0179  	-0.0405  	-0.0250  	0.02521  	-0.0425  	-0.0415  	0.00218  	0.00276  	-0.0373  	0.02500  	0.00655  	-0.0032  	0.07144  	-0.0119  	0.14880  	-0.0095  	0.03107  	0.00427  	-0.0398  	0.10221  	
-0.2660  	0.07745  	-0.1710  	-1.6519  	-0.9722  	-1.2736  	0.30080  	0.36264  	0.18551  	0.24746  	0.62292  	-0.0749  	0.22663  	0.04167  	-0.1865  	0.60797  	-0.1093  	-0.1617  	0.09643  	-0.0445  	0.35174  	0.29664  	-0.2436  	0.46927  	0.63501  	-0.3975  	0.35120  	-0.8642  	-0.2627  	0.34979  	0.23154  	0.14079  	-0.1500  	-0.0107  	0.47319  	-0.1111  	0.57380  	0.20705  	-0.7134  	0.21190  	0.29799  	0.03133  	-0.1100  	0.37913  	0.00267  	-0.0712  	0.02275  	0.00102  	0.02610  	-0.0874  	-0.0153  	-0.0424  	-0.0248  	0.02249  	-0.0423  	-0.0450  	0.00702  	1.70923  	-0.0365  	0.02269  	0.00452  	-0.0065  	0.07244  	-0.0114  	0.14880  	-0.0095  	0.03107  	0.00427  	-0.0398  	0.10221  	
-0.7124  	-0.0659  	-0.5078  	-1.8742  	-1.0032  	-1.5879  	0.25189  	0.10671  	0.08129  	0.41770  	0.61590  	-0.0787  	0.17655  	-0.1937  	-0.4682  	0.51142  	-0.1164  	-0.0364  	0.07564  	0.08130  	0.00191  	0.26289  	-0.3249  	0.31146  	0.61305  	-0.3255  	0.09526  	-0.5168  	0.00632  	0.35514  	0.26859  	0.09238  	-0.1797  	0.00512  	0.26591  	0.03316  	0.30543  	0.11547  	-0.6208  	0.27269  	0.39925  	0.01854  	-0.0948  	0.38087  	0.01169  	-0.0692  	0.03252  	0.01148  	0.01871  	-0.0780  	-0.0076  	-0.0428  	-0.0261  	0.01521  	-0.0432  	-0.0535  	0.00837  	-0.0016  	-0.0272  	0.01810  	0.00238  	-0.0026  	0.07165  	-0.0076  	0.14880  	-0.0095  	0.03107  	0.00427  	-0.0398  	0.10221  	
-0.7362  	-0.1274  	-0.5424  	-1.8833  	-1.0054  	-1.6117  	0.30895  	0.04438  	0.04188  	0.42824  	0.61293  	-0.1268  	0.14775  	-0.3080  	-0.5260  	0.48475  	-0.1049  	-0.0089  	0.08487  	0.12022  	-0.0680  	0.27516  	-0.3845  	0.31913  	0.66680  	-0.3508  	0.09963  	-0.4643  	0.06069  	0.37048  	0.25252  	0.09144  	-0.2258  	0.00027  	0.25450  	0.09417  	0.28677  	0.11566  	-0.6306  	0.29384  	0.38577  	0.02024  	-0.1036  	0.37420  	0.01486  	-0.0723  	0.02919  	0.00936  	0.02360  	-0.0794  	-0.0011  	-0.0415  	-0.0212  	0.01668  	-0.0418  	-0.0618  	0.01777  	0.00465  	-0.0312  	0.01881  	-0.0055  	-0.0009  	0.07614  	-0.0094  	0.14880  	-0.0095  	0.03107  	0.00427  	-0.0398  	0.10221  	
-0.6870  	-0.1394  	-0.5740  	-1.7822  	-0.9148  	-1.5672  	0.32550  	0.02579  	0.01559  	0.42869  	0.55980  	-0.1139  	0.16981  	-0.3676  	-0.5138  	0.54952  	-0.1497  	0.02768  	0.07260  	0.11014  	-0.1563  	0.27537  	-0.4593  	0.33439  	0.76786  	-0.3722  	0.13953  	-0.4082  	0.11511  	0.38722  	0.23913  	0.10700  	-0.2246  	-0.0117  	0.25280  	0.13138  	0.23608  	0.08906  	-0.5906  	0.34613  	0.36366  	0.02342  	-0.1230  	0.38212  	0.01756  	-0.0683  	0.02124  	-0.0039  	0.02604  	-0.0848  	0.00831  	-0.0462  	-0.0217  	0.01371  	-0.0363  	-0.0665  	0.02338  	0.00640  	-0.0317  	0.02110  	-0.0079  	-0.0125  	0.07646  	-0.0036  	0.14880  	-0.0095  	0.03107  	0.00427  	-0.0398  	0.10221  	
-0.6410  	-0.1326  	-0.5237  	-1.7173  	-0.8683  	-1.5042  	0.30901  	0.05025  	0.02502  	0.38665  	0.53881  	-0.1452  	0.15502  	-0.4269  	-0.5248  	0.62701  	-0.1388  	-0.0420  	0.13572  	0.08251  	-0.1193  	0.24447  	-0.4661  	0.39272  	0.83448  	-0.3944  	0.24153  	-0.4698  	0.03330  	0.42306  	0.20256  	0.15587  	-0.2523  	-0.0229  	0.31210  	0.15799  	0.29321  	0.12076  	-0.6281  	0.34561  	0.34248  	0.03116  	-0.1265  	0.40246  	0.01580  	-0.0682  	0.00974  	0.00130  	0.03136  	-0.0986  	0.00912  	-0.0436  	-0.0213  	0.01723  	-0.0348  	-0.0584  	0.02468  	0.00161  	-0.0285  	0.02320  	-0.0042  	-0.0242  	0.07560  	-0.0092  	0.14880  	-0.0095  	0.03107  	0.00427  	-0.0398  	0.10221  	
-0.6633  	-0.1389  	-0.4915  	-1.6044  	-0.8481  	-1.4668  	0.30933  	0.09114  	0.01997  	0.32191  	0.47974  	-0.1695  	0.17444  	-0.3334  	-0.4254  	0.55487  	-0.1380  	-0.0827  	0.13331  	0.07677  	-0.0820  	0.26979  	-0.4869  	0.47961  	0.87891  	-0.3900  	0.35989  	-0.5357  	0.03470  	0.45248  	0.16025  	0.15412  	-0.2653  	-0.0268  	0.36663  	0.15758  	0.32660  	0.11992  	-0.6665  	0.31714  	0.30377  	0.05645  	-0.1577  	0.38978  	0.02416  	-0.0703  	0.00240  	-0.0036  	0.03428  	-0.1048  	0.00276  	-0.0449  	-0.0218  	0.00955  	-0.0416  	-0.0574  	0.03340  	0.00424  	-0.0244  	0.01869  	-0.0109  	-0.0261  	0.07446  	-0.0154  	0.14880  	-0.0095  	0.03107  	0.00427  	-0.0398  	0.10221  	
-0.3875  	-0.0444  	-0.4691  	-1.2180  	-0.5951  	-1.3850  	0.31795  	0.17307  	0.04014  	0.30960  	0.24982  	-0.1376  	0.27526  	-0.0280  	-0.1199  	0.55154  	-0.1514  	-0.0991  	0.10546  	0.11619  	-0.0727  	0.32359  	-0.5763  	0.49299  	0.93813  	-0.4139  	0.29871  	-0.4919  	0.14385  	0.49152  	0.16117  	0.10532  	-0.2398  	0.01098  	0.45902  	0.08563  	0.25592  	0.06209  	-0.5949  	0.39406  	0.24198  	0.08274  	-0.1639  	0.38726  	0.02664  	-0.0596  	-0.0045  	-0.0040  	0.02262  	-0.0952  	0.02273  	-0.0473  	-0.0213  	0.00595  	-0.0452  	-0.0507  	0.03646  	0.01060  	-0.0191  	0.02076  	-0.0144  	-0.0242  	0.06004  	-0.0117  	0.14880  	-0.0095  	0.03107  	0.00427  	-0.0398  	0.10221  	
-0.3177  	0.03587  	-0.4760  	-1.0615  	-0.5026  	-1.3277  	0.35547  	0.22302  	0.08680  	0.27075  	0.10612  	-0.1047  	0.35931  	0.19706  	0.13108  	0.41241  	-0.1526  	-0.1508  	0.09025  	0.07096  	-0.0836  	0.38866  	-0.5780  	0.38737  	0.95487  	-0.4307  	0.36331  	-0.5053  	0.19497  	0.55159  	0.13248  	0.09473  	-0.2002  	0.03729  	0.47943  	0.04977  	0.23833  	0.06382  	-0.5720  	0.38261  	0.20522  	0.08690  	-0.1686  	0.38437  	0.03333  	-0.0752  	0.01444  	0.00540  	0.04670  	-0.1110  	0.01252  	-0.0439  	-0.0290  	0.01500  	-0.0502  	-0.0449  	0.01427  	0.00421  	-0.0290  	0.01564  	-0.0014  	-0.0065  	0.06740  	-0.0125  	0.14880  	-0.0095  	0.03107  	0.00427  	-0.0398  	0.10221  	
-0.3520  	0.06332  	-0.5376  	-1.0413  	-0.4931  	-1.3315  	0.34025  	0.25945  	0.13199  	0.30606  	0.11837  	-0.0820  	0.37753  	0.31847  	0.12293  	0.40709  	-0.1591  	-0.1372  	0.07244  	0.11351  	-0.0805  	0.38244  	-0.5923  	0.37874  	0.93052  	-0.4312  	0.30492  	-0.4959  	0.18544  	0.53556  	0.15036  	0.07685  	-0.1988  	0.02122  	0.43448  	0.01502  	0.19239  	0.06168  	-0.5568  	0.39368  	0.19656  	0.07503  	-0.1662  	0.37569  	0.02188  	-0.0792  	0.02252  	-0.0084  	0.03880  	-0.1003  	0.00881  	-0.0429  	-0.0371  	0.01522  	-0.0495  	-0.0496  	0.01588  	0.00135  	-0.0294  	0.02198  	-0.0009  	-0.0094  	0.05806  	-0.0208  	0.14880  	-0.0095  	0.03107  	0.00427  	-0.0398  	0.10221  	
-0.5192  	-0.0273  	-0.6902  	-1.1651  	-0.4587  	-1.5595  	0.36172  	0.27418  	0.10801  	0.31860  	0.27134  	0.02217  	0.39357  	0.29831  	-0.0282  	0.47075  	-0.1974  	-0.0880  	0.06636  	0.14380  	-0.0497  	0.35453  	-0.6306  	0.40635  	0.84608  	-0.4145  	0.29135  	-0.4585  	0.14734  	0.50869  	0.19667  	0.05876  	-0.1543  	0.02275  	0.49351  	0.00922  	0.24843  	0.03062  	-0.5848  	0.37590  	0.19198  	0.08139  	-0.1820  	0.37653  	0.01767  	-0.0681  	0.01875  	0.00478  	0.03399  	-0.0971  	0.00466  	-0.0408  	-0.0403  	0.01049  	-0.0473  	-0.0394  	0.01100  	-0.0045  	-0.0179  	0.01920  	0.00683  	-0.0087  	0.03964  	-0.0266  	0.14880  	-0.0095  	0.03107  	0.00427  	-0.0398  	0.10221  	
-0.9043  	-0.2110  	-0.7606  	-1.4099  	-0.6015  	-1.7637  	0.33263  	0.11500  	0.04864  	0.42726  	0.53333  	0.07149  	0.29216  	0.00756  	-0.2741  	0.46424  	-0.1784  	0.00910  	0.03122  	0.21242  	-0.0451  	0.22779  	-0.5292  	0.41298  	0.69558  	-0.3513  	0.06883  	-0.3665  	0.09155  	0.43077  	0.20236  	0.05346  	-0.1353  	-0.0079  	0.37403  	-0.0120  	0.19663  	0.02117  	-0.5907  	0.34066  	0.24090  	0.07421  	-0.2230  	0.36344  	0.02045  	-0.0680  	0.02141  	-0.0127  	0.01993  	-0.0986  	-0.0085  	-0.0493  	-0.0441  	0.01774  	-0.0506  	-0.0602  	0.02756  	-0.0013  	-0.0311  	0.01441  	-0.0076  	-0.0121  	0.05619  	-0.0127  	0.14880  	-0.0095  	0.03107  	0.00427  	-0.0398  	0.10221  	
-0.7953  	-0.1652  	-0.7394  	-1.3527  	-0.5832  	-1.5898  	0.37359  	0.15355  	0.06842  	0.34490  	0.55970  	0.16165  	0.28922  	0.04497  	-0.2197  	0.43833  	-0.2308  	-0.0072  	0.02358  	0.25607  	-0.0843  	0.25777  	-0.5592  	0.39244  	0.75252  	-0.3527  	0.07906  	-0.2805  	0.14796  	0.43413  	0.18757  	0.03376  	-0.1741  	0.02750  	0.35982  	0.04859  	0.16515  	0.02796  	-0.5783  	0.32655  	0.24256  	0.05748  	-0.1911  	0.35878  	0.02491  	-0.0672  	0.01241  	0.00019  	0.02283  	-0.0981  	0.00774  	-0.0593  	-0.0319  	0.01997  	-0.0493  	-0.0532  	0.02496  	0.00096  	-0.0296  	0.01857  	-0.0194  	-0.0143  	0.05405  	-0.0128  	0.14880  	-0.0095  	0.03107  	0.00427  	-0.0398  	0.10221  	
-0.6180  	-0.0279  	-0.5811  	-1.3643  	-0.5887  	-1.4367  	0.32231  	0.23943  	0.09283  	0.24802  	0.27450  	0.11281  	0.33171  	0.18125  	-0.0306  	0.49267  	-0.2074  	-0.0296  	0.08348  	0.21069  	-0.0925  	0.29340  	-0.5533  	0.35878  	0.75936  	-0.3893  	0.14483  	-0.3398  	0.19811  	0.48149  	0.20629  	0.05729  	-0.1594  	0.03213  	0.37478  	0.01444  	0.18687  	0.03309  	-0.5490  	0.37182  	0.26550  	0.06557  	-0.1599  	0.36982  	0.01838  	-0.0695  	0.03077  	0.01098  	0.02370  	-0.0836  	0.00528  	-0.0523  	-0.0462  	0.02044  	-0.0497  	-0.0466  	0.01888  	-0.0032  	-0.0303  	0.02297  	0.00097  	-0.0215  	0.05634  	-0.0259  	0.14880  	-0.0095  	0.03107  	0.00427  	-0.0398  	0.10221  	
-0.3377  	0.07714  	-0.3650  	-1.2545  	-0.6650  	-1.2462  	0.33582  	0.29148  	0.11739  	0.26014  	0.07977  	-0.0740  	0.42104  	0.27520  	0.20245  	0.39666  	-0.1310  	-0.1301  	0.05507  	0.05458  	-0.0036  	0.39136  	-0.4346  	0.39114  	0.78968  	-0.4074  	0.28643  	-0.5594  	0.10409  	0.47725  	0.20308  	0.07891  	-0.1744  	0.00889  	0.33370  	-0.0213  	0.25471  	0.07054  	-0.5420  	0.35645  	0.26148  	0.04833  	-0.1286  	0.37379  	0.02365  	-0.0741  	0.02152  	0.01750  	0.04727  	-0.0881  	-0.0074  	-0.0447  	-0.0376  	0.00640  	-0.0468  	-0.0536  	0.01992  	0.00336  	-0.0335  	0.01501  	0.00284  	-0.0140  	0.07006  	-0.0133  	0.14880  	-0.0095  	0.03107  	0.00427  	-0.0398  	0.10221  	
-0.2546  	0.10325  	-0.2713  	-1.2181  	-0.6672  	-1.2294  	0.36479  	0.29444  	0.11854  	0.27503  	0.10800  	-0.1277  	0.39733  	0.25955  	0.18928  	0.43934  	-0.1281  	-0.1225  	0.08672  	-0.0371  	0.06873  	0.44178  	-0.3804  	0.38565  	0.87510  	-0.4218  	0.35960  	-0.7035  	0.07175  	0.52019  	0.20134  	0.10410  	-0.1847  	-0.0037  	0.38534  	-0.0252  	0.30327  	0.10812  	-0.5980  	0.34542  	0.27079  	0.05633  	-0.1076  	0.36955  	-0.0070  	-0.0708  	0.01251  	0.03540  	0.05373  	-0.1147  	-0.0108  	-0.0489  	-0.0285  	0.00906  	-0.0491  	-0.0402  	0.02081  	-0.0028  	-0.0335  	0.02355  	0.00543  	-0.0099  	0.07162  	-0.0208  	0.14880  	-0.0095  	0.03107  	0.00427  	-0.0398  	0.10221  	
-0.4780  	-0.0120  	-0.4813  	-1.2067  	-0.5941  	-1.4094  	0.36469  	0.25181  	0.11869  	0.35582  	0.25602  	-0.0229  	0.34761  	0.32626  	0.15193  	0.44422  	-0.1629  	-0.1409  	0.12144  	0.04088  	0.02734  	0.41469  	-0.4430  	0.45106  	0.81017  	-0.4022  	0.35824  	-0.6579  	-0.0332  	0.47675  	0.21850  	0.08132  	-0.1573  	0.00898  	0.48539  	-0.0448  	0.34297  	0.07987  	-0.6644  	0.35651  	0.21336  	0.07612  	-0.1594  	0.40035  	0.01730  	-0.0673  	0.01467  	0.00194  	0.02430  	-0.0912  	-0.0010  	-0.0485  	-0.0459  	0.01223  	-0.0558  	-0.0451  	0.01609  	-0.0088  	-0.0235  	0.02470  	-0.0074  	0.01161  	0.04394  	-0.0298  	0.14880  	-0.0095  	0.03107  	0.00427  	-0.0398  	0.10221  	
-0.9439  	-0.1435  	-0.6496  	-1.9864  	-0.8826  	-1.8259  	0.32950  	0.03696  	0.08799  	0.51504  	0.60956  	-0.1143  	0.18174  	-0.2414  	-0.4703  	0.37849  	-0.1863  	-0.0187  	0.10318  	0.10813  	0.01411  	0.23529  	-0.4010  	0.39977  	0.61383  	-0.3585  	0.13529  	-0.6227  	-0.0842  	0.34529  	0.29278  	0.09389  	-0.1814  	0.02142  	0.38849  	0.03142  	0.36050  	0.12798  	-0.6403  	0.29109  	0.31591  	0.05111  	-0.1529  	0.35674  	0.01182  	-0.0647  	0.01690  	-0.0194  	0.02608  	-0.0923  	-0.0106  	-0.0420  	-0.0389  	0.02370  	-0.0455  	-0.0642  	0.01880  	0.00510  	-0.0377  	0.01694  	0.00549  	0.00754  	0.06398  	-0.0100  	0.14880  	-0.0095  	0.03107  	0.00427  	-0.0398  	0.10221  	
-0.9369  	-0.1346  	-0.5154  	-2.1636  	-1.1113  	-1.7073  	0.30950  	0.02937  	0.03466  	0.53371  	0.67180  	-0.2427  	0.14103  	-0.3849  	-0.6416  	0.35110  	-0.1204  	-0.0248  	0.14393  	0.04987  	-0.0087  	0.27425  	-0.3318  	0.33524  	0.75143  	-0.3612  	0.20245  	-0.6254  	0.00196  	0.37837  	0.27582  	0.06992  	-0.2381  	-0.0075  	0.20270  	0.11068  	0.35368  	0.13172  	-0.6202  	0.30376  	0.38703  	0.03020  	-0.1302  	0.37364  	0.02653  	-0.0754  	0.02649  	-0.0145  	0.01184  	-0.0720  	-0.0046  	-0.0464  	-0.0326  	0.02783  	-0.0399  	-0.0658  	0.02175  	0.00714  	-0.0329  	0.02776  	-0.0033  	-0.0156  	0.08007  	-0.0146  	0.14880  	-0.0095  	0.03107  	0.00427  	-0.0398  	0.10221  	
-0.9109  	-0.1437  	-0.5202  	-2.1139  	-1.1325  	-1.5984  	0.26114  	0.05210  	0.04589  	0.41248  	0.61533  	-0.2413  	0.09049  	-0.4577  	-0.6084  	0.45082  	-0.0859  	-0.0489  	0.15596  	0.00658  	0.01745  	0.29274  	-0.2450  	0.33591  	0.72311  	-0.3531  	0.24312  	-0.6345  	0.01410  	0.38631  	0.25953  	0.10052  	-0.2393  	-0.0162  	0.19908  	0.07619  	0.36714  	0.13289  	-0.6366  	0.29091  	0.41581  	0.02306  	-0.1139  	0.40360  	0.01888  	-0.0763  	0.02615  	-0.0144  	0.01683  	-0.0910  	-0.0052  	-0.0452  	-0.0336  	0.02187  	-0.0366  	-0.0612  	0.01321  	0.00297  	-0.0335  	0.01969  	0.00295  	-0.0116  	0.07421  	-0.0060  	0.14880  	-0.0095  	0.03107  	0.00427  	-0.0398  	0.10221  	
-0.8220  	-0.0947  	-0.5038  	-2.0231  	-1.0510  	-1.5887  	0.25968  	0.06408  	0.07388  	0.41814  	0.52437  	-0.1818  	0.10637  	-0.4564  	-0.6439  	0.45292  	-0.1067  	-0.0392  	0.14683  	0.05274  	-0.0492  	0.26968  	-0.2472  	0.28868  	0.70060  	-0.3500  	0.19155  	-0.5533  	0.05151  	0.38548  	0.26327  	0.08721  	-0.2242  	-0.0110  	0.16444  	0.06213  	0.31695  	0.11065  	-0.5945  	0.31916  	0.41570  	0.01852  	-0.0874  	0.42319  	0.00032  	-0.0825  	0.02492  	0.00284  	0.02734  	-0.0897  	-0.0033  	-0.0431  	-0.0291  	0.01637  	-0.0389  	-0.0640  	0.01131  	0.00790  	-0.0380  	0.01360  	0.00045  	-0.0055  	0.08079  	-0.0118  	0.14880  	-0.0095  	0.03107  	0.00427  	-0.0398  	0.10221  	
-0.8155  	-0.1176  	-0.4949  	-1.9640  	-0.9907  	-1.6337  	0.28947  	0.08399  	0.04981  	0.42576  	0.58376  	-0.1519  	0.11249  	-0.3768  	-0.6012  	0.51597  	-0.1419  	-0.0164  	0.14230  	0.07296  	-0.0710  	0.29785  	-0.3388  	0.31331  	0.71635  	-0.3758  	0.18216  	-0.5091  	0.05183  	0.39082  	0.24066  	0.09088  	-0.2300  	0.00761  	0.23719  	0.10638  	0.31934  	0.10547  	-0.6075  	0.30379  	0.38190  	0.02187  	-0.1159  	0.40225  	0.00203  	-0.0812  	0.02408  	0.00489  	0.02597  	-0.0856  	0.00158  	-0.0456  	-0.0229  	0.01677  	-0.0405  	-0.0658  	0.01218  	0.00705  	-0.0326  	0.02083  	-0.0053  	-0.0160  	0.07665  	-0.0111  	0.14880  	-0.0095  	0.03107  	0.00427  	-0.0398  	0.10221  	
-0.6871  	-0.0868  	-0.5231  	-1.5197  	-0.7355  	-1.4978  	0.29604  	0.18948  	0.06583  	0.31223  	0.45458  	0.01307  	0.17607  	-0.1870  	-0.2646  	0.56128  	-0.1522  	-0.0518  	0.14193  	0.14120  	0.01429  	0.25950  	-0.4841  	0.42199  	0.73127  	-0.3875  	0.22166  	-0.4953  	0.04472  	0.43385  	0.21304  	0.09233  	-0.2156  	0.00539  	0.33757  	0.06030  	0.28194  	0.09763  	-0.5929  	0.30153  	0.29133  	0.08579  	-0.1632  	0.35998  	0.02005  	-0.0629  	0.02056  	-0.0072  	0.03518  	-0.0947  	0.00359  	-0.0468  	-0.0265  	0.02016  	-0.0382  	-0.0543  	0.03636  	0.00767  	-0.0151  	0.01828  	-0.0141  	-0.0106  	0.06905  	-0.0128  	0.14880  	-0.0095  	0.03107  	0.00427  	-0.0398  	0.10221  	
-0.5163  	-0.0007  	-0.4940  	-1.3953  	-0.7063  	-1.3132  	0.29133  	0.25459  	0.08534  	0.22646  	0.20617  	-0.0034  	0.29274  	0.04640  	-0.0578  	0.51059  	-0.1259  	-0.0625  	0.12583  	0.08448  	0.01034  	0.29517  	-0.4086  	0.35576  	0.82020  	-0.3808  	0.27075  	-0.5065  	0.11469  	0.49313  	0.21767  	0.08948  	-0.2150  	0.00202  	0.33677  	0.00771  	0.23864  	0.09432  	-0.5638  	0.32919  	0.26699  	0.05054  	-0.1183  	0.37269  	0.02762  	-0.0696  	0.02362  	0.00579  	0.03698  	-0.0996  	-0.0008  	-0.0493  	-0.0316  	0.01601  	-0.0436  	-0.0607  	0.01876  	0.00874  	-0.0213  	0.01876  	-0.0060  	-0.0223  	0.07236  	-0.0153  	0.14880  	-0.0095  	0.03107  	0.00427  	-0.0398  	0.10221  	
-0.4679  	0.04773  	-0.4028  	-1.4336  	-0.7538  	-1.2081  	0.26404  	0.25531  	0.10006  	0.25501  	0.19844  	-0.0600  	0.25811  	0.05640  	-0.0379  	0.49937  	-0.0918  	-0.0891  	0.13511  	0.04838  	0.03225  	0.36341  	-0.3770  	0.37124  	0.83362  	-0.4190  	0.29519  	-0.6114  	0.07214  	0.45379  	0.19855  	0.09527  	-0.1936  	0.00768  	0.33613  	-0.0231  	0.31933  	0.12637  	-0.6033  	0.31992  	0.32483  	0.01835  	-0.1149  	0.39833  	0.00306  	-0.0745  	0.01962  	0.01688  	0.03379  	-0.0954  	0.00248  	-0.0428  	-0.0325  	0.01707  	-0.0489  	-0.0468  	0.02201  	0.00238  	-0.0285  	0.02233  	-0.0098  	-0.0079  	0.06283  	-0.0208  	0.14880  	-0.0095  	0.03107  	0.00427  	-0.0398  	0.10221  	
-0.5056  	-0.0531  	-0.3675  	-1.6124  	-0.8191  	-1.3154  	0.28082  	0.17799  	0.07927  	0.30147  	0.40393  	-0.0904  	0.19755  	-0.1238  	-0.3529  	0.58510  	-0.1375  	-0.0604  	0.16247  	0.08636  	0.00365  	0.29036  	-0.4324  	0.38689  	0.81647  	-0.4080  	0.30158  	-0.5795  	0.04314  	0.44613  	0.19723  	0.13349  	-0.2032  	0.01104  	0.36966  	0.05666  	0.35751  	0.13838  	-0.6071  	0.30959  	0.31529  	0.03409  	-0.1152  	0.40276  	0.01536  	-0.0701  	0.01978  	0.00405  	0.02653  	-0.1003  	0.00795  	-0.0492  	-0.0312  	0.01821  	-0.0395  	-0.0457  	0.01912  	0.00670  	-0.0281  	0.02385  	-0.0073  	-0.0188  	0.05996  	-0.0161  	0.14880  	-0.0095  	0.03107  	0.00427  	-0.0398  	0.10221  	
-0.5094  	-0.0178  	-0.4087  	-1.5174  	-0.7445  	-1.3654  	0.24231  	0.16580  	0.07668  	0.28365  	0.40328  	-0.0324  	0.20377  	-0.1044  	-0.1414  	0.51037  	-0.1003  	-0.1512  	0.13539  	0.01640  	0.14832  	0.30128  	-0.3509  	0.52669  	0.63478  	-0.3688  	0.33558  	-0.7470  	-0.1926  	0.40948  	0.22286  	0.14737  	-0.1818  	-0.0179  	0.43411  	-0.0315  	0.43983  	0.12799  	-0.6962  	0.30760  	0.27681  	0.06624  	-0.1669  	0.38756  	0.00954  	-0.0660  	0.02320  	-0.0070  	0.02359  	-0.0861  	-0.0075  	-0.0441  	-0.0276  	0.01925  	-0.0494  	-0.0556  	0.01291  	-0.0025  	-0.0326  	0.01793  	0.00072  	-0.0066  	0.05684  	-0.0187  	0.14880  	-0.0095  	0.03107  	0.00427  	-0.0398  	0.10221  	
-0.2172  	0.12205  	-0.1298  	-1.6547  	-0.9208  	-1.2527  	0.29286  	0.33131  	0.15578  	0.28814  	0.48774  	-0.1087  	0.24126  	0.09727  	-0.1069  	0.58470  	-0.0915  	-0.1867  	0.12622  	-0.0632  	0.35670  	0.31438  	-0.2810  	0.54877  	0.68552  	-0.4085  	0.45649  	-0.9513  	-0.3063  	0.38429  	0.20669  	0.16765  	-0.2018  	-0.0298  	0.51213  	-0.0758  	0.56916  	0.18717  	-0.7116  	0.25921  	0.25422  	0.05282  	-0.1260  	0.38611  	0.00171  	-0.0647  	0.01227  	0.00396  	0.03495  	-0.0801  	-0.0074  	-0.0439  	-0.0284  	0.02090  	-0.0415  	-0.0391  	0.00109  	0.00110  	-0.0386  	0.02488  	0.00015  	-9.0567  	0.06992  	-0.0163  	0.14880  	-0.0095  	0.03107  	0.00427  	-0.0398  	0.10221  	
-0.2164  	0.07481  	-0.0875  	-1.7105  	-0.9911  	-1.3080  	0.27973  	0.37170  	0.17942  	0.30186  	0.65542  	-0.0037  	0.22071  	0.04105  	-0.2698  	0.67520  	-0.1205  	-0.1543  	0.13782  	0.01156  	0.35280  	0.28725  	-0.2678  	0.44831  	0.67392  	-0.3997  	0.33418  	-0.8686  	-0.2678  	0.36083  	0.22766  	0.15026  	-0.1621  	-0.0025  	0.44473  	-0.0958  	0.57637  	0.20104  	-0.6805  	0.19845  	0.28610  	0.03702  	-0.0897  	0.38618  	0.01983  	-0.0644  	0.01709  	0.00642  	0.03952  	-0.0797  	-0.0139  	-0.0432  	-0.0226  	0.02277  	-0.0433  	-0.0452  	-0.0013  	-0.0001  	-0.0372  	0.01928  	0.00055  	-0.0064  	0.07123  	-0.0183  	0.14880  	-0.0095  	0.03107  	0.00427  	-0.0398  	0.10221  	
-0.2535  	0.03221  	-0.1126  	-1.7033  	-0.9486  	-1.3103  	0.32111  	0.32071  	0.19170  	0.35605  	0.64342  	-0.0467  	0.20870  	0.01355  	-0.3480  	0.68300  	-0.1607  	-0.1289  	0.13533  	0.04643  	0.36207  	0.25776  	-0.3045  	0.39467  	0.73067  	-0.4270  	0.34812  	-0.8457  	-0.2652  	0.36148  	0.21484  	0.14687  	-0.1693  	-0.0167  	0.41644  	-0.0870  	0.57156  	0.19483  	-0.6401  	0.21608  	0.30627  	0.03264  	-0.0871  	0.39486  	0.01613  	-0.0640  	0.01406  	0.02055  	0.04678  	-0.0871  	-0.0097  	-0.0457  	-0.0248  	0.02353  	-0.0412  	-0.0391  	0.00953  	0.00180  	-0.0334  	0.02824  	-0.0043  	-0.0162  	0.06834  	-0.0199  	0.14880  	-0.0095  	0.03107  	0.00427  	-0.0398  	0.10221  	
-0.4168  	-0.0064  	-0.1693  	-1.6365  	-0.8723  	-1.2562  	0.29104  	0.23461  	0.12907  	0.36490  	0.51415  	-0.1453  	0.22786  	-0.0557  	-0.4117  	0.68345  	-0.1073  	-0.2000  	0.13182  	0.01389  	0.22626  	0.24837  	-0.3611  	0.44948  	0.81392  	-0.4278  	0.36119  	-0.7654  	-0.1885  	0.40093  	0.22747  	0.13441  	-0.1902  	-0.0196  	0.39651  	-0.0332  	0.52250  	0.17175  	-0.6937  	0.26928  	0.31428  	0.02534  	-0.0798  	0.40522  	0.00567  	-0.0700  	0.02453  	0.00654  	0.04179  	-0.0955  	-0.0133  	-0.0490  	-0.0318  	0.02283  	-0.0485  	-0.0505  	0.01326  	-0.0035  	-0.0393  	0.01777  	-0.0035  	-0.0071  	0.08930  	-0.0154  	0.14880  	-0.0095  	0.03107  	0.00427  	-0.0398  	0.10221  	
-0.7821  	-0.1027  	-0.4009  	-1.9451  	-0.9931  	-1.5464  	0.29372  	0.10893  	0.06751  	0.35967  	0.59840  	-0.2322  	0.13495  	-0.3299  	-0.5132  	0.49956  	-0.1244  	-0.0602  	0.14001  	0.07129  	0.12539  	0.24100  	-0.3341  	0.47605  	0.79479  	-0.4170  	0.36629  	-0.6971  	-0.0404  	0.38608  	0.21894  	0.13212  	-0.2345  	-0.0192  	0.34892  	0.07913  	0.39742  	0.14860  	-0.6715  	0.30398  	0.28193  	0.03509  	-0.1633  	0.38392  	0.00421  	-0.0722  	0.01195  	-0.0026  	0.03192  	-0.0910  	0.00409  	-0.0428  	-0.0221  	0.02126  	-0.0469  	-0.0608  	0.01201  	0.00882  	-0.0204  	0.01304  	0.00091  	-0.0173  	0.07917  	-0.0179  	0.14880  	-0.0095  	0.03107  	0.00427  	-0.0398  	0.10221  	
-0.8603  	-0.1041  	-0.6408  	-1.6280  	-0.7832  	-1.5748  	0.27539  	0.15274  	0.05330  	0.38251  	0.55863  	-0.0350  	0.20725  	-0.1567  	-0.3311  	0.40914  	-0.1447  	-0.0873  	0.10170  	0.14170  	-0.0178  	0.26706  	-0.4217  	0.35896  	0.75986  	-0.3787  	0.20989  	-0.4864  	0.06364  	0.44133  	0.22768  	0.08984  	-0.2067  	0.01573  	0.34759  	0.03033  	0.23744  	0.08340  	-0.6036  	0.32762  	0.28380  	0.05489  	-0.1842  	0.37092  	0.02276  	-0.0770  	0.02085  	-0.0136  	0.02137  	-0.0938  	0.01689  	-0.0457  	-0.0378  	0.02301  	-0.0477  	-0.0531  	0.02811  	0.00222  	-0.0258  	0.02297  	0.00911  	-0.0090  	0.06529  	-0.0176  	0.14880  	-0.0095  	0.03107  	0.00427  	-0.0398  	0.10221  	
-0.8273  	-0.0973  	-0.6333  	-1.6527  	-0.7662  	-1.5932  	0.24976  	0.19672  	0.07808  	0.42628  	0.52854  	0.01752  	0.28424  	-0.0323  	-0.3851  	0.45220  	-0.1811  	-0.0418  	0.08372  	0.19552  	-0.0341  	0.25779  	-0.4510  	0.32796  	0.64233  	-0.3349  	0.06955  	-0.4124  	0.12798  	0.40708  	0.26606  	0.05638  	-0.1637  	0.01351  	0.31615  	0.03693  	0.19833  	0.06680  	-0.5830  	0.32555  	0.31026  	0.03438  	-0.1450  	0.37192  	0.02694  	-0.0758  	0.02797  	-0.0025  	0.02114  	-0.0947  	-0.0066  	-0.0486  	-0.0403  	0.01418  	-0.0427  	-0.0662  	0.02472  	0.00692  	-0.0341  	0.01952  	0.00359  	-0.0083  	0.07876  	-0.0045  	0.14880  	-0.0095  	0.03107  	0.00427  	-0.0398  	0.10221  	
-0.7607  	-0.0860  	-0.5697  	-1.6975  	-0.7857  	-1.6194  	0.29740  	0.19412  	0.10938  	0.41731  	0.49816  	0.00335  	0.27849  	-0.0122  	-0.3376  	0.44672  	-0.1673  	-0.0139  	0.08285  	0.13539  	-0.0026  	0.27305  	-0.4493  	0.32272  	0.69743  	-0.3692  	0.13337  	-0.4914  	0.09113  	0.40646  	0.22103  	0.05818  	-0.1520  	0.01102  	0.35616  	0.01065  	0.25679  	0.09816  	-0.5958  	0.32118  	0.30235  	0.04337  	-0.1322  	0.36746  	0.02187  	-0.0787  	0.02822  	-0.0123  	0.03273  	-0.0948  	0.00210  	-0.0529  	-0.0355  	0.01919  	-0.0443  	-0.0568  	0.02390  	0.00627  	-0.0323  	0.02440  	-1.3602  	-0.0093  	0.07823  	-0.0034  	0.14880  	-0.0095  	0.03107  	0.00427  	-0.0398  	0.10221  	
-0.9004  	-0.1175  	-0.5741  	-2.0436  	-1.0250  	-1.6673  	0.27118  	0.15853  	0.05980  	0.44714  	0.62548  	-0.1617  	0.15224  	-0.2721  	-0.4950  	0.35316  	-0.1078  	-0.0255  	0.12812  	0.07044  	0.02803  	0.27846  	-0.2993  	0.33369  	0.72141  	-0.3699  	0.19305  	-0.5877  	0.03945  	0.37344  	0.25060  	0.07742  	-0.2161  	-0.0001  	0.25018  	0.03934  	0.33372  	0.12033  	-0.6008  	0.28654  	0.35196  	0.01609  	-0.1220  	0.38837  	0.02564  	-0.0693  	0.02199  	-0.0191  	0.01235  	-0.0828  	-0.0099  	-0.0487  	-0.0272  	0.01950  	-0.0405  	-0.0680  	0.01900  	0.00858  	-0.0317  	0.01662  	0.00127  	-0.0088  	0.07488  	-0.0088  	0.14880  	-0.0095  	0.03107  	0.00427  	-0.0398  	0.10221  	
-0.9347  	-0.1527  	-0.5283  	-2.1250  	-1.1448  	-1.6108  	0.28085  	0.06949  	0.06833  	0.44142  	0.58190  	-0.2546  	0.12778  	-0.4130  	-0.6074  	0.38205  	-0.0917  	-0.0560  	0.13752  	0.02811  	-0.0516  	0.30469  	-0.2206  	0.29496  	0.71460  	-0.3307  	0.17690  	-0.5730  	0.05084  	0.36690  	0.25396  	0.08705  	-0.2346  	-0.0090  	0.15992  	0.06605  	0.32901  	0.13154  	-0.5986  	0.28429  	0.42068  	0.01884  	-0.0856  	0.41475  	0.01583  	-0.0762  	0.02280  	0.00166  	0.02379  	-0.0920  	-0.0118  	-0.0421  	-0.0312  	0.02104  	-0.0365  	-0.0648  	0.01625  	0.00596  	-0.0272  	0.01500  	0.00161  	-0.0106  	0.07308  	-0.0048  	0.14880  	-0.0095  	0.03107  	0.00427  	-0.0398  	0.10221  	
-0.8688  	-0.0963  	-0.4937  	-2.0454  	-1.0776  	-1.5731  	0.27946  	0.09156  	0.05740  	0.42493  	0.49011  	-0.1924  	0.14312  	-0.3764  	-0.5347  	0.41923  	-0.0809  	-0.0445  	0.10730  	0.02951  	-0.0861  	0.30913  	-0.2248  	0.27826  	0.67398  	-0.3362  	0.15370  	-0.5369  	0.07211  	0.37066  	0.26742  	0.07942  	-0.2200  	0.00666  	0.13455  	0.04317  	0.29230  	0.13176  	-0.5816  	0.29431  	0.44012  	0.01050  	-0.0808  	0.41974  	0.00548  	-0.0775  	0.02338  	0.00184  	0.02282  	-0.0872  	-0.0124  	-0.0408  	-0.0325  	0.01933  	-0.0397  	-0.0682  	0.01435  	0.00288  	-0.0330  	0.01604  	0.00071  	-0.0035  	0.06984  	-0.0073  	0.14880  	-0.0095  	0.03107  	0.00427  	-0.0398  	0.10221  	
-0.8826  	-0.1057  	-0.5188  	-1.9731  	-1.0304  	-1.6235  	0.25247  	0.09969  	0.06074  	0.44152  	0.50517  	-0.1034  	0.17595  	-0.3521  	-0.5339  	0.45675  	-0.1132  	-0.0057  	0.11635  	0.04204  	-0.1277  	0.30068  	-0.2371  	0.25466  	0.63283  	-0.3300  	0.06983  	-0.4827  	0.11030  	0.35603  	0.28646  	0.07085  	-0.2017  	0.02169  	0.15084  	0.04196  	0.25259  	0.11482  	-0.5751  	0.30070  	0.43572  	0.01054  	-0.0864  	0.41434  	-0.0036  	-0.0779  	0.02317  	0.00566  	0.02165  	-0.0860  	-0.0110  	-0.0403  	-0.0314  	0.01496  	-0.0373  	-0.0649  	0.01193  	-0.0010  	-0.0333  	0.01211  	0.00860  	0.00292  	0.06892  	-0.0058  	0.14880  	-0.0095  	0.03107  	0.00427  	-0.0398  	0.10221  	
-0.9855  	-0.1420  	-0.5720  	-2.0326  	-1.0414  	-1.7157  	0.24603  	0.07710  	0.05402  	0.49755  	0.53494  	-0.1139  	0.18036  	-0.3019  	-0.5936  	0.44047  	-0.1522  	0.01957  	0.12759  	0.05344  	-0.1360  	0.28417  	-0.2528  	0.26953  	0.62493  	-0.3363  	0.06955  	-0.4581  	0.10342  	0.34711  	0.30274  	0.07045  	-0.2087  	0.02056  	0.18525  	0.06411  	0.22432  	0.08064  	-0.5761  	0.30716  	0.41284  	0.00866  	-0.0925  	0.40570  	0.00344  	-0.0788  	0.02013  	0.00726  	0.02119  	-0.0910  	-0.0115  	-0.0435  	-0.0336  	0.01514  	-0.0345  	-0.0638  	0.01048  	-0.0006  	-0.0255  	0.01838  	0.01245  	0.00147  	0.06908  	-0.0085  	0.14880  	-0.0095  	0.03107  	0.00427  	-0.0398  	0.10221  	
-0.9876  	-0.1219  	-0.5854  	-2.0483  	-1.0334  	-1.7634  	0.30860  	0.09276  	0.06301  	0.48094  	0.63506  	-0.1451  	0.15085  	-0.2793  	-0.5907  	0.40551  	-0.1436  	0.00161  	0.10845  	0.08093  	-0.1169  	0.29661  	-0.3207  	0.28763  	0.66480  	-0.3548  	0.11744  	-0.5010  	0.09779  	0.35312  	0.27515  	0.07026  	-0.2083  	0.01833  	0.23406  	0.07499  	0.26038  	0.09870  	-0.6045  	0.29432  	0.38621  	0.02508  	-0.1058  	0.38823  	0.00977  	-0.0799  	0.02359  	0.00060  	0.02669  	-0.0951  	-0.0033  	-0.0473  	-0.0341  	0.01797  	-0.0357  	-0.0586  	0.01140  	-0.0004  	-0.0312  	0.02037  	0.00826  	-0.0020  	0.07729  	-0.0083  	0.14880  	-0.0095  	0.03107  	0.00427  	-0.0398  	0.10221  	
-1.0295  	-0.1543  	-0.6471  	-2.0954  	-1.0416  	-1.7945  	0.30510  	0.06814  	0.03357  	0.48287  	0.71639  	-0.1738  	0.11615  	-0.3789  	-0.6132  	0.40900  	-0.1540  	-0.0096  	0.12033  	0.07593  	-0.0660  	0.28566  	-0.3126  	0.29553  	0.65649  	-0.3485  	0.13299  	-0.5224  	0.08050  	0.35220  	0.27991  	0.07586  	-0.2198  	0.00504  	0.23079  	0.08347  	0.30411  	0.11524  	-0.6156  	0.28584  	0.39537  	0.03205  	-0.1211  	0.38108  	0.01769  	-0.0758  	0.02426  	-0.0153  	0.02000  	-0.0920  	-0.0090  	-0.0470  	-0.0283  	0.01515  	-0.0401  	-0.0600  	0.01222  	0.00168  	-0.0301  	0.01946  	0.00899  	0.00034  	0.07627  	-0.0090  	0.14880  	-0.0095  	0.03107  	0.00427  	-0.0398  	0.10221  	
-1.0743  	-0.1783  	-0.6159  	-2.1669  	-1.0811  	-1.8245  	0.28503  	0.02612  	0.03100  	0.50650  	0.71113  	-0.1721  	0.10439  	-0.4070  	-0.7234  	0.40853  	-0.1412  	0.00449  	0.10994  	0.06883  	-0.0599  	0.26866  	-0.2922  	0.29508  	0.61772  	-0.3316  	0.11595  	-0.5538  	0.02843  	0.33355  	0.28760  	0.07760  	-0.2203  	0.00131  	0.21398  	0.07044  	0.30623  	0.11129  	-0.6163  	0.26441  	0.41661  	0.02371  	-0.1120  	0.38708  	0.02721  	-0.0761  	0.02042  	-0.0186  	0.01381  	-0.0904  	-0.0174  	-0.0449  	-0.0271  	0.01022  	-0.0430  	-0.0629  	0.00743  	0.00507  	-0.0325  	0.01522  	0.00583  	-0.0013  	0.07796  	-0.0110  	0.14880  	-0.0095  	0.03107  	0.00427  	-0.0398  	0.10221  	
-1.0360  	-0.1634  	-0.5694  	-2.1325  	-1.0797  	-1.7851  	0.27174  	0.06015  	0.06430  	0.48388  	0.66363  	-0.1465  	0.10575  	-0.3879  	-0.7089  	0.43597  	-0.1390  	0.00070  	0.11930  	0.07791  	-0.0535  	0.24812  	-0.2670  	0.29876  	0.59449  	-0.3353  	0.09616  	-0.5658  	0.05106  	0.33947  	0.29497  	0.07557  	-0.2149  	0.00818  	0.21292  	0.04639  	0.29371  	0.11708  	-0.6064  	0.27581  	0.41704  	0.02625  	-0.1057  	0.40097  	0.02351  	-0.0762  	0.02447  	-0.0209  	0.02413  	-0.0944  	-0.0166  	-0.0456  	-0.0255  	0.01426  	-0.0396  	-0.0650  	0.00872  	0.00487  	-0.0329  	0.01246  	0.00713  	-0.0024  	0.08048  	-0.0093  	0.14880  	-0.0095  	0.03107  	0.00427  	-0.0398  	0.10221  	
-0.9185  	-0.1308  	-0.5263  	-2.0190  	-1.0455  	-1.6946  	0.26668  	0.11026  	0.07833  	0.42303  	0.59877  	-0.1219  	0.13348  	-0.3065  	-0.5744  	0.46501  	-0.1052  	-0.0103  	0.12437  	0.06844  	-0.0242  	0.25920  	-0.2489  	0.30852  	0.59036  	-0.3407  	0.08307  	-0.5725  	0.05247  	0.33826  	0.28376  	0.07712  	-0.2053  	0.00495  	0.22280  	0.01306  	0.31262  	0.12340  	-0.6063  	0.29074  	0.41369  	0.02186  	-0.1038  	0.40166  	0.01617  	-0.0759  	0.02836  	-0.0172  	0.02702  	-0.0935  	-0.0086  	-0.0457  	-0.0279  	0.01696  	-0.0363  	-0.0650  	0.01315  	0.00686  	-0.0335  	0.01898  	0.00421  	-0.0011  	0.08014  	-0.0075  	0.14880  	-0.0095  	0.03107  	0.00427  	-0.0398  	0.10221  	
-0.7921  	-0.0578  	-0.4657  	-1.9152  	-0.9809  	-1.6043  	0.25142  	0.15317  	0.08755  	0.38572  	0.56912  	-0.0955  	0.16668  	-0.2025  	-0.4736  	0.47430  	-0.1122  	-0.0603  	0.11341  	0.06465  	0.02274  	0.27739  	-0.2820  	0.30396  	0.59913  	-0.3467  	0.09570  	-0.5617  	0.02543  	0.34464  	0.26466  	0.07638  	-0.1653  	0.01811  	0.25787  	0.00165  	0.35620  	0.12744  	-0.6186  	0.27436  	0.40027  	0.01341  	-0.1017  	0.39563  	0.01258  	-0.0632  	0.02803  	-0.0151  	0.01254  	-0.0871  	-0.0134  	-0.0456  	-0.0298  	0.01731  	-0.0434  	-0.0632  	0.01049  	0.00227  	-0.0330  	0.01801  	0.00553  	-0.0066  	0.06977  	-0.0116  	0.14880  	-0.0095  	0.03107  	0.00427  	-0.0398  	0.10221  	
-0.5927  	0.01442  	-0.3654  	-1.8177  	-0.9905  	-1.4956  	0.26183  	0.23019  	0.12245  	0.32167  	0.59670  	-0.1092  	0.20073  	-0.0591  	-0.3297  	0.51183  	-0.1431  	-0.0972  	0.10775  	0.03084  	0.17125  	0.27184  	-0.2810  	0.33777  	0.60030  	-0.3611  	0.18306  	-0.6797  	-0.1003  	0.34271  	0.26624  	0.09227  	-0.1507  	0.00287  	0.37759  	-0.0732  	0.43191  	0.15667  	-0.6814  	0.26015  	0.37211  	0.02403  	-0.1125  	0.38634  	0.00849  	-0.0657  	0.03207  	-0.0208  	0.01100  	-0.0783  	-0.0149  	-0.0446  	-0.0240  	0.01698  	-0.0452  	-0.0589  	0.00841  	-0.0027  	-0.0410  	0.01649  	0.00583  	0.00576  	0.07350  	-0.0112  	0.14880  	-0.0095  	0.03107  	0.00427  	-0.0398  	0.10221  	
-0.7283  	-0.0903  	-0.4880  	-1.8791  	-0.9807  	-1.5923  	0.27647  	0.06683  	0.07501  	0.45092  	0.56608  	-0.0839  	0.18573  	-0.2498  	-0.5375  	0.50242  	-0.1259  	-0.0297  	0.07672  	0.11005  	-0.0819  	0.27245  	-0.3618  	0.26909  	0.64524  	-0.3401  	0.04957  	-0.4513  	0.05757  	0.35992  	0.26027  	0.08427  	-0.1893  	0.00919  	0.23749  	0.07098  	0.26288  	0.10261  	-0.5941  	0.30755  	0.39038  	0.02032  	-0.0999  	0.37407  	0.00978  	-0.0736  	0.03139  	0.00657  	0.02532  	-0.0798  	-0.0020  	-0.0448  	-0.0256  	0.01501  	-0.0413  	-0.0578  	0.01652  	0.00155  	-0.0323  	0.01802  	-0.0004  	-0.0017  	0.07627  	-0.0059  	0.14880  	-0.0095  	0.03107  	0.00427  	-0.0398  	0.10221  	
-0.6451  	-0.1331  	-0.5097  	-1.8165  	-0.9662  	-1.5461  	0.31507  	0.09548  	0.06808  	0.41193  	0.58417  	-0.1660  	0.17679  	-0.3147  	-0.5018  	0.54177  	-0.1279  	-0.0295  	0.10036  	0.13616  	-0.0621  	0.28270  	-0.4373  	0.37509  	0.77012  	-0.3727  	0.15933  	-0.4971  	0.03113  	0.37330  	0.21974  	0.12804  	-0.2174  	-0.0187  	0.29806  	0.08386  	0.32127  	0.11115  	-0.6309  	0.32379  	0.35849  	0.01815  	-0.1250  	0.39034  	0.01538  	-0.0699  	0.02233  	-0.0045  	0.03195  	-0.0887  	0.00713  	-0.0448  	-0.0247  	0.01801  	-0.0374  	-0.0583  	0.01884  	0.00547  	-0.0316  	0.02549  	-0.0043  	-0.0156  	0.07343  	-0.0075  	0.14880  	-0.0095  	0.03107  	0.00427  	-0.0398  	0.10221  	
-0.6846  	-0.1055  	-0.5031  	-1.7256  	-0.8875  	-1.5013  	0.26650  	0.07335  	0.02405  	0.35720  	0.48847  	-0.1454  	0.15561  	-0.3580  	-0.4600  	0.56322  	-0.1217  	-0.0599  	0.13479  	0.10637  	-0.0472  	0.28141  	-0.4344  	0.39520  	0.83422  	-0.3799  	0.28907  	-0.5148  	0.02927  	0.43528  	0.18560  	0.14048  	-0.2442  	-0.0072  	0.31402  	0.12452  	0.32741  	0.12710  	-0.6413  	0.31899  	0.32659  	0.04014  	-0.1371  	0.39325  	0.01589  	-0.0696  	0.01643  	0.00029  	0.02859  	-0.0982  	0.00937  	-0.0424  	-0.0204  	0.01527  	-0.0423  	-0.0563  	0.02943  	0.00881  	-0.0247  	0.02460  	-0.0103  	-0.0299  	0.07926  	-0.0169  	0.14880  	-0.0095  	0.03107  	0.00427  	-0.0398  	0.10221  	
-0.4672  	-0.0283  	-0.3703  	-1.4323  	-0.7373  	-1.3223  	0.27602  	0.19186  	0.05873  	0.28168  	0.25733  	-0.1342  	0.23483  	-0.1418  	-0.1439  	0.55281  	-0.0998  	-0.1170  	0.12718  	0.03676  	0.01811  	0.28999  	-0.3944  	0.39832  	0.89937  	-0.4181  	0.40253  	-0.6118  	0.04601  	0.50466  	0.16902  	0.13559  	-0.2372  	0.00562  	0.38475  	0.04735  	0.33209  	0.13684  	-0.6301  	0.34026  	0.25656  	0.05378  	-0.1288  	0.38845  	0.01292  	-0.0668  	0.01130  	0.00862  	0.04233  	-0.1157  	0.01685  	-0.0415  	-0.0277  	0.01985  	-0.0483  	-0.0430  	0.01663  	0.00249  	-0.0221  	0.02749  	-0.0027  	-0.0243  	0.07614  	-0.0258  	0.14880  	-0.0095  	0.03107  	0.00427  	-0.0398  	0.10221  	
-0.3476  	0.01686  	-0.2887  	-1.4624  	-0.7509  	-1.2654  	0.27851  	0.28049  	0.09408  	0.29564  	0.33946  	-0.1632  	0.23067  	-0.0671  	-0.1256  	0.56254  	-0.1168  	-0.1765  	0.13694  	-0.0691  	0.19439  	0.35818  	-0.3296  	0.47152  	0.84115  	-0.4363  	0.41436  	-0.7992  	-0.1088  	0.45195  	0.20024  	0.15823  	-0.2247  	-0.0034  	0.44162  	0.00384  	0.47632  	0.15747  	-0.6646  	0.31418  	0.26661  	0.04567  	-0.1077  	0.40764  	0.00226  	-0.0678  	0.00612  	0.00798  	0.03513  	-0.1077  	-0.0060  	-0.0412  	-0.0240  	0.01494  	-0.0445  	-0.0356  	0.01318  	0.00031  	-0.0413  	0.02708  	-0.0020  	-0.0157  	0.07006  	-0.0189  	0.14880  	-0.0095  	0.03107  	0.00427  	-0.0398  	0.10221  	
-0.3941  	-0.0036  	-0.2733  	-1.6958  	-0.8794  	-1.3338  	0.26301  	0.20065  	0.07040  	0.36795  	0.65895  	-0.1415  	0.14568  	-0.2149  	-0.4251  	0.62113  	-0.1697  	-0.1243  	0.15426  	-0.0007  	0.18397  	0.35309  	-0.3577  	0.49735  	0.75154  	-0.4375  	0.39186  	-0.7806  	-0.1324  	0.37395  	0.17790  	0.14458  	-0.2303  	-0.0257  	0.47198  	0.06751  	0.48848  	0.15997  	-0.7089  	0.28749  	0.28521  	0.05789  	-0.1355  	0.38109  	0.01815  	-0.0728  	0.00655  	0.00552  	0.03327  	-0.0827  	0.00612  	-0.0459  	-0.0180  	0.01749  	-0.0456  	-0.0495  	0.01447  	0.00045  	-0.0285  	0.01897  	-0.0013  	-0.0148  	0.07048  	-0.0175  	0.14880  	-0.0095  	0.03107  	0.00427  	-0.0398  	0.10221  	
-0.5559  	-0.0726  	-0.2906  	-1.8367  	-0.9517  	-1.4287  	0.24451  	0.16903  	0.03431  	0.43392  	0.69566  	-0.1280  	0.15330  	-0.4130  	-0.5940  	0.65453  	-0.0849  	-0.1903  	0.20709  	-0.2065  	0.08924  	0.03742  	-0.6713  	0.38420  	0.69741  	-0.3183  	0.25305  	-0.6937  	0.07416  	0.36038  	0.31624  	0.08503  	-0.3163  	-0.1749  	0.30828  	0.12251  	0.30381  	0.13237  	-0.7578  	0.23402  	0.41527  	0.18480  	-0.2249  	0.46321  	-0.0474  	-0.0483  	-0.0132  	0.01034  	0.02037  	-0.1069  	0.01743  	-0.0439  	-0.0227  	0.03624  	-0.0251  	-0.0546  	0.01628  	-0.0063  	-0.0290  	0.03228  	-0.0012  	-0.0190  	0.06101  	-0.0075  	0.14880  	-0.0095  	0.03107  	0.00427  	-0.0398  	0.10221  	
-0.7200  	-0.0987  	-0.3337  	-1.9408  	-1.0354  	-1.5647  	0.20791  	0.20417  	0.00825  	0.44372  	0.65013  	-0.1244  	0.20376  	-0.4864  	-0.6069  	0.50044  	0.00693  	-0.3175  	0.27270  	-0.4135  	0.04997  	-0.1732  	-0.8449  	0.34663  	0.62643  	-0.1832  	0.19632  	-0.6882  	0.17335  	0.33350  	0.42649  	0.04969  	-0.3898  	-0.3079  	0.19144  	0.09144  	0.17728  	0.12472  	-0.8435  	0.17551  	0.51500  	0.27530  	-0.3118  	0.54526  	-0.0955  	-0.0413  	-0.0175  	0.02284  	0.00874  	-0.1122  	0.02058  	-0.0423  	-0.0239  	0.05484  	-0.0218  	-0.0640  	0.01181  	-0.0164  	-0.0251  	0.04089  	0.00204  	-0.0180  	0.03987  	-0.0105  	0.14880  	-0.0095  	0.03107  	0.00427  	-0.0398  	0.10221  	
-0.9269  	-0.1155  	-0.4491  	-1.9575  	-1.0732  	-1.6844  	0.14904  	0.16205  	-0.0210  	0.40511  	0.68889  	-0.1102  	0.17951  	-0.4912  	-0.5598  	0.41631  	0.08414  	-0.4198  	0.29797  	-0.4980  	0.16785  	-0.2100  	-0.8347  	0.40163  	0.61848  	-0.1743  	0.25678  	-0.8186  	0.13090  	0.33870  	0.45696  	0.01641  	-0.4347  	-0.3618  	0.19848  	0.08041  	0.21107  	0.12352  	-0.9122  	0.11710  	0.49683  	0.31662  	-0.3689  	0.53459  	-0.1024  	-0.0234  	-0.0159  	0.00568  	-0.0124  	-0.1017  	0.01347  	-0.0340  	-0.0207  	0.06207  	-0.0208  	-0.0677  	0.01159  	-0.0149  	-0.0267  	0.03876  	0.00103  	-0.0240  	0.03926  	-0.0092  	0.14880  	-0.0095  	0.03107  	0.00427  	-0.0398  	0.10221  	
-0.8983  	-0.0991  	-0.4693  	-2.0387  	-1.1315  	-1.6953  	0.18026  	0.14643  	-0.0165  	0.34105  	0.67774  	-0.1995  	0.14354  	-0.4685  	-0.4476  	0.30392  	0.08703  	-0.3741  	0.27245  	-0.5217  	0.17069  	-0.1572  	-0.6830  	0.39905  	0.57069  	-0.1701  	0.23617  	-0.8215  	0.08423  	0.33466  	0.46242  	0.03652  	-0.4379  	-0.3136  	0.18005  	0.02299  	0.24310  	0.14047  	-0.8985  	0.10445  	0.50498  	0.27172  	-0.3384  	0.54319  	-0.0877  	-0.0369  	-0.0216  	0.00298  	-0.0135  	-0.0953  	0.00964  	-0.0436  	-0.0226  	0.05840  	-0.0215  	-0.0641  	0.01796  	-0.0118  	-0.0197  	0.02851  	0.00199  	-0.0142  	0.04642  	-0.0110  	0.14880  	-0.0095  	0.03107  	0.00427  	-0.0398  	0.10221  	
-0.7127  	-0.1117  	-0.4182  	-1.8794  	-0.9991  	-1.5520  	0.20590  	0.13744  	0.02458  	0.42420  	0.64614  	-0.1208  	0.15288  	-0.4205  	-0.5663  	0.50426  	-0.0250  	-0.2222  	0.21223  	-0.2451  	0.08345  	0.01647  	-0.5496  	0.37358  	0.62688  	-0.2704  	0.21417  	-0.7374  	0.00716  	0.36072  	0.36210  	0.07674  	-0.3272  	-0.1807  	0.25061  	0.06136  	0.32425  	0.12179  	-0.7916  	0.21212  	0.41576  	0.16640  	-0.2385  	0.47292  	-0.0435  	-0.0502  	0.00287  	0.00039  	0.00855  	-0.1015  	0.00672  	-0.0436  	-0.0253  	0.03459  	-0.0316  	-0.0664  	0.01354  	-0.0034  	-0.0317  	0.02736  	-0.0047  	-0.0185  	0.06008  	-0.0061  	0.14880  	-0.0095  	0.03107  	0.00427  	-0.0398  	0.10221  	
-0.7249  	-0.1225  	-0.4240  	-1.9211  	-1.0067  	-1.5545  	0.24836  	0.07320  	0.03446  	0.51673  	0.66566  	-0.0746  	0.10483  	-0.4277  	-0.8385  	0.65543  	-0.1511  	0.03483  	0.11279  	0.10368  	-0.1029  	0.23942  	-0.4286  	0.32163  	0.72707  	-0.3696  	0.15511  	-0.5178  	0.02020  	0.36856  	0.22968  	0.11615  	-0.2108  	-0.0143  	0.28117  	0.13908  	0.32549  	0.10497  	-0.6070  	0.31837  	0.36818  	0.03176  	-0.0950  	0.39599  	0.02237  	-0.0671  	0.02553  	0.00058  	0.03709  	-0.0922  	0.00817  	-0.0522  	-0.0285  	0.01509  	-0.0325  	-0.0618  	0.02396  	0.00191  	-0.0341  	0.01856  	-0.0067  	-0.0160  	0.07485  	-0.0059  	0.14880  	-0.0095  	0.03107  	0.00427  	-0.0398  	0.10221  	
-0.8116  	-0.1043  	-0.4828  	-2.0001  	-1.0844  	-1.6523  	0.26939  	0.05571  	-0.0079  	0.52923  	0.59948  	-0.1556  	0.10786  	-0.3393  	-0.7383  	0.54192  	-0.1707  	-0.0235  	0.13282  	0.04394  	-0.0711  	0.28630  	-0.3792  	0.32650  	0.76757  	-0.3893  	0.23473  	-0.5601  	0.06432  	0.37524  	0.21798  	0.11441  	-0.2398  	-0.0260  	0.29011  	0.15732  	0.32264  	0.10398  	-0.6351  	0.31366  	0.36769  	0.02828  	-0.1196  	0.40290  	0.02711  	-0.0841  	0.03192  	-0.0076  	0.03364  	-0.1021  	0.00818  	-0.0496  	-0.0246  	0.01998  	-0.0372  	-0.0661  	0.02530  	0.00019  	-0.0356  	0.02078  	-0.0033  	-0.0172  	0.08694  	-0.0080  	0.14880  	-0.0095  	0.03107  	0.00427  	-0.0398  	0.10221  	
-1.1285  	-0.1453  	-0.6618  	-2.1894  	-1.0611  	-1.8457  	0.35061  	0.00437  	-0.0173  	0.57948  	0.71664  	-0.1442  	0.11542  	-0.3091  	-0.7430  	0.44775  	-0.1474  	-0.0633  	0.13069  	0.05483  	-0.0685  	0.33026  	-0.3040  	0.42040  	0.77476  	-0.3721  	0.24369  	-0.6213  	0.00315  	0.39210  	0.27313  	0.07358  	-0.2192  	0.00618  	0.26565  	0.16068  	0.29349  	0.09079  	-0.6584  	0.28953  	0.34933  	0.04685  	-0.1635  	0.36770  	0.03096  	-0.0846  	0.02810  	-0.0201  	0.02254  	-0.0771  	0.00384  	-0.0505  	-0.0366  	0.01109  	-0.0360  	-0.0616  	0.01903  	0.00563  	-0.0228  	0.01996  	0.00147  	0.00742  	0.07892  	-0.0138  	0.14880  	-0.0095  	0.03107  	0.00427  	-0.0398  	0.10221  	
-1.2916  	-0.2436  	-0.7107  	-2.4057  	-1.1660  	-1.9149  	0.23533  	-0.0028  	-0.0217  	0.55454  	0.85353  	-0.2269  	0.12339  	-0.3377  	-0.7276  	0.29107  	-0.0969  	-0.0878  	0.15454  	0.00101  	0.02327  	0.25640  	-0.2312  	0.42758  	0.65763  	-0.3308  	0.21196  	-0.6892  	-0.0723  	0.35377  	0.29147  	0.08390  	-0.2002  	0.00095  	0.23754  	0.07941  	0.33078  	0.10462  	-0.6282  	0.27175  	0.33766  	0.05552  	-0.1625  	0.36095  	0.03257  	-0.0657  	0.02214  	-0.0273  	0.01290  	-0.0680  	-0.0245  	-0.0478  	-0.0293  	0.02386  	-0.0414  	-0.0743  	0.01463  	0.01129  	-0.0286  	0.02414  	0.00969  	0.00414  	0.07079  	-0.0203  	0.14880  	-0.0095  	0.03107  	0.00427  	-0.0398  	0.10221  	
-0.8952  	-0.0800  	-0.5463  	-1.8918  	-0.9926  	-1.6876  	0.24370  	0.27007  	0.09293  	0.41632  	0.74136  	-0.0492  	0.19593  	-0.0705  	-0.4290  	0.31818  	-0.1300  	-0.1151  	0.12011  	0.10852  	0.14544  	0.26327  	-0.3531  	0.46716  	0.64013  	-0.3568  	0.16120  	-0.6291  	-0.0503  	0.36020  	0.25681  	0.07329  	-0.2133  	0.00496  	0.32066  	-0.0083  	0.32894  	0.08557  	-0.5801  	0.31385  	0.29097  	0.03943  	-0.1761  	0.34828  	0.02093  	-0.0621  	0.01632  	-0.0154  	0.00864  	-0.0929  	7.97903  	-0.0456  	-0.0452  	0.01683  	-0.0566  	-0.0582  	0.02233  	0.00363  	-0.0274  	0.02117  	0.00345  	0.00098  	0.06437  	-0.0122  	0.14880  	-0.0095  	0.03107  	0.00427  	-0.0398  	0.10221  	
-0.5509  	0.01297  	-0.4449  	-1.5911  	-0.8980  	-1.3997  	0.29213  	0.31253  	0.12121  	0.30393  	0.21850  	-0.0106  	0.31169  	0.10347  	-0.0240  	0.47349  	-0.1104  	-0.1073  	0.15172  	0.02182  	0.08540  	0.35521  	-0.2564  	0.38159  	0.69088  	-0.3605  	0.27859  	-0.6848  	-0.0072  	0.43191  	0.25834  	0.06806  	-0.1853  	0.00941  	0.32912  	-0.0281  	0.31617  	0.11036  	-0.6050  	0.30596  	0.31389  	0.01312  	-0.1080  	0.40152  	0.01251  	-0.0860  	0.02362  	0.02277  	0.04290  	-0.0795  	-0.0103  	-0.0476  	-0.0389  	0.01327  	-0.0471  	-0.0525  	0.01283  	0.00109  	-0.0381  	0.01382  	0.00285  	-0.0067  	0.07778  	-0.0077  	0.14880  	-0.0095  	0.03107  	0.00427  	-0.0398  	0.10221  	
-0.3648  	0.06483  	-0.3806  	-1.3904  	-0.7562  	-1.2057  	0.24555  	0.27731  	0.13117  	0.28466  	0.25193  	-0.0802  	0.30930  	-0.0260  	-0.0744  	0.55279  	-0.1215  	-0.1562  	0.14090  	-0.0065  	0.14576  	0.34088  	-0.3524  	0.46339  	0.75815  	-0.4463  	0.34692  	-0.7714  	-0.0615  	0.38760  	0.21115  	0.14752  	-0.2018  	-0.0027  	0.42109  	-0.0376  	0.40042  	0.16490  	-0.6427  	0.33110  	0.31816  	0.00368  	-0.0948  	0.40406  	0.00705  	-0.0689  	0.01233  	0.01288  	0.04270  	-0.0990  	-0.0120  	-0.0477  	-0.0314  	0.01473  	-0.0373  	-0.0414  	0.01924  	-0.0008  	-0.0295  	0.02030  	0.01096  	0.01403  	0.08290  	-0.0114  	0.14880  	-0.0095  	0.03107  	0.00427  	-0.0398  	0.10221  	
-0.4708  	-0.0331  	-0.3266  	-1.6304  	-0.8397  	-1.3496  	0.23029  	0.12396  	0.05834  	0.36198  	0.51238  	-0.0910  	0.16629  	-0.2710  	-0.4609  	0.63078  	-0.1493  	-0.0930  	0.15682  	0.04593  	0.05063  	0.30166  	-0.4167  	0.47132  	0.75289  	-0.4161  	0.32787  	-0.6832  	-0.0145  	0.42697  	0.18520  	0.11926  	-0.2381  	-0.0284  	0.40283  	0.11062  	0.39712  	0.13080  	-0.6594  	0.31836  	0.28692  	0.05025  	-0.1373  	0.39735  	0.01138  	-0.0704  	0.01280  	0.00864  	0.03523  	-0.0880  	0.00894  	-0.0486  	-0.0202  	0.01181  	-0.0433  	-0.0455  	0.02315  	0.00144  	-0.0215  	0.02057  	-0.0032  	-0.0220  	0.07900  	-0.0183  	0.14880  	-0.0095  	0.03107  	0.00427  	-0.0398  	0.10221  	
-0.6096  	-0.1293  	-0.3981  	-1.7032  	-0.8682  	-1.4851  	0.27509  	0.06683  	0.01802  	0.45481  	0.53946  	-0.1388  	0.12305  	-0.3968  	-0.5707  	0.68945  	-0.1480  	-0.0530  	0.16057  	0.04806  	-0.0100  	0.28769  	-0.4444  	0.42183  	0.88261  	-0.4251  	0.35614  	-0.5886  	-0.0056  	0.44287  	0.18370  	0.14096  	-0.2622  	-0.0350  	0.33829  	0.18536  	0.37118  	0.12300  	-0.6270  	0.32575  	0.27834  	0.05294  	-0.1388  	0.40828  	0.01625  	-0.0692  	0.01836  	0.00187  	0.03450  	-0.0966  	0.01690  	-0.0450  	-0.0171  	0.01585  	-0.0315  	-0.0526  	0.02298  	0.00693  	-0.0289  	0.02711  	-0.0039  	-0.0358  	0.08557  	-0.0123  	0.14880  	-0.0095  	0.03107  	0.00427  	-0.0398  	0.10221  	
-0.6855  	-0.1112  	-0.4616  	-1.7163  	-0.8827  	-1.4581  	0.27732  	0.02652  	-0.0156  	0.39957  	0.52864  	-0.1970  	0.08674  	-0.3836  	-0.5383  	0.58651  	-0.1068  	-0.0951  	0.13695  	0.03141  	-0.0309  	0.29224  	-0.4083  	0.41642  	0.87614  	-0.4177  	0.34339  	-0.5804  	0.00124  	0.46709  	0.18454  	0.15323  	-0.2805  	-0.0083  	0.34189  	0.18165  	0.38004  	0.12857  	-0.6368  	0.30219  	0.29659  	0.03487  	-0.1399  	0.38694  	0.02276  	-0.0684  	0.00946  	-0.0152  	0.02961  	-0.0906  	0.01687  	-0.0422  	-0.0224  	0.01706  	-0.0321  	-0.0513  	0.02307  	0.01292  	-0.0301  	0.01943  	-0.0077  	-0.0314  	0.08462  	-0.0162  	0.14880  	-0.0095  	0.03107  	0.00427  	-0.0398  	0.10221  	
-0.5801  	-0.0984  	-0.3890  	-1.6805  	-0.8440  	-1.4404  	0.28363  	0.08776  	0.00936  	0.44281  	0.56600  	-0.1421  	0.13411  	-0.3580  	-0.5814  	0.67215  	-0.1440  	-0.0939  	0.15675  	0.04377  	-0.0166  	0.28930  	-0.4344  	0.41875  	0.86836  	-0.4270  	0.35177  	-0.5932  	-0.0501  	0.45131  	0.18512  	0.15095  	-0.2754  	-0.0234  	0.34063  	0.16462  	0.39531  	0.13514  	-0.6415  	0.30982  	0.28647  	0.05810  	-0.1390  	0.38591  	0.02804  	-0.0701  	0.00777  	-0.0064  	0.03768  	-0.0978  	0.01516  	-0.0456  	-0.0170  	0.01757  	-0.0328  	-0.0540  	0.02374  	0.00577  	-0.0295  	0.02188  	-0.0072  	-0.0261  	0.08316  	-0.0125  	0.14880  	-0.0095  	0.03107  	0.00427  	-0.0398  	0.10221  	
-0.6205  	-0.0958  	-0.3812  	-1.6890  	-0.8789  	-1.4183  	0.26707  	0.06098  	0.03352  	0.35792  	0.50556  	-0.1509  	0.11334  	-0.3362  	-0.5348  	0.65681  	-0.1081  	-0.1249  	0.15331  	0.02915  	0.03114  	0.26067  	-0.4274  	0.46541  	0.85994  	-0.4109  	0.40692  	-0.6386  	-0.0459  	0.47184  	0.17331  	0.16910  	-0.2682  	-0.0281  	0.38429  	0.16513  	0.40279  	0.14752  	-0.6822  	0.30098  	0.28569  	0.05571  	-0.1436  	0.39055  	0.01873  	-0.0661  	0.00576  	-0.0115  	0.02809  	-0.0968  	0.00674  	-0.0514  	-0.0281  	0.01968  	-0.0365  	-0.0486  	0.02122  	0.01079  	-0.0315  	0.02039  	-0.0068  	-0.0253  	0.08259  	-0.0141  	0.14880  	-0.0095  	0.03107  	0.00427  	-0.0398  	0.10221  	
-0.4169  	-0.0399  	-0.3943  	-1.4333  	-0.7376  	-1.3684  	0.27505  	0.16572  	0.06568  	0.32371  	0.21537  	-0.0920  	0.20777  	-0.0771  	-0.1743  	0.56507  	-0.1087  	-0.1146  	0.14570  	0.03648  	0.02270  	0.31117  	-0.4593  	0.43851  	0.84799  	-0.4043  	0.36961  	-0.6532  	0.02128  	0.46013  	0.17135  	0.13810  	-0.2386  	0.00859  	0.42200  	0.05276  	0.33533  	0.11519  	-0.6301  	0.34671  	0.26205  	0.06659  	-0.1202  	0.39712  	0.02523  	-0.0661  	0.00582  	0.00557  	0.04188  	-0.1032  	0.00780  	-0.0438  	-0.0265  	0.01862  	-0.0520  	-0.0516  	0.01427  	0.00655  	-0.0273  	0.02675  	-0.0062  	-0.0218  	0.07116  	-0.0195  	0.14880  	-0.0095  	0.03107  	0.00427  	-0.0398  	0.10221  	
-0.2796  	0.04284  	-0.3856  	-1.3325  	-0.6178  	-1.1827  	0.30494  	0.26981  	0.10528  	0.35159  	0.14560  	-0.1501  	0.28438  	0.10697  	0.13920  	0.46239  	-0.1174  	-0.1764  	0.13218  	-0.0363  	0.06798  	0.42484  	-0.3851  	0.51229  	0.83511  	-0.4149  	0.38080  	-0.7753  	-0.0581  	0.46290  	0.17965  	0.13191  	-0.1850  	0.00858  	0.50571  	0.01272  	0.35373  	0.10732  	-0.6230  	0.36840  	0.20838  	0.04940  	-0.1201  	0.40469  	0.00202  	-0.0684  	0.01727  	0.03466  	0.04755  	-0.0854  	0.00799  	-0.0486  	-0.0277  	0.01640  	-0.0439  	-0.0357  	0.01782  	-0.0037  	-0.0376  	0.03357  	-0.0029  	-0.0238  	0.07656  	-0.0094  	0.14880  	-0.0095  	0.03107  	0.00427  	-0.0398  	0.10221  	
-0.1591  	0.08711  	-0.1934  	-1.4728  	-0.8127  	-1.1909  	0.30341  	0.34239  	0.13283  	0.26737  	0.32391  	-0.1793  	0.26925  	0.14870  	0.05044  	0.55043  	-0.1209  	-0.1828  	0.11996  	-0.0736  	0.27379  	0.38556  	-0.3414  	0.48147  	0.75312  	-0.4241  	0.44685  	-0.8975  	-0.1691  	0.43377  	0.20415  	0.16458  	-0.1928  	-0.0227  	0.50320  	-0.0561  	0.48162  	0.15082  	-0.6793  	0.28934  	0.25212  	0.04957  	-0.1324  	0.39862  	0.01100  	-0.0719  	0.00751  	0.02441  	0.04558  	-0.0942  	-0.0003  	-0.0468  	-0.0229  	0.01097  	-0.0355  	-0.0327  	0.01046  	0.00244  	-0.0363  	0.02661  	0.00106  	-0.0040  	0.07263  	-0.0207  	0.14880  	-0.0095  	0.03107  	0.00427  	-0.0398  	0.10221  	
-0.1769  	0.06305  	-0.1080  	-1.5471  	-0.8836  	-1.2116  	0.32891  	0.35285  	0.15847  	0.31875  	0.51853  	-0.1061  	0.24082  	0.02102  	-0.2346  	0.65145  	-0.1340  	-0.1080  	0.11680  	-0.0166  	0.28291  	0.31790  	-0.3388  	0.45033  	0.72558  	-0.4125  	0.33048  	-0.8716  	-0.2327  	0.38565  	0.21118  	0.13375  	-0.1835  	-0.0018  	0.48543  	-0.0406  	0.52299  	0.17901  	-0.6803  	0.26149  	0.27235  	0.04340  	-0.1144  	0.39860  	-0.0032  	-0.0673  	0.01625  	0.01403  	0.03283  	-0.0880  	-0.0019  	-0.0443  	-0.0211  	0.01651  	-0.0388  	-0.0420  	0.01146  	0.00213  	-0.0402  	0.01959  	-0.0042  	-0.0071  	0.08056  	-0.0166  	0.14880  	-0.0095  	0.03107  	0.00427  	-0.0398  	0.10221  	
-0.4770  	-0.0088  	-0.2918  	-1.7184  	-0.9028  	-1.4033  	0.26066  	0.23279  	0.06037  	0.41102  	0.64929  	-0.0709  	0.21164  	-0.2698  	-0.4843  	0.58395  	-0.0687  	-0.1756  	0.18158  	-0.1513  	0.10429  	0.04312  	-0.6835  	0.35357  	0.60976  	-0.2904  	0.20897  	-0.7167  	0.03560  	0.33189  	0.34154  	0.07479  	-0.2562  	-0.1602  	0.30229  	0.04567  	0.26142  	0.13528  	-0.7365  	0.23046  	0.40820  	0.16633  	-0.2210  	0.47048  	-0.0476  	-0.0514  	0.00165  	0.02984  	0.02218  	-0.1013  	0.01887  	-0.0433  	-0.0292  	0.03192  	-0.0279  	-0.0590  	0.01292  	-0.0099  	-0.0372  	0.03185  	-0.0036  	-0.0141  	0.06180  	-0.0069  	0.14880  	-0.0095  	0.03107  	0.00427  	-0.0398  	0.10221  	
-0.7043  	-0.0968  	-0.4185  	-1.8667  	-0.9953  	-1.5364  	0.24628  	0.20408  	0.00965  	0.38864  	0.67731  	-0.1387  	0.23332  	-0.4302  	-0.4817  	0.46556  	0.01192  	-0.3052  	0.22582  	-0.3876  	0.10089  	-0.1582  	-0.8641  	0.35552  	0.67200  	-0.1881  	0.22804  	-0.6927  	0.18004  	0.33931  	0.45737  	0.02368  	-0.3963  	-0.2959  	0.18503  	0.06934  	0.16505  	0.12864  	-0.8257  	0.15348  	0.46929  	0.27927  	-0.3326  	0.53974  	-0.0977  	-0.0411  	-0.0083  	0.03288  	-0.0007  	-0.1134  	0.02561  	-0.0353  	-0.0222  	0.05526  	-0.0200  	-0.0657  	0.01178  	-0.0118  	-0.0341  	0.04059  	0.00326  	-0.0245  	0.05678  	-0.0034  	0.14880  	-0.0095  	0.03107  	0.00427  	-0.0398  	0.10221  	
-0.8241  	-0.1088  	-0.4995  	-1.9219  	-1.0728  	-1.6383  	0.24087  	0.14862  	-0.0206  	0.37763  	0.66857  	-0.1516  	0.21187  	-0.5238  	-0.5112  	0.37343  	0.07449  	-0.3755  	0.25182  	-0.4697  	0.10944  	-0.1931  	-0.8461  	0.34905  	0.60183  	-0.1488  	0.18208  	-0.7285  	0.21523  	0.32142  	0.47122  	0.00819  	-0.4380  	-0.3315  	0.13975  	0.06936  	0.15799  	0.12068  	-0.8764  	0.12371  	0.52749  	0.28588  	-0.3406  	0.56199  	-0.0923  	-0.0307  	-0.0264  	0.01982  	-0.0105  	-0.1054  	0.01367  	-0.0376  	-0.0200  	0.05033  	-0.0191  	-0.0642  	0.01250  	-0.0119  	-0.0267  	0.03958  	0.00387  	-0.0177  	0.04507  	-0.0091  	0.14880  	-0.0095  	0.03107  	0.00427  	-0.0398  	0.10221  	
-0.7793  	-0.1394  	-0.4488  	-1.9625  	-1.0135  	-1.6093  	0.19980  	0.24359  	-0.0105  	0.38433  	0.61182  	-0.1296  	0.21319  	-0.4647  	-0.3977  	0.38158  	0.05704  	-0.3541  	0.25890  	-0.4467  	0.15400  	-0.1332  	-0.7534  	0.40373  	0.55744  	-0.1767  	0.22361  	-0.7743  	0.14390  	0.31493  	0.46284  	0.02058  	-0.4162  	-0.3180  	0.18144  	0.01474  	0.19814  	0.13599  	-0.8798  	0.17057  	0.53417  	0.26113  	-0.3535  	0.53646  	-0.0934  	-0.0350  	-0.0228  	0.02586  	-0.0131  	-0.1081  	0.00213  	-0.0349  	-0.0211  	0.03940  	-0.0268  	-0.0721  	0.01046  	-0.0200  	-0.0323  	0.03536  	0.00546  	-0.0152  	0.04321  	-0.0021  	0.14880  	-0.0095  	0.03107  	0.00427  	-0.0398  	0.10221  	
-0.4129  	-0.0264  	-0.2777  	-1.5359  	-0.7658  	-1.4147  	0.23845  	0.33725  	0.06370  	0.32645  	0.34523  	-0.0981  	0.33252  	-0.0447  	-0.0524  	0.42216  	-0.0761  	-0.2607  	0.18590  	-0.2307  	0.19542  	0.08512  	-0.6444  	0.48948  	0.56361  	-0.2589  	0.30466  	-0.8008  	-0.0634  	0.35256  	0.35896  	0.06421  	-0.2844  	-0.1658  	0.39387  	-0.0763  	0.31521  	0.11258  	-0.7793  	0.25506  	0.35322  	0.18251  	-0.2411  	0.46286  	-0.0533  	-0.0580  	-0.0021  	0.02462  	0.02551  	-0.0996  	0.00568  	-0.0428  	-0.0307  	0.02568  	-0.0466  	-0.0571  	0.00631  	-0.0112  	-0.0337  	0.03280  	-0.0053  	-0.0020  	0.03942  	-0.0208  	0.14880  	-0.0095  	0.03107  	0.00427  	-0.0398  	0.10221  	
-0.1133  	0.09039  	-0.1616  	-1.4521  	-0.7843  	-1.1757  	0.35352  	0.30676  	0.10279  	0.42211  	0.21219  	-0.1726  	0.35582  	0.25675  	0.11563  	0.41805  	-0.1292  	-0.1286  	0.10805  	-0.0660  	0.08836  	0.39562  	-0.2954  	0.43379  	0.75327  	-0.4049  	0.36068  	-0.8308  	-0.0384  	0.41947  	0.22153  	0.11792  	-0.1922  	0.00962  	0.39476  	-0.0379  	0.37295  	0.12655  	-0.5826  	0.35315  	0.28552  	0.03158  	-0.1122  	0.42330  	0.00363  	-0.0710  	0.00343  	0.04378  	0.05506  	-0.1050  	-0.0002  	-0.0424  	-0.0214  	0.01594  	-0.0419  	-0.0387  	0.00502  	-0.0008  	-0.0387  	0.02258  	0.00180  	0.00213  	0.06773  	-0.0207  	0.14880  	-0.0095  	0.03107  	0.00427  	-0.0398  	0.10221  	
-0.1772  	0.09598  	-0.1828  	-1.5460  	-0.8320  	-1.2218  	0.35816  	0.29329  	0.10722  	0.35514  	0.23020  	-0.2214  	0.33837  	0.16388  	-0.0525  	0.45486  	-0.1129  	-0.1686  	0.12251  	-0.1370  	0.12461  	0.40543  	-0.2968  	0.39925  	0.85280  	-0.4217  	0.45022  	-0.8520  	-0.0555  	0.44237  	0.21809  	0.11312  	-0.2124  	-0.0033  	0.41454  	-0.0134  	0.41752  	0.13102  	-0.5985  	0.31257  	0.28339  	0.03508  	-0.1024  	0.42179  	0.00066  	-0.0741  	-0.0028  	0.05305  	0.05976  	-0.0999  	0.00229  	-0.0447  	-0.0257  	0.01490  	-0.0416  	-0.0307  	0.00832  	-0.0012  	-0.0374  	0.02549  	0.00342  	-0.0056  	0.07709  	-0.0188  	0.14880  	-0.0095  	0.03107  	0.00427  	-0.0398  	0.10221  	
-0.2186  	0.08250  	-0.2881  	-1.5456  	-0.7888  	-1.3173  	0.35461  	0.30137  	0.12644  	0.38411  	0.16906  	-0.3595  	0.35453  	0.19389  	0.10373  	0.33152  	-0.0791  	-0.2391  	0.13274  	-0.1570  	0.10568  	0.46303  	-0.3114  	0.46430  	0.97397  	-0.4342  	0.59958  	-0.8713  	0.02066  	0.50660  	0.19003  	0.12233  	-0.2625  	-0.0065  	0.43062  	-0.0089  	0.40081  	0.10118  	-0.5889  	0.34138  	0.22263  	0.05962  	-0.1281  	0.40692  	0.01462  	-0.0768  	-0.0032  	0.03972  	0.06568  	-0.0905  	0.00797  	-0.0475  	-0.0300  	0.02103  	-0.0384  	-0.0375  	0.00230  	5.60727  	-0.0298  	0.03849  	0.00236  	-0.0101  	0.07484  	-0.0178  	0.14880  	-0.0095  	0.03107  	0.00427  	-0.0398  	0.10221  	
-0.2078  	0.11411  	-0.5453  	-0.9879  	-0.4165  	-1.3828  	0.37679  	0.23713  	0.09371  	0.33159  	-0.1102  	-0.1955  	0.44098  	0.40277  	0.31664  	0.33225  	-0.1893  	-0.1793  	0.07899  	-0.0799  	-0.0904  	0.45564  	-0.4845  	0.40805  	1.07022  	-0.4222  	0.50802  	-0.6247  	0.26815  	0.60126  	0.15197  	0.04509  	-0.2339  	0.03388  	0.46741  	0.01215  	0.21185  	0.05409  	-0.5434  	0.36696  	0.12527  	0.08698  	-0.1614  	0.40059  	0.01471  	-0.0727  	-0.0016  	0.01613  	0.06093  	-0.1161  	0.01010  	-0.0499  	-0.0270  	0.01039  	-0.0446  	-0.0373  	0.00193  	0.00332  	-0.0254  	0.01636  	0.00116  	-0.0082  	0.05603  	-0.0233  	0.14880  	-0.0095  	0.03107  	0.00427  	-0.0398  	0.10221  	
-0.2932  	0.05298  	-0.5933  	-0.6735  	-0.2152  	-1.3699  	0.30346  	0.27281  	0.12750  	0.33942  	-0.0559  	-0.0965  	0.48752  	0.65135  	0.49203  	0.39979  	-0.2330  	-0.2239  	0.03610  	0.01165  	-0.0689  	0.47222  	-0.5621  	0.52197  	1.08889  	-0.4470  	0.41078  	-0.6057  	0.25370  	0.63380  	0.14347  	0.03397  	-0.2200  	0.00637  	0.55364  	-0.0074  	0.17904  	0.01729  	-0.5660  	0.40957  	0.05609  	0.13097  	-0.2286  	0.36537  	0.02108  	-0.0806  	0.00536  	-0.0083  	0.03662  	-0.1049  	0.01029  	-0.0542  	-0.0366  	0.00943  	-0.0506  	-0.0463  	0.01060  	-0.0048  	-0.0429  	0.01971  	-0.0015  	-0.0018  	0.05014  	-0.0091  	0.14880  	-0.0095  	0.03107  	0.00427  	-0.0398  	0.10221  	
-0.5176  	-0.0181  	-0.6187  	-0.8424  	-0.3130  	-1.6037  	0.35979  	0.27609  	0.10487  	0.34322  	0.15421  	-0.0675  	0.37987  	0.37318  	0.24380  	0.38156  	-0.1631  	-0.1439  	0.07891  	0.18656  	-0.1129  	0.33411  	-0.6336  	0.49863  	0.92920  	-0.4487  	0.37081  	-0.4917  	0.09714  	0.51547  	0.10732  	0.11537  	-0.1665  	0.04582  	0.55274  	0.02444  	0.24528  	0.02857  	-0.6097  	0.42806  	0.09100  	0.11862  	-0.2412  	0.34925  	0.05465  	-0.0724  	0.01917  	-0.0093  	0.03042  	-0.0797  	0.00108  	-0.0420  	-0.0366  	0.02893  	-0.0531  	-0.0516  	0.01616  	-0.0154  	-0.0148  	0.03051  	-0.0116  	0.00707  	0.05704  	-0.0307  	0.14880  	-0.0095  	0.03107  	0.00427  	-0.0398  	0.10221  	
-0.5909  	-0.0840  	-0.5720  	-1.2756  	-0.5710  	-1.5521  	0.30826  	0.18619  	0.10947  	0.32974  	0.26649  	0.04222  	0.36032  	0.10743  	-0.1124  	0.52990  	-0.2255  	-0.0492  	0.01166  	0.17514  	-0.0920  	0.32519  	-0.5765  	0.43477  	0.76393  	-0.3887  	0.17933  	-0.4555  	0.05764  	0.47594  	0.19512  	0.08753  	-0.1827  	0.04545  	0.45161  	0.00950  	0.21790  	0.05351  	-0.5981  	0.37275  	0.22450  	0.07906  	-0.1868  	0.38177  	0.01968  	-0.0794  	0.01327  	0.00117  	0.03644  	-0.0987  	-0.0150  	-0.0553  	-0.0392  	0.02928  	-0.0447  	-0.0582  	0.01869  	-0.0012  	-0.0234  	0.01602  	-0.0021  	-0.0105  	0.06926  	-0.0141  	0.14880  	-0.0095  	0.03107  	0.00427  	-0.0398  	0.10221  	
-0.5847  	-0.0451  	-0.5366  	-1.4897  	-0.6440  	-1.4264  	0.33324  	0.20316  	0.07865  	0.30498  	0.28092  	0.00595  	0.26658  	-0.0263  	-0.1169  	0.49022  	-0.1819  	0.00188  	0.09621  	0.11297  	-0.0477  	0.31125  	-0.4668  	0.42304  	0.74707  	-0.3867  	0.23522  	-0.4689  	0.08641  	0.45412  	0.17185  	0.10867  	-0.1676  	0.02472  	0.36227  	-0.0033  	0.26520  	0.08872  	-0.6292  	0.33675  	0.24937  	0.05267  	-0.1496  	0.39446  	0.02311  	-0.0680  	0.02118  	0.01139  	0.03906  	-0.1066  	-0.0067  	-0.0569  	-0.0401  	0.01304  	-0.0440  	-0.0559  	0.01052  	0.00573  	-0.0264  	0.01285  	-0.0087  	-0.0229  	0.05321  	-0.0291  	0.14880  	-0.0095  	0.03107  	0.00427  	-0.0398  	0.10221  	
-0.5736  	-0.0653  	-0.5057  	-1.5945  	-0.7751  	-1.4012  	0.29285  	0.15153  	0.07606  	0.31726  	0.26568  	-0.0802  	0.23113  	-0.1574  	-0.1748  	0.44675  	-0.1173  	0.00142  	0.11056  	0.06585  	-0.0044  	0.30085  	-0.3673  	0.34436  	0.73749  	-0.3905  	0.19290  	-0.5207  	0.06741  	0.42815  	0.21161  	0.10459  	-0.1885  	0.01522  	0.27544  	-0.0079  	0.28897  	0.10619  	-0.6123  	0.32589  	0.31023  	0.01617  	-0.1183  	0.39773  	0.01754  	-0.0707  	0.02853  	-0.0118  	0.03295  	-0.0986  	0.00601  	-0.0482  	-0.0307  	0.01043  	-0.0427  	-0.0551  	0.01225  	0.00173  	-0.0272  	0.02179  	-0.0022  	-0.0175  	0.06591  	-0.0171  	0.14880  	-0.0095  	0.03107  	0.00427  	-0.0398  	0.10221  	
-0.6765  	-0.0821  	-0.5251  	-1.7124  	-0.8083  	-1.4652  	0.28516  	0.14749  	0.08178  	0.36293  	0.46868  	-0.0472  	0.19011  	-0.2085  	-0.3342  	0.49565  	-0.1447  	0.02160  	0.10921  	0.12256  	0.00116  	0.23386  	-0.4110  	0.33712  	0.66506  	-0.3668  	0.12480  	-0.4738  	0.08696  	0.37541  	0.23033  	0.08524  	-0.1847  	0.02580  	0.30480  	0.00855  	0.24883  	0.10697  	-0.6179  	0.32478  	0.37631  	0.01704  	-0.1325  	0.38977  	0.02221  	-0.0723  	0.02226  	-0.0082  	0.02261  	-0.1006  	0.00156  	-0.0493  	-0.0297  	0.01014  	-0.0401  	-0.0618  	0.02415  	0.00879  	-0.0357  	0.01524  	-0.0003  	-0.0093  	0.07054  	-0.0094  	0.14880  	-0.0095  	0.03107  	0.00427  	-0.0398  	0.10221  	
-0.6863  	-0.1234  	-0.5233  	-1.8253  	-0.9260  	-1.4391  	0.27749  	0.10652  	0.05939  	0.34248  	0.39917  	-0.1423  	0.17701  	-0.3362  	-0.4164  	0.46510  	-0.1300  	0.00989  	0.12279  	0.08705  	-0.0785  	0.25898  	-0.3664  	0.26922  	0.73731  	-0.3649  	0.18426  	-0.4803  	0.10125  	0.39566  	0.23918  	0.08893  	-0.2139  	0.01671  	0.21795  	0.06084  	0.27661  	0.11817  	-0.5921  	0.32266  	0.38925  	0.00921  	-0.0989  	0.41339  	0.02010  	-0.0737  	0.02503  	-0.0165  	0.02247  	-0.0925  	8.44189  	-0.0440  	-0.0243  	0.01348  	-0.0402  	-0.0624  	0.01894  	0.00667  	-0.0341  	0.02011  	-0.0007  	-0.0068  	0.07813  	-0.0104  	0.14880  	-0.0095  	0.03107  	0.00427  	-0.0398  	0.10221  	
-0.8240  	-0.1691  	-0.5389  	-1.9590  	-1.0172  	-1.5517  	0.31043  	0.07100  	0.05389  	0.42272  	0.52481  	-0.1669  	0.18010  	-0.3384  	-0.5690  	0.42146  	-0.1414  	0.02511  	0.09547  	0.11077  	-0.0992  	0.29863  	-0.3848  	0.28507  	0.73115  	-0.3736  	0.12594  	-0.5018  	0.09539  	0.38507  	0.25123  	0.07797  	-0.2246  	0.01159  	0.20382  	0.09168  	0.27734  	0.11993  	-0.5786  	0.31249  	0.40892  	0.02830  	-0.1020  	0.39969  	0.01170  	-0.0739  	0.02826  	-0.0014  	0.02683  	-0.0907  	-0.0108  	-0.0437  	-0.0245  	0.02235  	-0.0389  	-0.0639  	0.01342  	0.00583  	-0.0320  	0.01870  	0.00148  	-0.0126  	0.07546  	-0.0081  	0.14880  	-0.0095  	0.03107  	0.00427  	-0.0398  	0.10221  	
-0.8956  	-0.1423  	-0.5693  	-1.9502  	-0.9880  	-1.6694  	0.30486  	0.10525  	0.06202  	0.46424  	0.58630  	-0.1041  	0.15964  	-0.3084  	-0.5532  	0.42382  	-0.1455  	9.19336  	0.10551  	0.08707  	-0.0653  	0.32252  	-0.3599  	0.29826  	0.71228  	-0.3759  	0.14002  	-0.5140  	0.09326  	0.38992  	0.23941  	0.06103  	-0.2137  	0.00987  	0.22036  	0.07155  	0.29974  	0.11378  	-0.5855  	0.29660  	0.37798  	0.04205  	-0.1143  	0.38276  	0.01018  	-0.0709  	0.02815  	-0.0024  	0.02924  	-0.0922  	-0.0044  	-0.0465  	-0.0297  	0.02414  	-0.0364  	-0.0623  	0.01874  	0.00286  	-0.0293  	0.01867  	0.00069  	-0.0112  	0.07434  	-0.0024  	0.14880  	-0.0095  	0.03107  	0.00427  	-0.0398  	0.10221  	
-0.8671  	-0.1810  	-0.6066  	-1.9297  	-0.9416  	-1.6887  	0.29928  	0.10870  	0.05559  	0.41720  	0.63816  	-0.1121  	0.16935  	-0.2698  	-0.4918  	0.43240  	-0.1368  	-0.0024  	0.10307  	0.08324  	-0.0241  	0.26853  	-0.3470  	0.37090  	0.66340  	-0.3449  	0.15122  	-0.5524  	0.03905  	0.37354  	0.25629  	0.07340  	-0.2030  	-0.0046  	0.29065  	0.03845  	0.32767  	0.10236  	-0.6207  	0.30917  	0.36861  	0.03187  	-0.1218  	0.38339  	0.01772  	-0.0737  	0.02404  	-0.0117  	0.02139  	-0.0901  	-0.0032  	-0.0496  	-0.0312  	0.01028  	-0.0411  	-0.0576  	0.01137  	0.00249  	-0.0387  	0.01842  	0.00047  	-0.0088  	0.06575  	-0.0142  	0.14880  	-0.0095  	0.03107  	0.00427  	-0.0398  	0.10221  	
-0.6930  	-0.1112  	-0.5001  	-1.6785  	-0.8159  	-1.5285  	0.29418  	0.19356  	0.09561  	0.34399  	0.51975  	-0.0205  	0.22146  	-0.1177  	-0.3216  	0.48065  	-0.1348  	-0.0271  	0.09174  	0.14447  	-0.0110  	0.26024  	-0.4067  	0.35681  	0.64619  	-0.3458  	0.12948  	-0.4733  	0.03428  	0.37531  	0.25270  	0.07184  	-0.1597  	0.01228  	0.31192  	0.00663  	0.28109  	0.08194  	-0.5899  	0.31675  	0.33329  	0.04070  	-0.1210  	0.37701  	0.02119  	-0.0678  	0.02794  	0.00103  	0.02314  	-0.0792  	0.00477  	-0.0500  	-0.0371  	0.01319  	-0.0460  	-0.0558  	0.02139  	0.00099  	-0.0293  	0.02176  	-0.0050  	-0.0112  	0.06565  	-0.0113  	0.14880  	-0.0095  	0.03107  	0.00427  	-0.0398  	0.10221  	
-0.4787  	-0.0404  	-0.4340  	-1.3637  	-0.6274  	-1.3787  	0.30095  	0.22151  	0.09061  	0.28867  	0.32061  	0.06895  	0.30606  	0.04945  	-0.1154  	0.55179  	-0.1804  	-0.0363  	0.06361  	0.15894  	-0.0557  	0.27845  	-0.5045  	0.39972  	0.69251  	-0.3901  	0.13625  	-0.4879  	0.08785  	0.42136  	0.21766  	0.07490  	-0.1770  	0.01610  	0.36381  	0.01746  	0.23535  	0.07276  	-0.5824  	0.36776  	0.28955  	0.04888  	-0.1275  	0.38565  	0.01819  	-0.0692  	0.01982  	0.01832  	0.03250  	-0.0944  	0.00354  	-0.0517  	-0.0340  	0.00896  	-0.0447  	-0.0577  	0.02493  	0.00209  	-0.0339  	0.01421  	-0.0036  	-0.0184  	0.06107  	-0.0139  	0.14880  	-0.0095  	0.03107  	0.00427  	-0.0398  	0.10221  	
-0.3410  	-0.0077  	-0.4031  	-1.2927  	-0.6159  	-1.3460  	0.30321  	0.22344  	0.09225  	0.31206  	0.24000  	-0.0101  	0.35039  	0.07534  	-0.0773  	0.49515  	-0.1776  	-0.0794  	0.07430  	0.12407  	-0.0438  	0.32337  	-0.5413  	0.38290  	0.78099  	-0.4154  	0.22180  	-0.4787  	0.07634  	0.46724  	0.22646  	0.09770  	-0.1753  	0.01468  	0.38581  	0.00858  	0.26865  	0.06861  	-0.5774  	0.35868  	0.28009  	0.04844  	-0.1322  	0.37889  	0.01555  	-0.0733  	0.01680  	0.01236  	0.04451  	-0.0983  	0.00938  	-0.0517  	-0.0371  	0.00486  	-0.0486  	-0.0497  	0.02404  	0.00461  	-0.0325  	0.01903  	-0.0073  	-0.0041  	0.07013  	-0.0176  	0.14880  	-0.0095  	0.03107  	0.00427  	-0.0398  	0.10221  	
-0.3780  	0.02859  	-0.5008  	-1.1166  	-0.4876  	-1.3926  	0.35777  	0.25058  	0.10707  	0.28276  	0.18769  	-0.0397  	0.37210  	0.26177  	0.09106  	0.47854  	-0.1801  	-0.0633  	0.05186  	0.18176  	-0.1120  	0.32441  	-0.6634  	0.39116  	0.90987  	-0.4203  	0.21403  	-0.3252  	0.22394  	0.51645  	0.15492  	0.07577  	-0.1849  	0.02634  	0.41317  	0.04485  	0.20273  	0.03471  	-0.5482  	0.37527  	0.22039  	0.07371  	-0.1841  	0.34120  	0.02005  	-0.0694  	0.01423  	0.00155  	0.03902  	-0.1027  	0.01566  	-0.0528  	-0.0362  	0.00903  	-0.0381  	-0.0452  	0.02493  	0.00674  	-0.0215  	0.02261  	-0.0020  	-0.0074  	0.06400  	-0.0221  	0.14880  	-0.0095  	0.03107  	0.00427  	-0.0398  	0.10221  	
-0.3625  	0.03531  	-0.5919  	-0.8775  	-0.3393  	-1.3299  	0.34486  	0.28896  	0.11153  	0.16471  	0.07957  	-0.0423  	0.43704  	0.49324  	0.31804  	0.38157  	-0.1845  	-0.1371  	0.04326  	0.17589  	-0.1396  	0.34512  	-0.6613  	0.41523  	0.97240  	-0.4276  	0.28374  	-0.3753  	0.27633  	0.60117  	0.09581  	0.06065  	-0.2009  	0.05042  	0.50017  	0.03413  	0.17371  	0.04865  	-0.5424  	0.43246  	0.15831  	0.09746  	-0.1911  	0.36428  	0.03054  	-0.0710  	0.01574  	0.00205  	0.02800  	-0.0971  	0.01454  	-0.0538  	-0.0343  	0.00990  	-0.0483  	-0.0410  	0.02343  	0.00125  	-0.0254  	0.02765  	-0.0082  	-0.0074  	0.05387  	-0.0288  	0.14880  	-0.0095  	0.03107  	0.00427  	-0.0398  	0.10221  	
-0.3583  	0.04637  	-0.5839  	-0.8210  	-0.3446  	-1.3006  	0.35230  	0.27598  	0.12365  	0.15227  	-0.0021  	-0.0742  	0.42726  	0.48230  	0.36531  	0.36458  	-0.1705  	-0.1156  	0.03454  	0.17893  	-0.1646  	0.36331  	-0.6727  	0.40475  	0.98746  	-0.4199  	0.24375  	-0.3719  	0.33129  	0.60836  	0.09594  	0.05624  	-0.1924  	0.05843  	0.47104  	0.03769  	0.14643  	0.04682  	-0.5204  	0.44531  	0.16626  	0.09278  	-0.1922  	0.38270  	0.03913  	-0.0717  	0.01407  	-0.0010  	0.03412  	-0.0939  	0.01766  	-0.0524  	-0.0326  	0.01483  	-0.0469  	-0.0413  	0.01765  	0.00098  	-0.0297  	0.02703  	-0.0097  	-0.0022  	0.04868  	-0.0220  	0.14880  	-0.0095  	0.03107  	0.00427  	-0.0398  	0.10221  	
-0.3578  	0.04870  	-0.5521  	-0.9657  	-0.4599  	-1.3065  	0.31575  	0.24413  	0.11072  	0.14651  	-0.0354  	-0.0957  	0.39634  	0.32802  	0.26615  	0.40148  	-0.1510  	-0.0930  	0.04261  	0.12672  	-0.1501  	0.39228  	-0.5876  	0.39253  	0.97698  	-0.4161  	0.26901  	-0.3744  	0.32286  	0.59808  	0.11105  	0.08132  	-0.2002  	0.05736  	0.43713  	0.03081  	0.16295  	0.04335  	-0.5277  	0.40873  	0.18766  	0.08498  	-0.1837  	0.38150  	0.03467  	-0.0712  	0.01795  	0.00825  	0.04641  	-0.1016  	0.02213  	-0.0484  	-0.0228  	0.01686  	-0.0426  	-0.0350  	0.01465  	0.00376  	-0.0226  	0.02490  	-0.0042  	-0.0029  	0.05049  	-0.0197  	0.14880  	-0.0095  	0.03107  	0.00427  	-0.0398  	0.10221  	
-0.4140  	0.02072  	-0.4821  	-1.0818  	-0.5550  	-1.2464  	0.28034  	0.23303  	0.08899  	0.15494  	-0.0410  	-0.0790  	0.35891  	0.20008  	0.23970  	0.42501  	-0.1491  	-0.1103  	0.08145  	0.06439  	-0.0713  	0.43391  	-0.4574  	0.41066  	0.86180  	-0.4052  	0.29486  	-0.4599  	0.23164  	0.53086  	0.13366  	0.06107  	-0.1966  	0.03678  	0.41385  	-0.0046  	0.21383  	0.04498  	-0.5549  	0.35620  	0.22283  	0.08435  	-0.1699  	0.39343  	0.01528  	-0.0766  	0.01702  	0.01164  	0.04585  	-0.1122  	0.01456  	-0.0464  	-0.0264  	0.01111  	-0.0442  	-0.0384  	0.01794  	0.00289  	-0.0271  	0.01661  	0.00735  	-0.0033  	0.06103  	-0.0177  	0.14880  	-0.0095  	0.03107  	0.00427  	-0.0398  	0.10221  	
-0.3572  	0.03656  	-0.3746  	-1.1948  	-0.6357  	-1.1271  	0.28903  	0.29553  	0.08806  	0.18796  	0.05229  	-0.1270  	0.33009  	0.18815  	0.31869  	0.42675  	-0.1426  	-0.1485  	0.05628  	0.02879  	0.04508  	0.40206  	-0.3602  	0.40682  	0.81441  	-0.4171  	0.31461  	-0.6117  	0.09260  	0.49822  	0.17044  	0.08519  	-0.2067  	0.03159  	0.41890  	-0.0204  	0.30476  	0.08206  	-0.5765  	0.33760  	0.24763  	0.06054  	-0.1336  	0.37456  	0.01912  	-0.0651  	0.00904  	0.00635  	0.03618  	-0.0935  	0.00517  	-0.0458  	-0.0250  	0.00864  	-0.0447  	-0.0435  	0.01005  	0.00594  	-0.0296  	0.01503  	-0.0003  	0.00309  	0.06787  	-0.0180  	0.14880  	-0.0095  	0.03107  	0.00427  	-0.0398  	0.10221  	
-0.1410  	0.12765  	-0.1744  	-1.3572  	-0.7483  	-1.1567  	0.35081  	0.32347  	0.15919  	0.26932  	0.16878  	-0.2023  	0.37143  	0.22071  	0.05903  	0.50397  	-0.0938  	-0.1550  	0.09769  	-0.0291  	0.08624  	0.40350  	-0.3667  	0.41011  	0.86715  	-0.4182  	0.34239  	-0.6948  	0.06790  	0.49927  	0.17093  	0.10605  	-0.2052  	0.01001  	0.36757  	-0.0222  	0.32340  	0.10249  	-0.5694  	0.32950  	0.28815  	0.05133  	-0.1036  	0.38691  	-0.0020  	-0.0623  	0.00217  	0.03778  	0.05777  	-0.0992  	0.00158  	-0.0457  	-0.0303  	0.01520  	-0.0412  	-0.0417  	0.00705  	0.00342  	-0.0316  	0.02397  	-0.0086  	-0.0110  	0.06399  	-0.0237  	0.14880  	-0.0095  	0.03107  	0.00427  	-0.0398  	0.10221  	
-0.2300  	0.04406  	-0.2647  	-1.2749  	-0.6841  	-1.3144  	0.37856  	0.25479  	0.12736  	0.34551  	0.23654  	-0.0892  	0.36332  	0.17211  	0.01352  	0.48860  	-0.1293  	-0.1558  	0.11448  	0.01175  	0.04249  	0.42015  	-0.3910  	0.36758  	0.88925  	-0.4282  	0.35225  	-0.7095  	0.03298  	0.49673  	0.18199  	0.09906  	-0.1966  	-0.0024  	0.40333  	0.02541  	0.37518  	0.10913  	-0.5775  	0.33150  	0.30344  	0.06656  	-0.1081  	0.39057  	0.02109  	-0.0714  	0.00772  	0.02877  	0.05520  	-0.0881  	0.00932  	-0.0520  	-0.0229  	0.01987  	-0.0401  	-0.0450  	0.01251  	-0.0007  	-0.0334  	0.02893  	-0.0071  	-0.0096  	0.06670  	-0.0174  	0.14880  	-0.0095  	0.03107  	0.00427  	-0.0398  	0.10221  	
-0.4523  	-0.0600  	-0.3873  	-1.4410  	-0.7113  	-1.4200  	0.40196  	0.19706  	0.12468  	0.38323  	0.32223  	-0.0719  	0.27305  	0.05868  	-0.0518  	0.50754  	-0.1715  	-0.0839  	0.12087  	0.09421  	0.08394  	0.34297  	-0.3653  	0.44416  	0.78990  	-0.4136  	0.30622  	-0.6616  	-0.0388  	0.41111  	0.19423  	0.11363  	-0.1822  	0.01848  	0.43064  	-0.0432  	0.39674  	0.12023  	-0.6413  	0.38514  	0.25085  	0.07186  	-0.1374  	0.40610  	0.01581  	-0.0729  	0.00375  	0.00363  	0.03296  	-0.0981  	-0.0038  	-0.0477  	-0.0312  	0.01641  	-0.0487  	-0.0476  	0.01868  	-0.0010  	-0.0325  	0.02064  	-0.0023  	-0.0032  	0.06760  	-0.0133  	0.14880  	-0.0095  	0.03107  	0.00427  	-0.0398  	0.10221  	
-0.6608  	-0.1303  	-0.4446  	-1.8381  	-0.9055  	-1.5236  	0.33734  	0.12465  	0.06074  	0.43124  	0.50970  	-0.1603  	0.18750  	-0.2194  	-0.4026  	0.49980  	-0.1249  	-0.0379  	0.10926  	0.09012  	0.04764  	0.28035  	-0.3701  	0.41509  	0.73651  	-0.3729  	0.22567  	-0.6453  	-0.0381  	0.36262  	0.22970  	0.09988  	-0.2268  	-0.0031  	0.33037  	0.06207  	0.36548  	0.12820  	-0.6337  	0.33287  	0.33502  	0.02083  	-0.1320  	0.38805  	0.00982  	-0.0683  	0.02718  	-0.0026  	0.02885  	-0.0860  	-0.0116  	-0.0470  	-0.0281  	0.02030  	-0.0431  	-0.0689  	0.01266  	-0.0029  	-0.0321  	0.02112  	-0.0017  	-0.0101  	0.07071  	-0.0153  	0.14880  	-0.0095  	0.03107  	0.00427  	-0.0398  	0.10221  	
-0.7974  	-0.1355  	-0.5038  	-1.8964  	-0.9635  	-1.5328  	0.29192  	0.09209  	0.05183  	0.35937  	0.59681  	-0.2139  	0.11750  	-0.3687  	-0.5429  	0.48114  	-0.1515  	-0.0286  	0.11842  	0.08181  	-0.0004  	0.26569  	-0.3931  	0.39305  	0.76656  	-0.3761  	0.27382  	-0.5601  	0.02653  	0.37496  	0.23099  	0.10844  	-0.2573  	-0.0122  	0.30848  	0.09956  	0.34192  	0.11432  	-0.6131  	0.33763  	0.34032  	0.04556  	-0.1467  	0.38310  	0.01416  	-0.0816  	0.01942  	-0.0099  	0.01810  	-0.0925  	0.00469  	-0.0407  	-0.0259  	0.01559  	-0.0358  	-0.0581  	0.02183  	0.00602  	-0.0288  	0.02022  	-0.0023  	-0.0139  	0.07723  	-0.0065  	0.14880  	-0.0095  	0.03107  	0.00427  	-0.0398  	0.10221  	
-0.4547  	-0.0372  	-0.4507  	-1.4854  	-0.6622  	-1.4000  	0.27832  	0.20845  	0.06150  	0.33167  	0.35385  	-0.0477  	0.28066  	0.04271  	-0.0008  	0.45541  	-0.1682  	-0.1339  	0.09296  	0.04304  	0.14201  	0.33287  	-0.4460  	0.48078  	0.69166  	-0.3771  	0.36690  	-0.6429  	-0.0985  	0.42342  	0.22124  	0.11660  	-0.1959  	-0.0056  	0.46755  	-0.0086  	0.39615  	0.08924  	-0.6791  	0.34339  	0.25332  	0.07459  	-0.1708  	0.38135  	0.01326  	-0.0710  	0.02205  	-0.0130  	0.03038  	-0.0844  	-0.0005  	-0.0526  	-0.0273  	0.00731  	-0.0535  	-0.0511  	0.01395  	-0.0009  	-0.0268  	0.02659  	-0.0043  	-0.0075  	0.04849  	-0.0191  	0.14880  	-0.0095  	0.03107  	0.00427  	-0.0398  	0.10221  	
-0.1121  	0.09571  	-0.1834  	-1.3637  	-0.7378  	-1.1862  	0.36982  	0.26827  	0.07876  	0.35926  	0.11700  	-0.1529  	0.37629  	0.31662  	0.20603  	0.36337  	-0.1601  	-0.1729  	0.07164  	-0.0886  	0.07220  	0.41090  	-0.3666  	0.48921  	0.76420  	-0.4217  	0.41920  	-0.8408  	-0.0490  	0.45354  	0.20906  	0.12051  	-0.1935  	-0.0062  	0.46914  	-0.0067  	0.37748  	0.12187  	-0.6327  	0.33993  	0.25032  	0.05123  	-0.1412  	0.39372  	0.00282  	-0.0621  	0.00337  	0.03095  	0.04461  	-0.0849  	0.00735  	-0.0444  	-0.0352  	0.00781  	-0.0432  	-0.0414  	0.00394  	-0.0016  	-0.0356  	0.02609  	-0.0022  	0.00361  	0.06390  	-0.0206  	0.14880  	-0.0095  	0.03107  	0.00427  	-0.0398  	0.10221  	
-0.1287  	0.02426  	-0.1917  	-1.4214  	-0.8110  	-1.2051  	0.34479  	0.30439  	0.12478  	0.34413  	0.24482  	-0.2681  	0.39514  	0.16183  	-0.0267  	0.48521  	-0.0943  	-0.1833  	0.10599  	-0.1305  	0.13569  	0.40804  	-0.3071  	0.41073  	0.79034  	-0.4092  	0.41753  	-0.8827  	-0.0760  	0.45472  	0.22209  	0.11500  	-0.2047  	-0.0016  	0.42136  	-0.0165  	0.41746  	0.14488  	-0.6214  	0.30831  	0.28477  	0.05292  	-0.0963  	0.39526  	-0.0080  	-0.0738  	0.00475  	0.04939  	0.05289  	-0.0928  	-0.0031  	-0.0409  	-0.0229  	0.02092  	-0.0375  	-0.0342  	0.00287  	-0.0024  	-0.0397  	0.02320  	0.00138  	-0.0091  	0.06853  	-0.0239  	0.14880  	-0.0095  	0.03107  	0.00427  	-0.0398  	0.10221  	
-0.1640  	0.07158  	-0.1902  	-1.5436  	-0.8471  	-1.2132  	0.37381  	0.33037  	0.11633  	0.35358  	0.22782  	-0.3259  	0.38291  	0.14789  	-0.0270  	0.43409  	-0.0924  	-0.2118  	0.13940  	-0.1730  	0.15729  	0.45069  	-0.2923  	0.46655  	0.89706  	-0.4236  	0.56535  	-0.9224  	-0.0776  	0.47327  	0.21657  	0.11777  	-0.2424  	-0.0178  	0.42100  	-0.0205  	0.43648  	0.12839  	-0.6215  	0.32075  	0.26378  	0.05260  	-0.1024  	0.42079  	-0.0044  	-0.0718  	0.00182  	0.04838  	0.05669  	-0.0876  	0.00436  	-0.0460  	-0.0293  	0.01946  	-0.0362  	-0.0430  	0.00562  	0.00156  	-0.0401  	0.02691  	-0.0025  	-0.0092  	0.07119  	-0.0228  	0.14880  	-0.0095  	0.03107  	0.00427  	-0.0398  	0.10221  	
-0.2114  	0.09763  	-0.2742  	-1.6459  	-0.7799  	-1.3667  	0.39568  	0.24995  	0.11199  	0.47058  	0.16733  	-0.3785  	0.39824  	0.29039  	0.06984  	0.29819  	-0.1331  	-0.2184  	0.10241  	-0.1247  	0.06299  	0.47867  	-0.3638  	0.46422  	1.00455  	-0.4586  	0.56337  	-0.8725  	0.02089  	0.50149  	0.19739  	0.11873  	-0.2511  	-0.0172  	0.40518  	0.00993  	0.38249  	0.09670  	-0.5958  	0.38655  	0.26681  	0.05616  	-0.1323  	0.40896  	0.00378  	-0.0753  	-0.0038  	0.03888  	0.05524  	-0.0934  	0.00853  	-0.0466  	-0.0312  	0.01631  	-0.0434  	-0.0421  	0.00132  	-0.0045  	-0.0281  	0.03542  	0.00376  	-0.0108  	0.06574  	-0.0246  	0.14880  	-0.0095  	0.03107  	0.00427  	-0.0398  	0.10221  	
-0.4821  	-0.0430  	-0.5754  	-1.1978  	-0.5894  	-1.4565  	0.38244  	0.26874  	0.09808  	0.34241  	0.32031  	-0.0794  	0.34664  	0.20949  	0.06929  	0.41585  	-0.1401  	-0.1729  	0.08603  	0.11154  	0.08416  	0.35753  	-0.4985  	0.49215  	0.85907  	-0.4253  	0.41865  	-0.6086  	0.00360  	0.47580  	0.16881  	0.11347  	-0.1880  	0.00367  	0.51694  	-0.0135  	0.32378  	0.07181  	-0.6210  	0.37180  	0.20278  	0.07303  	-0.1994  	0.38482  	0.02273  	-0.0627  	0.01351  	-0.0055  	0.02807  	-0.0892  	0.01136  	-0.0458  	-0.0356  	0.01461  	-0.0412  	-0.0464  	0.01294  	-0.0034  	-0.0203  	0.01825  	0.00625  	-0.0090  	0.05009  	-0.0213  	0.14880  	-0.0095  	0.03107  	0.00427  	-0.0398  	0.10221  	
-0.6712  	-0.1031  	-0.6739  	-1.2996  	-0.5604  	-1.5467  	0.33514  	0.20117  	0.09354  	0.35699  	0.32127  	0.03877  	0.33527  	0.08035  	-0.1041  	0.51001  	-0.2094  	-0.0468  	0.03969  	0.16857  	-0.0365  	0.29356  	-0.5790  	0.42218  	0.74522  	-0.3800  	0.14279  	-0.4327  	0.08978  	0.44134  	0.21522  	0.08107  	-0.1723  	0.01838  	0.46131  	0.00332  	0.23707  	0.04092  	-0.5827  	0.37089  	0.22830  	0.07519  	-0.1856  	0.37312  	0.02509  	-0.0687  	0.01225  	-0.0158  	0.03611  	-0.0889  	0.00745  	-0.0421  	-0.0335  	0.01211  	-0.0425  	-0.0462  	0.01100  	0.00041  	-0.0150  	0.02056  	-0.0006  	-0.0065  	0.04659  	-0.0172  	0.14880  	-0.0095  	0.03107  	0.00427  	-0.0398  	0.10221  	
-0.7531  	-0.1208  	-0.7156  	-1.3955  	-0.5611  	-1.6088  	0.36066  	0.14368  	0.06020  	0.41028  	0.46847  	0.09773  	0.30798  	0.00535  	-0.2106  	0.46489  	-0.2313  	-0.0469  	0.03671  	0.24207  	-0.0382  	0.26326  	-0.5693  	0.37298  	0.76029  	-0.3836  	0.13827  	-0.3877  	0.11030  	0.44994  	0.19717  	0.04194  	-0.1572  	0.02438  	0.41784  	0.04493  	0.20862  	0.04670  	-0.5891  	0.33700  	0.23492  	0.07668  	-0.1976  	0.37408  	0.03530  	-0.0724  	0.01447  	-0.0156  	0.02857  	-0.0973  	0.01011  	-0.0550  	-0.0388  	0.01520  	-0.0485  	-0.0555  	0.02376  	0.00574  	-0.0334  	0.01571  	-0.0121  	-0.0149  	0.06218  	-0.0129  	0.14880  	-0.0095  	0.03107  	0.00427  	-0.0398  	0.10221  	
-0.8254  	-0.1252  	-0.6808  	-1.4969  	-0.6345  	-1.6254  	0.31697  	0.22977  	0.04390  	0.38351  	0.56332  	0.13365  	0.30441  	-0.1290  	-0.2439  	0.40371  	-0.1168  	-0.1883  	0.14244  	-0.0510  	0.05220  	0.04175  	-0.7287  	0.34251  	0.64912  	-0.2545  	0.10831  	-0.4693  	0.19473  	0.37608  	0.34078  	-0.0212  	-0.2650  	-0.1438  	0.26663  	0.00483  	0.08194  	0.04973  	-0.6980  	0.23119  	0.34779  	0.19403  	-0.2837  	0.43076  	-0.0312  	-0.0533  	0.00668  	0.01752  	0.00806  	-0.1047  	0.01371  	-0.0480  	-0.0396  	0.03041  	-0.0349  	-0.0624  	0.02750  	-0.0139  	-0.0312  	0.02616  	-0.0011  	-0.0216  	0.05186  	-0.0115  	0.14880  	-0.0095  	0.03107  	0.00427  	-0.0398  	0.10221  	
-0.7670  	-0.0720  	-0.6004  	-1.5041  	-0.6873  	-1.5813  	0.21445  	0.32998  	0.04902  	0.32908  	0.51464  	0.13038  	0.33320  	-0.1099  	-0.1492  	0.37173  	-0.0132  	-0.3105  	0.24382  	-0.2910  	0.11924  	-0.1433  	-0.9018  	0.32837  	0.55258  	-0.1649  	0.06833  	-0.5580  	0.27576  	0.34338  	0.45251  	-0.0325  	-0.3447  	-0.2858  	0.21019  	-0.0608  	0.00965  	0.06636  	-0.7746  	0.17828  	0.43384  	0.27713  	-0.3455  	0.51131  	-0.0818  	-0.0346  	-0.0108  	0.03801  	-0.0164  	-0.1093  	0.01050  	-0.0385  	-0.0395  	0.04463  	-0.0309  	-0.0681  	0.01988  	-0.0198  	-0.0348  	0.03661  	0.00443  	-0.0248  	0.03692  	-0.0118  	0.14880  	-0.0095  	0.03107  	0.00427  	-0.0398  	0.10221  	
-0.5600  	-0.0109  	-0.4011  	-1.5115  	-0.7143  	-1.4792  	0.21068  	0.33927  	0.04016  	0.29777  	0.38114  	0.01693  	0.35907  	-0.1573  	-0.1093  	0.39738  	0.02920  	-0.3517  	0.24889  	-0.3964  	0.09222  	-0.1724  	-0.9331  	0.32750  	0.55803  	-0.1679  	0.07629  	-0.6224  	0.29854  	0.37395  	0.45850  	-0.0268  	-0.3743  	-0.3142  	0.16276  	-0.0694  	0.03305  	0.08711  	-0.8077  	0.16338  	0.48942  	0.27897  	-0.3414  	0.54232  	-0.1168  	-0.0267  	-0.0117  	0.04988  	-0.0014  	-0.1152  	0.01324  	-0.0393  	-0.0266  	0.04723  	-0.0246  	-0.0711  	0.01240  	-0.0176  	-0.0327  	0.03963  	0.00802  	-0.0224  	0.03154  	-0.0139  	0.14880  	-0.0095  	0.03107  	0.00427  	-0.0398  	0.10221  	
-0.5135  	-0.0144  	-0.4099  	-1.4413  	-0.7528  	-1.3863  	0.21539  	0.31881  	0.06551  	0.25505  	0.32215  	-0.0270  	0.34928  	-0.1959  	-0.0858  	0.38424  	0.03048  	-0.3030  	0.22886  	-0.3469  	0.06531  	-0.1207  	-0.8748  	0.31101  	0.59539  	-0.1954  	0.12441  	-0.6000  	0.26371  	0.38432  	0.42769  	0.01348  	-0.3438  	-0.2774  	0.16621  	-0.0741  	0.09222  	0.10052  	-0.7765  	0.19448  	0.47839  	0.24306  	-0.3136  	0.53662  	-0.1057  	-0.0367  	-0.0168  	0.04170  	0.01063  	-0.1196  	0.01834  	-0.0398  	-0.0316  	0.04488  	-0.0236  	-0.0547  	0.00838  	-0.0173  	-0.0292  	0.04264  	0.00967  	-0.0128  	0.03562  	-0.0128  	0.14880  	-0.0095  	0.03107  	0.00427  	-0.0398  	0.10221  	
-0.5329  	-0.0747  	-0.4489  	-1.5039  	-0.7903  	-1.4096  	0.26018  	0.24242  	0.06977  	0.31701  	0.40386  	-0.0698  	0.28566  	-0.1770  	-0.2063  	0.40166  	-0.0617  	-0.1809  	0.14531  	-0.1067  	0.04729  	0.06496  	-0.7074  	0.33173  	0.66730  	-0.2750  	0.15842  	-0.5468  	0.17089  	0.40640  	0.32009  	0.07755  	-0.2716  	-0.1464  	0.25535  	-0.0327  	0.18080  	0.10800  	-0.7044  	0.24508  	0.41574  	0.14459  	-0.2352  	0.47721  	-0.0466  	-0.0544  	0.00551  	0.02330  	0.01726  	-0.1094  	0.00988  	-0.0431  	-0.0295  	0.03147  	-0.0268  	-0.0486  	0.01265  	-0.0076  	-0.0308  	0.03091  	0.00793  	-0.0110  	0.04862  	-0.0159  	0.14880  	-0.0095  	0.03107  	0.00427  	-0.0398  	0.10221  	
-0.4584  	-0.0793  	-0.4459  	-1.4199  	-0.7446  	-1.3253  	0.28331  	0.23092  	0.06898  	0.31577  	0.37220  	-0.0756  	0.23305  	-0.1052  	-0.1988  	0.53591  	-0.1661  	-0.0771  	0.06650  	0.13066  	0.00607  	0.31389  	-0.4448  	0.35315  	0.80182  	-0.3956  	0.26539  	-0.5403  	0.03572  	0.45085  	0.19090  	0.12378  	-0.1924  	0.01278  	0.36766  	-0.0118  	0.31555  	0.12819  	-0.5979  	0.31940  	0.27077  	0.02967  	-0.1184  	0.39279  	0.01522  	-0.0779  	0.02144  	-0.0029  	0.03657  	-0.0967  	0.00380  	-0.0491  	-0.0332  	0.01273  	-0.0356  	-0.0486  	0.02282  	0.00318  	-0.0349  	0.02269  	-0.0027  	-0.0072  	0.07564  	-0.0098  	0.14880  	-0.0095  	0.03107  	0.00427  	-0.0398  	0.10221  	
-0.4855  	-0.0519  	-0.4599  	-1.4117  	-0.6722  	-1.3074  	0.29036  	0.22649  	0.08918  	0.29737  	0.36633  	0.01734  	0.26676  	-0.0527  	-0.1504  	0.56080  	-0.1592  	-0.0916  	0.08943  	0.11483  	0.01938  	0.30245  	-0.4526  	0.41423  	0.78076  	-0.4085  	0.27651  	-0.5536  	0.06120  	0.43612  	0.18750  	0.09422  	-0.1938  	0.00909  	0.37791  	0.01083  	0.30654  	0.09941  	-0.5906  	0.34099  	0.25625  	0.05120  	-0.1355  	0.37607  	0.02531  	-0.0719  	0.01571  	-0.0012  	0.03562  	-0.0935  	0.00182  	-0.0479  	-0.0399  	0.00736  	-0.0370  	-0.0478  	0.02371  	0.00253  	-0.0284  	0.01290  	-0.0024  	-0.0184  	0.06440  	-0.0101  	0.14880  	-0.0095  	0.03107  	0.00427  	-0.0398  	0.10221  	
-0.3715  	-0.0121  	-0.4454  	-1.2396  	-0.5719  	-1.3535  	0.28500  	0.20888  	0.08974  	0.33361  	0.26158  	-0.0002  	0.34947  	0.09345  	-0.0298  	0.48519  	-0.1942  	-0.1294  	0.07536  	0.11258  	-0.0432  	0.35893  	-0.5334  	0.39721  	0.81724  	-0.4109  	0.25492  	-0.4569  	0.07687  	0.49288  	0.20165  	0.09074  	-0.1828  	0.01519  	0.40593  	0.01125  	0.26992  	0.05783  	-0.5878  	0.33797  	0.24922  	0.06216  	-0.1453  	0.36220  	0.01550  	-0.0743  	0.01398  	0.00229  	0.04272  	-0.0941  	0.00908  	-0.0482  	-0.0365  	0.00312  	-0.0472  	-0.0520  	0.02384  	0.00357  	-0.0247  	0.01576  	-0.0046  	-0.0150  	0.06776  	-0.0135  	0.14880  	-0.0095  	0.03107  	0.00427  	-0.0398  	0.10221  	
-0.4042  	0.00866  	-0.4931  	-1.1274  	-0.5143  	-1.3555  	0.32894  	0.26278  	0.10699  	0.28994  	0.17390  	-0.0149  	0.39523  	0.27146  	0.07508  	0.44035  	-0.1883  	-0.1070  	0.04727  	0.16585  	-0.0964  	0.34903  	-0.6034  	0.37827  	0.82985  	-0.4165  	0.22302  	-0.4085  	0.16904  	0.51625  	0.17466  	0.06799  	-0.1874  	0.03147  	0.38637  	0.02237  	0.21359  	0.05273  	-0.5563  	0.36891  	0.23178  	0.06316  	-0.1581  	0.36284  	0.02708  	-0.0783  	0.01759  	-0.0152  	0.03949  	-0.0978  	0.00847  	-0.0494  	-0.0395  	0.00810  	-0.0416  	-0.0577  	0.02029  	0.00607  	-0.0292  	0.01922  	-0.0013  	-0.0131  	0.07108  	-0.0177  	0.14880  	-0.0095  	0.03107  	0.00427  	-0.0398  	0.10221  	
-0.4144  	0.02108  	-0.5636  	-0.9590  	-0.4439  	-1.3168  	0.34956  	0.25544  	0.11647  	0.21764  	0.08592  	-0.0430  	0.42755  	0.41247  	0.27176  	0.37724  	-0.1539  	-0.1463  	0.05347  	0.11138  	-0.1161  	0.37808  	-0.6056  	0.38413  	0.93044  	-0.4159  	0.29710  	-0.4582  	0.18868  	0.56395  	0.14813  	0.05456  	-0.1958  	0.03864  	0.44095  	0.00992  	0.20087  	0.05793  	-0.5355  	0.39285  	0.19920  	0.08409  	-0.1671  	0.35729  	0.03030  	-0.0738  	0.01865  	-0.0100  	0.03190  	-0.0971  	0.00265  	-0.0486  	-0.0384  	0.00756  	-0.0431  	-0.0486  	0.02263  	0.00497  	-0.0298  	0.02034  	-0.0066  	-0.0115  	0.06640  	-0.0241  	0.14880  	-0.0095  	0.03107  	0.00427  	-0.0398  	0.10221  	
-0.4173  	0.01123  	-0.5540  	-1.0266  	-0.4933  	-1.2734  	0.29209  	0.21337  	0.06386  	0.20030  	0.00037  	-0.0358  	0.40743  	0.26948  	0.23402  	0.44184  	-0.1306  	-0.1092  	0.08354  	0.07000  	-0.0935  	0.40535  	-0.4962  	0.36890  	0.89328  	-0.3912  	0.29987  	-0.4524  	0.20881  	0.55176  	0.16831  	0.06658  	-0.1883  	0.04275  	0.42688  	-0.0194  	0.20610  	0.06048  	-0.5498  	0.35317  	0.21191  	0.06470  	-0.1515  	0.38042  	0.01658  	-0.0719  	0.01747  	0.00134  	0.03614  	-0.0997  	0.00893  	-0.0461  	-0.0336  	0.00977  	-0.0393  	-0.0356  	0.01716  	0.00072  	-0.0222  	0.02114  	-0.0028  	-0.0058  	0.05822  	-0.0254  	0.14880  	-0.0095  	0.03107  	0.00427  	-0.0398  	0.10221  	
-0.4824  	-0.0040  	-0.4665  	-1.3364  	-0.6973  	-1.2723  	0.30333  	0.23313  	0.09202  	0.26793  	0.10805  	-0.0881  	0.32338  	-0.0164  	-0.0303  	0.53936  	-0.1096  	-0.0408  	0.12315  	0.06240  	-0.0228  	0.36426  	-0.4069  	0.34992  	0.79610  	-0.3887  	0.22997  	-0.4969  	0.14644  	0.45763  	0.16316  	0.08471  	-0.1868  	0.02092  	0.32203  	0.00061  	0.24461  	0.09769  	-0.5807  	0.36079  	0.26163  	0.03941  	-0.1276  	0.39829  	0.01495  	-0.0724  	0.01491  	0.01892  	0.03373  	-0.0958  	0.00160  	-0.0507  	-0.0315  	0.01361  	-0.0323  	-0.0469  	0.02434  	0.00332  	-0.0270  	0.01783  	-0.0064  	-0.0095  	0.06568  	-0.0143  	0.14880  	-0.0095  	0.03107  	0.00427  	-0.0398  	0.10221  	
-0.4578  	-0.0572  	-0.3551  	-1.6193  	-0.8073  	-1.3731  	0.30939  	0.13671  	0.08359  	0.31934  	0.39005  	-0.1327  	0.18810  	-0.2636  	-0.3189  	0.58089  	-0.1577  	-0.0571  	0.11619  	0.06069  	0.01635  	0.30131  	-0.3885  	0.41033  	0.75922  	-0.3986  	0.32816  	-0.6425  	-0.0041  	0.42982  	0.19001  	0.12520  	-0.2265  	9.19381  	0.36826  	0.07283  	0.33895  	0.12171  	-0.6389  	0.30596  	0.28983  	0.04638  	-0.1183  	0.40415  	0.01164  	-0.0721  	0.01671  	0.00118  	0.03920  	-0.0981  	0.00635  	-0.0417  	-0.0293  	0.01065  	-0.0348  	-0.0537  	0.02562  	0.00536  	-0.0203  	0.01348  	-0.0060  	-0.0240  	0.07937  	-0.0162  	0.14880  	-0.0095  	0.03107  	0.00427  	-0.0398  	0.10221  	
-0.4529  	-0.1049  	-0.3484  	-1.5148  	-0.7314  	-1.4279  	0.32197  	0.09164  	0.04005  	0.45195  	0.50815  	-0.0550  	0.19177  	-0.2958  	-0.4945  	0.68686  	-0.1721  	-0.0505  	0.12036  	0.09636  	-0.0645  	0.31396  	-0.4790  	0.44180  	0.85520  	-0.4330  	0.35909  	-0.5664  	-0.0045  	0.44745  	0.17821  	0.15750  	-0.2463  	-0.0138  	0.36307  	0.16117  	0.34933  	0.12051  	-0.6319  	0.29287  	0.29239  	0.04085  	-0.1356  	0.38789  	0.02318  	-0.0755  	0.01217  	0.00832  	0.04697  	-0.1123  	0.01206  	-0.0468  	-0.0205  	0.01026  	-0.0364  	-0.0540  	0.02801  	0.00854  	-0.0259  	0.02214  	-0.0042  	-0.0241  	0.08250  	-0.0115  	0.14880  	-0.0095  	0.03107  	0.00427  	-0.0398  	0.10221  	
-0.5032  	-0.1165  	-0.3878  	-1.5583  	-0.7849  	-1.4360  	0.31803  	0.09111  	0.03801  	0.47984  	0.51285  	-0.0678  	0.17708  	-0.3494  	-0.5389  	0.70953  	-0.1977  	-0.0537  	0.14431  	0.07636  	-0.1073  	0.30293  	-0.5191  	0.39947  	0.89936  	-0.4244  	0.34954  	-0.5231  	0.03783  	0.45094  	0.18184  	0.14995  	-0.2469  	-0.0103  	0.34284  	0.18697  	0.31104  	0.13782  	-0.5990  	0.32324  	0.29413  	0.05505  	-0.1241  	0.39718  	0.01590  	-0.0741  	0.01284  	0.01879  	0.03845  	-0.1084  	0.01444  	-0.0450  	-0.0194  	0.01239  	-0.0341  	-0.0556  	0.02123  	0.00670  	-0.0251  	0.02573  	-0.0039  	-0.0300  	0.08787  	-0.0110  	0.14880  	-0.0095  	0.03107  	0.00427  	-0.0398  	0.10221  	
-0.5999  	-0.1076  	-0.4101  	-1.6476  	-0.8353  	-1.4165  	0.30057  	0.05550  	0.00899  	0.43489  	0.42465  	-0.1704  	0.10870  	-0.3399  	-0.5065  	0.60253  	-0.1376  	-0.0811  	0.14164  	0.04410  	-0.0443  	0.29919  	-0.4321  	0.42530  	0.93774  	-0.4271  	0.39000  	-0.5554  	0.04001  	0.49266  	0.16681  	0.16757  	-0.2813  	-0.0167  	0.33205  	0.19946  	0.36664  	0.13619  	-0.6202  	0.31827  	0.29799  	0.04410  	-0.1349  	0.40832  	0.01787  	-0.0675  	0.00077  	-0.0031  	0.03401  	-0.1034  	0.01263  	-0.0496  	-0.0221  	0.01897  	-0.0348  	-0.0521  	0.02692  	0.01166  	-0.0288  	0.02431  	-0.0102  	-0.0288  	0.08685  	-0.0132  	0.14880  	-0.0095  	0.03107  	0.00427  	-0.0398  	0.10221  	
-0.6433  	-0.0969  	-0.4121  	-1.5564  	-0.8663  	-1.4391  	0.25999  	0.07303  	-0.0251  	0.34140  	0.46117  	-0.2222  	0.07388  	-0.2975  	-0.4291  	0.52597  	-0.0985  	-0.1154  	0.13034  	0.04447  	0.05403  	0.33448  	-0.3832  	0.47932  	0.85911  	-0.4149  	0.36954  	-0.6436  	-0.0198  	0.46502  	0.15677  	0.16634  	-0.2771  	-0.0148  	0.38129  	0.15926  	0.40949  	0.14240  	-0.6565  	0.29213  	0.26534  	0.04200  	-0.1436  	0.39266  	0.03443  	-0.0664  	0.00178  	-0.0160  	0.03318  	-0.0999  	0.02011  	-0.0467  	-0.0146  	0.01463  	-0.0364  	-0.0495  	0.02949  	0.01409  	-0.0217  	0.02058  	-0.0105  	-0.0261  	0.07302  	-0.0151  	0.14880  	-0.0095  	0.03107  	0.00427  	-0.0398  	0.10221  	
-0.5539  	-0.1044  	-0.3988  	-1.6911  	-0.8449  	-1.4252  	0.27481  	0.08827  	0.01474  	0.44801  	0.59936  	-0.1634  	0.12416  	-0.3887  	-0.5703  	0.68076  	-0.1581  	-0.0727  	0.15590  	0.02279  	0.01096  	0.29972  	-0.4339  	0.39914  	0.85678  	-0.4290  	0.34613  	-0.6106  	-0.0439  	0.44053  	0.18603  	0.15456  	-0.2680  	-0.0243  	0.36954  	0.14808  	0.40581  	0.14249  	-0.6407  	0.30719  	0.29844  	0.05269  	-0.1479  	0.40180  	0.02471  	-0.0682  	0.00452  	-0.0090  	0.02837  	-0.0970  	0.00983  	-0.0411  	-0.0212  	0.01674  	-0.0336  	-0.0505  	0.02068  	0.00389  	-0.0337  	0.02185  	-0.0033  	-0.0255  	0.07832  	-0.0183  	0.14880  	-0.0095  	0.03107  	0.00427  	-0.0398  	0.10221  	
-0.5283  	-0.1029  	-0.3552  	-1.7410  	-0.9004  	-1.4478  	0.29488  	0.08932  	0.02419  	0.44192  	0.59621  	-0.1700  	0.12159  	-0.3303  	-0.6112  	0.69117  	-0.1678  	-0.0466  	0.12410  	0.06902  	0.03533  	0.24713  	-0.4358  	0.40299  	0.76560  	-0.4082  	0.30270  	-0.6111  	-0.0618  	0.38909  	0.17808  	0.16135  	-0.2320  	-0.0117  	0.38817  	0.14925  	0.40681  	0.12251  	-0.6512  	0.32053  	0.30153  	0.05200  	-0.1344  	0.38918  	0.02893  	-0.0732  	0.01212  	-0.0039  	0.03873  	-0.0953  	0.00945  	-0.0495  	-0.0252  	0.01795  	-0.0355  	-0.0547  	0.02423  	0.00690  	-0.0364  	0.02282  	-0.0080  	-0.0209  	0.08087  	-0.0108  	0.14880  	-0.0095  	0.03107  	0.00427  	-0.0398  	0.10221  	
-0.4177  	0.02916  	-0.2187  	-1.5855  	-0.8709  	-1.3735  	0.28715  	0.25840  	0.10390  	0.40580  	0.40447  	-0.1120  	0.21807  	-0.0827  	-0.3168  	0.53559  	-0.1384  	-0.1118  	0.13388  	0.07898  	0.11950  	0.30555  	-0.3805  	0.42950  	0.70610  	-0.4060  	0.37751  	-0.6979  	-0.0608  	0.38046  	0.19699  	0.12876  	-0.1856  	0.00881  	0.41342  	0.03506  	0.43128  	0.12718  	-0.6596  	0.31551  	0.29923  	0.04242  	-0.1424  	0.37704  	-0.0027  	-0.0607  	0.01584  	0.00831  	0.04322  	-0.1009  	0.00841  	-0.0488  	-0.0245  	0.02103  	-0.0478  	-0.0337  	0.00216  	0.00625  	-0.0426  	0.03165  	0.01437  	-0.0014  	0.05789  	-0.0187  	0.14880  	-0.0095  	0.03107  	0.00427  	-0.0398  	0.10221  	
-0.3540  	0.00462  	-0.2978  	-1.6888  	-0.8953  	-1.3977  	0.35458  	0.20274  	0.05599  	0.48996  	0.24808  	-0.3112  	0.30915  	0.09064  	-0.1332  	0.32301  	-0.0853  	-0.1475  	0.12383  	-0.0662  	0.07774  	0.35846  	-0.3237  	0.42260  	0.94263  	-0.4280  	0.46801  	-0.7934  	-0.0417  	0.46851  	0.24743  	0.09445  	-0.2345  	-0.0076  	0.45634  	0.06472  	0.46455  	0.13383  	-0.6627  	0.29887  	0.26673  	0.05943  	-0.1250  	0.39746  	-3.9631  	-0.0682  	0.00903  	0.01538  	0.03664  	-0.0822  	0.00337  	-0.0412  	-0.0292  	0.01666  	-0.0368  	-0.0400  	0.00971  	-0.0050  	-0.0270  	0.02958  	0.00434  	0.00803  	0.07639  	-0.0195  	0.14880  	-0.0095  	0.03107  	0.00427  	-0.0398  	0.10221  	
-0.6287  	-0.0994  	-0.4294  	-1.9014  	-0.9156  	-1.4966  	0.26214  	0.18670  	0.06062  	0.32417  	0.51530  	-0.2893  	0.17751  	-0.1957  	-0.3265  	0.38316  	-0.0848  	-0.1923  	0.13474  	-0.0871  	0.17705  	0.30457  	-0.2960  	0.52861  	0.76131  	-0.3861  	0.48830  	-0.8571  	-0.1496  	0.39223  	0.19841  	0.15240  	-0.2425  	-0.0467  	0.46703  	-0.0410  	0.49789  	0.15097  	-0.7411  	0.33795  	0.27674  	0.05677  	-0.1520  	0.39537  	0.02384  	-0.0700  	0.02063  	-0.0191  	0.01301  	-0.1108  	-0.0273  	-0.0412  	-0.0424  	0.01813  	-0.0485  	-0.0746  	0.00666  	-0.0071  	-0.0501  	0.01968  	-0.0077  	-0.0095  	0.06588  	-0.0179  	0.14880  	-0.0095  	0.03107  	0.00427  	-0.0398  	0.10221  	
-0.2898  	-0.0086  	-0.3477  	-1.5123  	-0.7413  	-1.3091  	0.33205  	0.25418  	0.08057  	0.35617  	0.22978  	-0.1212  	0.36033  	0.14752  	0.08948  	0.36873  	-0.1413  	-0.1788  	0.10088  	-0.0661  	0.14358  	0.39599  	-0.3165  	0.50539  	0.69613  	-0.4094  	0.43634  	-0.8187  	-0.1195  	0.41644  	0.22467  	0.14665  	-0.1982  	-0.0228  	0.48336  	-0.0538  	0.42158  	0.09629  	-0.6651  	0.35842  	0.25484  	0.06574  	-0.1421  	0.40452  	0.01741  	-0.0777  	0.01407  	0.01020  	0.04489  	-0.0909  	-0.0073  	-0.0449  	-0.0390  	0.01139  	-0.0399  	-0.0430  	0.01590  	-0.0073  	-0.0366  	0.02104  	0.00655  	8.29271  	0.05342  	-0.0186  	0.14880  	-0.0095  	0.03107  	0.00427  	-0.0398  	0.10221  	
-0.1890  	0.07086  	-0.1659  	-1.5346  	-0.8691  	-1.2207  	0.29863  	0.32443  	0.11316  	0.39205  	0.29488  	-0.1610  	0.33404  	0.18828  	-0.0368  	0.45351  	-0.1224  	-0.1409  	0.10750  	-0.0963  	0.14243  	0.38671  	-0.3020  	0.40607  	0.74020  	-0.4042  	0.39131  	-0.8584  	-0.1217  	0.44244  	0.23172  	0.14267  	-0.1815  	-0.0109  	0.45360  	-0.0490  	0.45523  	0.13875  	-0.6476  	0.30139  	0.26670  	0.03530  	-0.1016  	0.39815  	-0.0039  	-0.0687  	0.01431  	0.03175  	0.05347  	-0.0967  	0.00081  	-0.0424  	-0.0281  	0.01676  	-0.0388  	-0.0405  	0.00420  	-0.0024  	-0.0394  	0.02319  	-0.0006  	0.00102  	0.07301  	-0.0191  	0.14880  	-0.0095  	0.03107  	0.00427  	-0.0398  	0.10221  	
-0.1944  	0.04864  	-0.1673  	-1.5626  	-0.8991  	-1.1725  	0.34777  	0.34341  	0.11498  	0.35228  	0.28427  	-0.1990  	0.32435  	0.16697  	-0.0696  	0.44323  	-0.0976  	-0.1591  	0.11661  	-0.1292  	0.16333  	0.39521  	-0.2754  	0.41227  	0.83651  	-0.4166  	0.43521  	-0.8507  	-0.0809  	0.44015  	0.23345  	0.12261  	-0.2112  	-0.0057  	0.43430  	-0.0282  	0.44326  	0.14141  	-0.6267  	0.28577  	0.28199  	0.03455  	-0.0958  	0.41659  	-0.0023  	-0.0692  	0.00915  	0.03902  	0.05482  	-0.0937  	-0.0005  	-0.0455  	-0.0270  	0.01800  	-0.0400  	-0.0361  	0.00678  	0.00138  	-0.0393  	0.02318  	0.00370  	0.00118  	0.07645  	-0.0165  	0.14880  	-0.0095  	0.03107  	0.00427  	-0.0398  	0.10221  	
-0.2637  	0.01999  	-0.3098  	-1.6341  	-0.8696  	-1.3412  	0.39041  	0.28744  	0.10019  	0.40328  	0.28322  	-0.3249  	0.34076  	0.18272  	-0.0549  	0.37512  	-0.1037  	-0.1757  	0.10705  	-0.1066  	0.12871  	0.41065  	-0.3360  	0.45667  	0.97581  	-0.4305  	0.50896  	-0.8644  	-0.0374  	0.46724  	0.20247  	0.11920  	-0.2509  	-0.0172  	0.44734  	0.00830  	0.43599  	0.14589  	-0.6251  	0.33074  	0.24964  	0.04347  	-0.1140  	0.41429  	0.00310  	-0.0844  	0.01200  	0.03725  	0.05661  	-0.0908  	-0.0007  	-0.0459  	-0.0288  	0.02231  	-0.0371  	-0.0490  	0.00023  	-0.0073  	-0.0326  	0.02777  	-0.0028  	0.00013  	0.07927  	-0.0204  	0.14880  	-0.0095  	0.03107  	0.00427  	-0.0398  	0.10221  	
-0.3601  	0.01028  	-0.4181  	-1.4203  	-0.6748  	-1.4050  	0.36914  	0.25206  	0.09508  	0.37487  	0.35463  	-0.1598  	0.33794  	0.15506  	-0.1065  	0.50554  	-0.1442  	-0.1676  	0.08354  	0.04009  	0.08471  	0.39707  	-0.4590  	0.48267  	0.94599  	-0.4048  	0.42528  	-0.6701  	-0.0079  	0.49707  	0.17970  	0.09933  	-0.2177  	-0.0011  	0.45796  	0.00464  	0.36302  	0.09545  	-0.6060  	0.32792  	0.21961  	0.06033  	-0.1563  	0.37677  	0.02295  	-0.0695  	0.00771  	0.01072  	0.04268  	-0.0888  	0.00547  	-0.0510  	-0.0346  	0.00823  	-0.0454  	-0.0531  	0.01282  	3.02817  	-0.0320  	0.01509  	-0.0042  	-0.0082  	0.08147  	-0.0180  	0.14880  	-0.0095  	0.03107  	0.00427  	-0.0398  	0.10221  	
-0.3417  	-0.0138  	-0.4495  	-1.2868  	-0.6409  	-1.3540  	0.36739  	0.27233  	0.13337  	0.33956  	0.31675  	-0.0038  	0.35476  	0.17806  	-0.0640  	0.59270  	-0.1670  	-0.1284  	0.09635  	0.03232  	0.06989  	0.40122  	-0.4561  	0.42814  	0.82757  	-0.4132  	0.36241  	-0.6100  	0.01976  	0.47823  	0.18952  	0.09184  	-0.1990  	0.00744  	0.45352  	-0.0372  	0.34018  	0.09640  	-0.6077  	0.33059  	0.23703  	0.05465  	-0.1447  	0.37389  	0.02828  	-0.0758  	0.00793  	0.01109  	0.04190  	-0.0959  	0.00627  	-0.0550  	-0.0359  	0.00729  	-0.0473  	-0.0521  	0.01600  	0.00508  	-0.0401  	0.00879  	-0.0028  	-0.0045  	0.08058  	-0.0080  	0.14880  	-0.0095  	0.03107  	0.00427  	-0.0398  	0.10221  	
-0.6282  	-0.0578  	-0.5808  	-1.4383  	-0.7063  	-1.5039  	0.32359  	0.20156  	0.09516  	0.34702  	0.39237  	0.07516  	0.26979  	0.04674  	-0.1597  	0.50954  	-0.1714  	-0.0530  	0.10182  	0.06768  	0.06489  	0.30783  	-0.4425  	0.46192  	0.75443  	-0.4087  	0.25083  	-0.5639  	0.02677  	0.42860  	0.20705  	0.08958  	-0.1854  	0.01613  	0.43556  	-0.0147  	0.34242  	0.08039  	-0.6299  	0.35004  	0.23107  	0.06484  	-0.1813  	0.39233  	0.01006  	-0.0679  	0.01486  	-0.0198  	0.03249  	-0.0819  	0.00712  	-0.0548  	-0.0324  	0.01692  	-0.0460  	-0.0427  	0.01986  	0.00525  	-0.0244  	0.02231  	0.00160  	6.80408  	0.05807  	-0.0162  	0.14880  	-0.0095  	0.03107  	0.00427  	-0.0398  	0.10221  	
-0.7898  	-0.1166  	-0.5233  	-1.8966  	-0.9216  	-1.4956  	0.24441  	0.09485  	0.06641  	0.35025  	0.53559  	-0.1570  	0.15042  	-0.2650  	-0.3691  	0.48129  	-0.1412  	-0.0754  	0.14000  	0.05185  	0.09630  	0.29983  	-0.3216  	0.41940  	0.72268  	-0.3813  	0.23933  	-0.6751  	-0.0658  	0.38847  	0.23750  	0.11838  	-0.2145  	-0.0069  	0.32930  	0.01235  	0.40062  	0.11840  	-0.6649  	0.31183  	0.30462  	0.04531  	-0.1495  	0.38672  	0.01940  	-0.0697  	0.02428  	-0.0333  	0.01817  	-0.0840  	-0.0049  	-0.0484  	-0.0358  	0.01884  	-0.0399  	-0.0527  	0.01407  	0.00044  	-0.0264  	0.02227  	-0.0026  	-0.0090  	0.06728  	-0.0126  	0.14880  	-0.0095  	0.03107  	0.00427  	-0.0398  	0.10221  	
-0.5867  	-0.0803  	-0.4439  	-1.8500  	-0.9921  	-1.4436  	0.24223  	0.10405  	0.05662  	0.37887  	0.51676  	-0.1598  	0.14114  	-0.3503  	-0.5412  	0.56441  	-0.1192  	-0.0310  	0.14959  	0.08444  	0.00479  	0.25746  	-0.3434  	0.34902  	0.72204  	-0.3728  	0.20093  	-0.5916  	-0.0110  	0.39137  	0.21465  	0.11545  	-0.2147  	0.00679  	0.29791  	0.08553  	0.36638  	0.13522  	-0.6210  	0.30621  	0.36049  	0.01887  	-0.1164  	0.40383  	0.01465  	-0.0725  	0.02178  	-0.0058  	0.02450  	-0.0889  	-0.0061  	-0.0468  	-0.0301  	0.01614  	-0.0348  	-0.0611  	0.01441  	0.00953  	-0.0301  	0.01526  	-0.0099  	-0.0188  	0.07819  	-0.0111  	0.14880  	-0.0095  	0.03107  	0.00427  	-0.0398  	0.10221  	
-0.6138  	-0.0708  	-0.3687  	-1.8663  	-0.9859  	-1.4697  	0.28703  	0.12706  	0.08703  	0.46590  	0.60697  	-0.1019  	0.13911  	-0.2984  	-0.6429  	0.60555  	-0.1447  	-0.0095  	0.14621  	0.09253  	-0.0254  	0.26653  	-0.4009  	0.33818  	0.72536  	-0.3801  	0.18957  	-0.5399  	0.03772  	0.37170  	0.22787  	0.11635  	-0.2154  	-0.0059  	0.29899  	0.10377  	0.35062  	0.11544  	-0.6235  	0.30977  	0.35864  	0.02774  	-0.1017  	0.39808  	0.01859  	-0.0751  	0.02106  	0.00589  	0.03677  	-0.0937  	0.00988  	-0.0537  	-0.0284  	0.01294  	-0.0299  	-0.0550  	0.02095  	0.00214  	-0.0330  	0.01936  	-0.0011  	-0.0138  	0.07466  	-0.0052  	0.14880  	-0.0095  	0.03107  	0.00427  	-0.0398  	0.10221  	
-0.7368  	-0.1546  	-0.5060  	-1.8759  	-1.0270  	-1.5000  	0.23930  	0.08833  	0.02976  	0.35722  	0.62909  	-0.1340  	0.11683  	-0.3220  	-0.5419  	0.53135  	-0.1196  	-0.0881  	0.13994  	0.01738  	0.03288  	0.25741  	-0.3683  	0.41718  	0.70511  	-0.3929  	0.25621  	-0.6169  	0.00018  	0.39450  	0.23502  	0.14094  	-0.2396  	-0.0173  	0.35467  	0.10282  	0.39442  	0.12450  	-0.6818  	0.28262  	0.34794  	0.03048  	-0.1256  	0.37142  	0.01293  	-0.0664  	0.02089  	-0.0166  	0.02203  	-0.0873  	-0.0033  	-0.0460  	-0.0225  	0.01620  	-0.0379  	-0.0551  	0.01987  	0.00679  	-0.0254  	0.01734  	-0.0027  	-0.0243  	0.07269  	-0.0119  	0.14880  	-0.0095  	0.03107  	0.00427  	-0.0398  	0.10221  	
-0.6048  	-0.0946  	-0.4431  	-1.7915  	-0.9225  	-1.4458  	0.24135  	0.14086  	0.06292  	0.32592  	0.51026  	-0.1043  	0.15518  	-0.2201  	-0.3785  	0.53885  	-0.1301  	-0.0917  	0.13965  	-0.0034  	0.07461  	0.30107  	-0.3201  	0.41725  	0.68497  	-0.3754  	0.25695  	-0.6833  	-0.0984  	0.37341  	0.23305  	0.13400  	-0.2106  	-0.0119  	0.38943  	0.03067  	0.43077  	0.14117  	-0.6913  	0.28654  	0.31604  	0.04695  	-0.1339  	0.37248  	0.01251  	-0.0611  	0.02040  	-0.0068  	0.01682  	-0.0830  	-0.0021  	-0.0476  	-0.0237  	0.01531  	-0.0390  	-0.0578  	0.01787  	0.00492  	-0.0285  	0.01794  	-0.0078  	-0.0128  	0.07352  	-0.0067  	0.14880  	-0.0095  	0.03107  	0.00427  	-0.0398  	0.10221  	
-0.1964  	0.01121  	-0.2447  	-1.4710  	-0.8022  	-1.2422  	0.36692  	0.24251  	0.11110  	0.33665  	0.28950  	-0.1381  	0.35379  	0.14828  	0.01840  	0.44082  	-0.1357  	-0.1412  	0.07133  	-0.0341  	0.12119  	0.37244  	-0.3529  	0.46698  	0.79433  	-0.4124  	0.37425  	-0.7837  	-0.0819  	0.42081  	0.22612  	0.12334  	-0.1870  	-0.0137  	0.45378  	-0.0152  	0.41231  	0.12039  	-0.6305  	0.35293  	0.27471  	0.05015  	-0.1218  	0.39097  	0.00940  	-0.0762  	0.01122  	0.02261  	0.04145  	-0.0813  	0.01192  	-0.0477  	-0.0241  	0.01261  	-0.0453  	-0.0385  	0.01141  	-0.0065  	-0.0400  	0.03177  	-0.0004  	0.00145  	0.06471  	-0.0115  	0.14880  	-0.0095  	0.03107  	0.00427  	-0.0398  	0.10221  	
-0.1159  	0.09081  	-0.1887  	-1.3238  	-0.7234  	-1.1736  	0.35832  	0.27876  	0.11823  	0.41804  	0.02883  	-0.3085  	0.44826  	0.34893  	0.17275  	0.33854  	-0.1362  	-0.1590  	0.08006  	-0.1101  	0.01642  	0.46319  	-0.3099  	0.42131  	0.92359  	-0.4382  	0.43616  	-0.7915  	0.09565  	0.52213  	0.21756  	0.10816  	-0.2332  	0.00125  	0.36879  	-0.0260  	0.34267  	0.07603  	-0.5705  	0.36007  	0.26793  	0.04686  	-0.1092  	0.40236  	0.00534  	-0.0648  	-0.0038  	0.04184  	0.05538  	-0.0947  	0.00475  	-0.0453  	-0.0276  	0.00785  	-0.0420  	-0.0371  	0.00296  	-0.0052  	-0.0291  	0.03157  	-0.0008  	-0.0060  	0.06216  	-0.0256  	0.14880  	-0.0095  	0.03107  	0.00427  	-0.0398  	0.10221  	
-0.3415  	0.01614  	-0.4350  	-1.3771  	-0.7067  	-1.4291  	0.34342  	0.17862  	0.05188  	0.38340  	0.08297  	-0.2853  	0.37868  	0.20434  	0.06596  	0.29092  	-0.1353  	-0.1672  	0.10607  	-0.1192  	0.00516  	0.41141  	-0.3500  	0.42878  	0.91438  	-0.4213  	0.49255  	-0.8027  	0.07216  	0.51811  	0.21414  	0.11436  	-0.2405  	0.00277  	0.43021  	-0.0024  	0.34002  	0.09723  	-0.6052  	0.34858  	0.23514  	0.07383  	-0.1157  	0.40031  	0.01568  	-0.0734  	0.01050  	0.01426  	0.04645  	-0.1023  	-0.0008  	-0.0423  	-0.0359  	0.01194  	-0.0391  	-0.0527  	0.00510  	-0.0020  	-0.0295  	0.01944  	-0.0012  	-0.0100  	0.06168  	-0.0140  	0.14880  	-0.0095  	0.03107  	0.00427  	-0.0398  	0.10221  	
-0.6317  	-0.0952  	-0.3895  	-1.8288  	-0.9165  	-1.4269  	0.32662  	0.16189  	0.07862  	0.32796  	0.50977  	-0.1830  	0.18139  	-0.2430  	-0.4218  	0.50779  	-0.1597  	-0.0818  	0.12678  	0.07180  	0.06657  	0.29451  	-0.4053  	0.41561  	0.69443  	-0.3855  	0.26674  	-0.6652  	-0.0218  	0.36246  	0.23150  	0.11755  	-0.2082  	0.00352  	0.35302  	0.02719  	0.40703  	0.14670  	-0.6494  	0.34048  	0.33053  	0.03782  	-0.1256  	0.39989  	0.00522  	-0.0796  	0.01704  	-0.0020  	0.03227  	-0.0894  	-0.0089  	-0.0451  	-0.0335  	0.02223  	-0.0421  	-0.0568  	0.01062  	0.00289  	-0.0240  	0.01165  	-0.0044  	-0.0012  	0.06761  	-0.0212  	0.14880  	-0.0095  	0.03107  	0.00427  	-0.0398  	0.10221  	
-0.5826  	-0.0885  	-0.4000  	-1.7552  	-0.9197  	-1.4491  	0.27704  	0.10147  	0.06718  	0.35415  	0.55804  	-0.1784  	0.16371  	-0.2997  	-0.5189  	0.60589  	-0.1219  	-0.1188  	0.15095  	0.05377  	0.03372  	0.25023  	-0.4011  	0.40857  	0.80718  	-0.3956  	0.31460  	-0.6482  	-0.0735  	0.41778  	0.21111  	0.13963  	-0.2391  	-0.0068  	0.37378  	0.08612  	0.40995  	0.14363  	-0.6719  	0.31533  	0.30563  	0.04446  	-0.1331  	0.37740  	0.01316  	-0.0675  	0.01187  	-0.0050  	0.02608  	-0.0930  	0.00258  	-0.0411  	-0.0296  	0.01642  	-0.0407  	-0.0467  	0.01181  	-0.0023  	-0.0245  	0.02336  	-0.0058  	-0.0181  	0.08042  	-0.0216  	0.14880  	-0.0095  	0.03107  	0.00427  	-0.0398  	0.10221  	
-0.5820  	-0.0899  	-0.4165  	-1.5531  	-0.8147  	-1.4111  	0.25623  	0.12828  	0.05358  	0.31523  	0.42368  	-0.1282  	0.19124  	-0.2337  	-0.3453  	0.53899  	-0.1325  	-0.1032  	0.14307  	0.09614  	0.00647  	0.28609  	-0.4440  	0.42948  	0.82840  	-0.3970  	0.33893  	-0.5982  	0.00245  	0.45211  	0.17346  	0.14310  	-0.2274  	0.00198  	0.38495  	0.08617  	0.36091  	0.13408  	-0.6477  	0.31970  	0.26877  	0.04653  	-0.1306  	0.39009  	0.01896  	-0.0697  	0.01143  	0.01057  	0.02863  	-0.1006  	0.00386  	-0.0475  	-0.0255  	0.01484  	-0.0403  	-0.0485  	0.02599  	0.00141  	-0.0232  	0.03140  	-0.0047  	-0.0238  	0.07221  	-0.0150  	0.14880  	-0.0095  	0.03107  	0.00427  	-0.0398  	0.10221  	
-0.3357  	-0.0198  	-0.3569  	-1.3551  	-0.7371  	-1.2710  	0.27522  	0.22216  	0.08025  	0.23022  	0.23208  	-0.0923  	0.24473  	-0.0337  	-0.0589  	0.50748  	-0.1091  	-0.1237  	0.10706  	0.01179  	0.13872  	0.30871  	-0.3567  	0.42116  	0.81754  	-0.4224  	0.37961  	-0.6599  	-0.0330  	0.47209  	0.18461  	0.14364  	-0.2211  	-0.0008  	0.44147  	-0.0274  	0.39890  	0.12707  	-0.6285  	0.33930  	0.23464  	0.04119  	-0.1284  	0.39116  	0.01764  	-0.0709  	0.01441  	0.00267  	0.04219  	-0.0877  	0.01631  	-0.0500  	-0.0268  	0.01370  	-0.0417  	-0.0428  	0.01623  	0.00202  	-0.0257  	0.02699  	-0.0116  	-0.0124  	0.07698  	-0.0165  	0.14880  	-0.0095  	0.03107  	0.00427  	-0.0398  	0.10221  	
-0.1995  	0.05553  	-0.2194  	-1.5072  	-0.8020  	-1.2207  	0.33142  	0.33991  	0.12294  	0.26137  	0.44299  	-0.0964  	0.26604  	0.04906  	-0.0669  	0.58674  	-0.1377  	-0.1529  	0.13545  	-0.0309  	0.26488  	0.33486  	-0.3578  	0.47531  	0.75613  	-0.4372  	0.42808  	-0.8132  	-0.1681  	0.40084  	0.17777  	0.15549  	-0.2037  	-0.0139  	0.50787  	-0.0353  	0.49738  	0.17287  	-0.6975  	0.29147  	0.26106  	0.04552  	-0.1370  	0.39101  	0.00294  	-0.0691  	0.00531  	0.00500  	0.03784  	-0.0848  	0.00285  	-0.0452  	-0.0244  	0.01622  	-0.0380  	-0.0376  	0.01518  	0.00245  	-0.0335  	0.02585  	0.00059  	-0.0047  	0.07648  	-0.0168  	0.14880  	-0.0095  	0.03107  	0.00427  	-0.0398  	0.10221  	
-0.2794  	0.06339  	-0.1641  	-1.7227  	-0.9638  	-1.2717  	0.33026  	0.34804  	0.16456  	0.33466  	0.56857  	-0.0230  	0.24038  	-0.0140  	-0.3364  	0.66391  	-0.1420  	-0.1184  	0.14141  	0.05846  	0.23827  	0.29698  	-0.3145  	0.37466  	0.67741  	-0.4041  	0.23631  	-0.7344  	-0.1541  	0.35987  	0.23310  	0.13029  	-0.1492  	-0.0098  	0.38856  	-0.0533  	0.46496  	0.17425  	-0.6343  	0.26249  	0.34140  	0.01716  	-0.0787  	0.39487  	-6.7958  	-0.0656  	0.01817  	0.01902  	0.03830  	-0.0951  	-0.0057  	-0.0419  	-0.0293  	0.02003  	-0.0430  	-0.0538  	0.00748  	-0.0022  	-0.0370  	0.01914  	-0.0031  	-0.0121  	0.08375  	-0.0185  	0.14880  	-0.0095  	0.03107  	0.00427  	-0.0398  	0.10221  	
-0.4935  	-0.0368  	-0.2347  	-1.8631  	-0.9960  	-1.3519  	0.30605  	0.31448  	0.13577  	0.40070  	0.54924  	-0.0868  	0.20889  	0.00469  	-0.4811  	0.60795  	-0.1326  	-0.0674  	0.15815  	0.08304  	0.19150  	0.23638  	-0.3629  	0.33506  	0.78487  	-0.4515  	0.29428  	-0.6856  	-0.1088  	0.36325  	0.22981  	0.11717  	-0.1943  	-0.0222  	0.37684  	-0.0031  	0.45955  	0.15487  	-0.6227  	0.24324  	0.33840  	0.01822  	-0.0883  	0.38685  	0.02062  	-0.0697  	0.01802  	0.01675  	0.03938  	-0.0648  	-0.0048  	-0.0529  	-0.0246  	0.02052  	-0.0365  	-0.0538  	0.02015  	-0.0020  	-0.0304  	0.02657  	-0.0100  	-0.0130  	0.08474  	-0.0146  	0.14880  	-0.0095  	0.03107  	0.00427  	-0.0398  	0.10221  	
-0.7077  	-0.0850  	-0.4210  	-1.8953  	-0.9662  	-1.5195  	0.25571  	0.12856  	0.10040  	0.42022  	0.56751  	-0.1375  	0.19923  	-0.1794  	-0.5277  	0.47038  	-0.1357  	-0.0507  	0.17780  	0.06711  	0.09995  	0.25296  	-0.3684  	0.39543  	0.77835  	-0.4135  	0.27486  	-0.6749  	-0.0706  	0.36029  	0.23769  	0.11128  	-0.1935  	-0.0281  	0.35629  	0.05369  	0.41245  	0.13006  	-0.6417  	0.29522  	0.33185  	0.03272  	-0.1210  	0.36875  	0.01044  	-0.0666  	0.01766  	0.00560  	0.02560  	-0.0680  	0.00792  	-0.0445  	-0.0205  	0.02074  	-0.0458  	-0.0526  	0.01607  	0.00217  	-0.0173  	0.02119  	-0.0038  	-0.0050  	0.07120  	-0.0168  	0.14880  	-0.0095  	0.03107  	0.00427  	-0.0398  	0.10221  	
-0.9826  	-0.1433  	-0.5888  	-2.0863  	-1.0635  	-1.7264  	0.24751  	0.07835  	0.02065  	0.47034  	0.69768  	-0.1789  	0.12941  	-0.2831  	-0.5877  	0.35409  	-0.1368  	-0.0197  	0.14303  	0.08127  	0.04241  	0.24818  	-0.3272  	0.36884  	0.72009  	-0.3752  	0.20414  	-0.6339  	-0.0228  	0.35373  	0.24578  	0.08135  	-0.2185  	-0.0134  	0.29467  	0.05779  	0.34284  	0.11099  	-0.6121  	0.29297  	0.32513  	0.04690  	-0.1496  	0.38143  	0.02663  	-0.0684  	0.01862  	-0.0231  	0.01519  	-0.0871  	-0.0044  	-0.0470  	-0.0272  	0.01880  	-0.0465  	-0.0616  	0.01938  	0.00682  	-0.0213  	0.01838  	0.00172  	-0.0136  	0.07090  	-0.0166  	0.14880  	-0.0095  	0.03107  	0.00427  	-0.0398  	0.10221  	
-0.7287  	-0.0983  	-0.5348  	-1.7205  	-0.8450  	-1.6217  	0.25722  	0.21990  	0.08112  	0.32044  	0.59627  	-0.0114  	0.19587  	-0.1115  	-0.2621  	0.46222  	-0.1240  	-0.0829  	0.11343  	0.10047  	0.09972  	0.25368  	-0.3534  	0.43215  	0.64762  	-0.3666  	0.22391  	-0.6380  	-0.0454  	0.39151  	0.23294  	0.08711  	-0.1943  	0.00562  	0.39979  	-0.0258  	0.36270  	0.10620  	-0.6537  	0.35185  	0.27632  	0.04609  	-0.1766  	0.35541  	0.02633  	-0.0756  	0.02534  	-0.0227  	0.02193  	-0.0861  	0.01745  	-0.0461  	-0.0431  	0.02075  	-0.0542  	-0.0441  	0.00993  	-0.0091  	-0.0284  	0.02495  	0.00353  	-0.0061  	0.06750  	-0.0198  	0.14880  	-0.0095  	0.03107  	0.00427  	-0.0398  	0.10221  	
-0.2035  	0.05733  	-0.1513  	-1.5730  	-0.8448  	-1.2111  	0.34917  	0.32132  	0.13274  	0.31290  	0.17830  	-0.1402  	0.38578  	0.31085  	0.11559  	0.37866  	-0.0887  	-0.1490  	0.07856  	-0.0927  	0.13859  	0.39913  	-0.2647  	0.48651  	0.71689  	-0.3863  	0.34201  	-0.7933  	-0.0509  	0.41554  	0.24731  	0.09741  	-0.1635  	-0.0169  	0.34925  	-0.0854  	0.38871  	0.12039  	-0.6198  	0.34377  	0.32039  	0.03976  	-0.1000  	0.40756  	-0.0010  	-0.0704  	0.01112  	0.03640  	0.04342  	-0.0876  	-0.0150  	-0.0424  	-0.0262  	0.01254  	-0.0496  	-0.0434  	-0.0021  	-0.0103  	-0.0315  	0.02557  	0.00968  	0.00516  	0.06292  	-0.0136  	0.14880  	-0.0095  	0.03107  	0.00427  	-0.0398  	0.10221  	
-0.2053  	0.04886  	-0.2653  	-1.2898  	-0.7002  	-1.2358  	0.38350  	0.26806  	0.09152  	0.28310  	0.07960  	-0.2852  	0.38916  	0.32994  	0.16394  	0.34090  	-0.1033  	-0.1877  	0.07482  	-0.0868  	0.06777  	0.44734  	-0.3716  	0.48271  	0.91443  	-0.4193  	0.48544  	-0.7960  	0.03620  	0.50964  	0.21688  	0.10998  	-0.1966  	-0.0002  	0.42777  	-0.0309  	0.36307  	0.09862  	-0.5996  	0.34373  	0.25048  	0.06075  	-0.1435  	0.40295  	0.00389  	-0.0711  	0.01120  	0.03378  	0.05123  	-0.0955  	-0.0002  	-0.0444  	-0.0266  	0.01474  	-0.0470  	-0.0423  	0.00774  	-0.0059  	-0.0349  	0.02543  	0.00047  	-0.0011  	0.06720  	-0.0242  	0.14880  	-0.0095  	0.03107  	0.00427  	-0.0398  	0.10221  	
-0.4064  	-0.0152  	-0.5429  	-1.0612  	-0.4725  	-1.3207  	0.33744  	0.27310  	0.07397  	0.27461  	0.17437  	-0.0056  	0.38608  	0.18604  	0.15013  	0.45607  	-0.1181  	-0.1703  	0.10504  	0.02103  	0.00134  	0.40929  	-0.4538  	0.40132  	0.86696  	-0.3908  	0.39506  	-0.5873  	0.05509  	0.52086  	0.19197  	0.08913  	-0.1871  	0.01962  	0.47280  	-0.0170  	0.30175  	0.07790  	-0.5787  	0.31723  	0.21746  	0.08731  	-0.1557  	0.37217  	0.00614  	-0.0686  	0.01565  	-0.0036  	0.03661  	-0.1000  	-0.0011  	-0.0515  	-0.0343  	0.00728  	-0.0416  	-0.0363  	0.02831  	0.00295  	-0.0278  	0.01467  	0.00365  	0.00355  	0.06386  	-0.0242  	0.14880  	-0.0095  	0.03107  	0.00427  	-0.0398  	0.10221  	
-0.4655  	-0.0247  	-0.5217  	-1.1590  	-0.5075  	-1.4179  	0.33265  	0.23508  	0.11575  	0.26777  	0.16929  	0.04410  	0.39184  	0.26577  	0.00818  	0.50121  	-0.1552  	-0.1161  	0.07690  	0.05321  	-0.0089  	0.38622  	-0.5081  	0.38994  	0.83015  	-0.4022  	0.32888  	-0.5123  	0.09474  	0.50527  	0.20062  	0.07778  	-0.1630  	0.03346  	0.45359  	-0.0249  	0.28417  	0.06696  	-0.5974  	0.35400  	0.20840  	0.07141  	-0.1486  	0.37595  	0.01593  	-0.0691  	0.01902  	0.00929  	0.03708  	-0.0950  	-0.0018  	-0.0580  	-0.0393  	0.00863  	-0.0465  	-0.0466  	0.01594  	-0.0057  	-0.0225  	0.02433  	-0.0056  	0.00321  	0.05936  	-0.0120  	0.14880  	-0.0095  	0.03107  	0.00427  	-0.0398  	0.10221  	
-0.7434  	-0.0776  	-0.5305  	-1.8201  	-0.8466  	-1.6217  	0.32167  	0.11581  	0.09650  	0.40630  	0.48580  	-0.0726  	0.19664  	-0.1979  	-0.3715  	0.45245  	-0.1709  	-0.0064  	0.11592  	0.12684  	0.01854  	0.28591  	-0.4318  	0.40467  	0.70748  	-0.3884  	0.20120  	-0.5419  	-0.0046  	0.37551  	0.23954  	0.09309  	-0.1967  	0.01533  	0.35539  	0.04898  	0.32145  	0.09344  	-0.6256  	0.35614  	0.29008  	0.06079  	-0.1439  	0.37264  	0.01764  	-0.0710  	0.01587  	-0.0072  	0.01876  	-0.0829  	0.00237  	-0.0458  	-0.0278  	0.01721  	-0.0460  	-0.0554  	0.02578  	0.00751  	-0.0259  	0.01981  	-3.3191  	-0.0052  	0.05714  	-0.0135  	0.14880  	-0.0095  	0.03107  	0.00427  	-0.0398  	0.10221  	
-0.8807  	-0.1798  	-0.5383  	-2.0990  	-1.0824  	-1.6034  	0.27497  	0.03102  	0.05643  	0.41880  	0.63785  	-0.2309  	0.10587  	-0.4590  	-0.6718  	0.41118  	-0.1083  	-0.0188  	0.15227  	0.05359  	0.01813  	0.26119  	-0.2502  	0.34035  	0.71099  	-0.3517  	0.17014  	-0.5584  	0.03269  	0.35783  	0.23794  	0.09271  	-0.2533  	-0.0027  	0.21490  	0.09126  	0.35032  	0.11983  	-0.6228  	0.29714  	0.39623  	0.02467  	-0.1223  	0.39169  	0.02807  	-0.0665  	0.02089  	-0.0023  	0.01286  	-0.0829  	-0.0030  	-0.0439  	-0.0265  	0.01296  	-0.0453  	-0.0651  	0.01976  	0.00419  	-0.0248  	0.01697  	-0.0010  	-0.0185  	0.07013  	-0.0068  	0.14880  	-0.0095  	0.03107  	0.00427  	-0.0398  	0.10221  	
-0.8954  	-0.1554  	-0.5315  	-2.0180  	-1.1035  	-1.5924  	0.27151  	0.02636  	0.05724  	0.41359  	0.58155  	-0.2122  	0.10673  	-0.4729  	-0.6349  	0.43294  	-0.0851  	-0.0174  	0.13213  	0.03048  	-0.0610  	0.26938  	-0.2225  	0.30334  	0.69040  	-0.3397  	0.15649  	-0.5570  	0.06219  	0.37825  	0.25111  	0.09939  	-0.2542  	-0.0042  	0.17433  	0.08974  	0.31515  	0.13084  	-0.6127  	0.28698  	0.41938  	0.03088  	-0.0994  	0.40568  	0.01592  	-0.0713  	0.02135  	-0.0051  	0.02364  	-0.0896  	-0.0058  	-0.0406  	-0.0272  	0.01744  	-0.0373  	-0.0671  	0.01404  	0.00616  	-0.0262  	0.01353  	0.00061  	-0.0048  	0.07061  	-0.0054  	0.14880  	-0.0095  	0.03107  	0.00427  	-0.0398  	0.10221  	
-0.8977  	-0.1328  	-0.5428  	-1.9888  	-1.0285  	-1.6014  	0.28797  	0.08362  	0.04419  	0.42703  	0.52571  	-0.1506  	0.15225  	-0.4177  	-0.5813  	0.46048  	-0.1263  	0.02443  	0.12444  	0.06826  	-0.1651  	0.27498  	-0.2753  	0.25489  	0.67034  	-0.3510  	0.08273  	-0.4653  	0.15853  	0.36786  	0.26625  	0.07746  	-0.2246  	0.01749  	0.13086  	0.08704  	0.23450  	0.11672  	-0.5752  	0.31458  	0.44392  	0.00732  	-0.0854  	0.41523  	0.00082  	-0.0743  	0.02193  	0.00541  	0.02731  	-0.0981  	-0.0115  	-0.0431  	-0.0277  	0.01252  	-0.0391  	-0.0710  	0.01362  	0.00098  	-0.0302  	0.01343  	0.00600  	-0.0037  	0.07398  	-0.0062  	0.14880  	-0.0095  	0.03107  	0.00427  	-0.0398  	0.10221  	
-0.9273  	-0.1357  	-0.5395  	-1.9546  	-1.0065  	-1.6851  	0.28782  	0.08194  	0.05600  	0.48272  	0.57054  	-0.1224  	0.14544  	-0.3746  	-0.5833  	0.45555  	-0.1542  	0.02783  	0.11790  	0.09942  	-0.1244  	0.28107  	-0.3223  	0.26635  	0.66883  	-0.3681  	0.06554  	-0.4573  	0.12378  	0.36363  	0.26046  	0.07970  	-0.2198  	0.02174  	0.18669  	0.08279  	0.25130  	0.11410  	-0.5720  	0.30905  	0.42118  	0.02005  	-0.1035  	0.40311  	-0.0018  	-0.0743  	0.02412  	0.00836  	0.02824  	-0.0968  	-0.0111  	-0.0402  	-0.0297  	0.01848  	-0.0377  	-0.0667  	0.01166  	0.00192  	-0.0290  	0.01526  	0.00840  	-0.0026  	0.07428  	-0.0093  	0.14880  	-0.0095  	0.03107  	0.00427  	-0.0398  	0.10221  	
-0.9805  	-0.1445  	-0.5791  	-1.9880  	-1.0132  	-1.7516  	0.28542  	0.07664  	0.05900  	0.49134  	0.63394  	-0.1080  	0.12278  	-0.3822  	-0.6285  	0.43102  	-0.1542  	0.01492  	0.11719  	0.08572  	-0.1117  	0.29025  	-0.3046  	0.27983  	0.64575  	-0.3552  	0.09265  	-0.4938  	0.09587  	0.35269  	0.25585  	0.08070  	-0.2345  	0.01376  	0.20577  	0.08012  	0.26391  	0.11804  	-0.5869  	0.28689  	0.41196  	0.02199  	-0.1059  	0.39033  	0.01216  	-0.0752  	0.02574  	0.00332  	0.02648  	-0.0970  	-0.0086  	-0.0468  	-0.0270  	0.02004  	-0.0338  	-0.0621  	0.01350  	0.00202  	-0.0254  	0.01789  	0.00672  	-0.0055  	0.07217  	-0.0076  	0.14880  	-0.0095  	0.03107  	0.00427  	-0.0398  	0.10221  	
-0.9961  	-0.1557  	-0.6090  	-2.0483  	-1.0521  	-1.7491  	0.28739  	0.07201  	0.05053  	0.48865  	0.65355  	-0.1479  	0.09841  	-0.4087  	-0.6705  	0.42712  	-0.1537  	-0.0016  	0.11945  	0.06818  	-0.0630  	0.28145  	-0.2953  	0.27934  	0.64295  	-0.3484  	0.12277  	-0.5229  	0.06641  	0.34766  	0.25607  	0.09008  	-0.2367  	0.00124  	0.21018  	0.07699  	0.30149  	0.11635  	-0.5973  	0.28496  	0.40368  	0.03007  	-0.1114  	0.39825  	0.01688  	-0.0734  	0.02918  	-0.0136  	0.02152  	-0.0921  	-0.0102  	-0.0461  	-0.0281  	0.01639  	-0.0352  	-0.0603  	0.01008  	0.00256  	-0.0261  	0.01312  	0.00406  	-0.0039  	0.07046  	-0.0095  	0.14880  	-0.0095  	0.03107  	0.00427  	-0.0398  	0.10221  	
-1.0129  	-0.1572  	-0.5884  	-2.0585  	-1.0488  	-1.7472  	0.28414  	0.06147  	0.05899  	0.49762  	0.62697  	-0.1418  	0.09702  	-0.4049  	-0.6815  	0.44096  	-0.1464  	0.00930  	0.11269  	0.07842  	-0.0784  	0.26279  	-0.2974  	0.27760  	0.62538  	-0.3449  	0.08363  	-0.5114  	0.07708  	0.34584  	0.26544  	0.08400  	-0.2384  	0.00708  	0.19753  	0.06642  	0.28080  	0.11903  	-0.5844  	0.29246  	0.41406  	0.02375  	-0.1063  	0.40387  	0.01806  	-0.0744  	0.02706  	-0.0147  	0.02462  	-0.0954  	-0.0133  	-0.0443  	-0.0267  	0.01846  	-0.0333  	-0.0638  	0.00802  	0.00424  	-0.0284  	0.01298  	0.00399  	-0.0048  	0.07328  	-0.0099  	0.14880  	-0.0095  	0.03107  	0.00427  	-0.0398  	0.10221  	
-1.0188  	-0.1601  	-0.5973  	-2.0859  	-1.0572  	-1.7501  	0.28141  	0.06865  	0.05625  	0.47431  	0.63764  	-0.1609  	0.11227  	-0.4004  	-0.6666  	0.43773  	-0.1422  	-0.0019  	0.11124  	0.08091  	-0.0768  	0.27403  	-0.2924  	0.29051  	0.63336  	-0.3421  	0.09655  	-0.5316  	0.06686  	0.35045  	0.27292  	0.07855  	-0.2275  	0.00942  	0.20082  	0.06076  	0.28510  	0.11890  	-0.5992  	0.28183  	0.41771  	0.02243  	-0.1060  	0.40177  	0.02220  	-0.0760  	0.02356  	-0.0186  	0.02321  	-0.0967  	-0.0161  	-0.0447  	-0.0255  	0.01384  	-0.0381  	-0.0648  	0.00941  	0.00335  	-0.0290  	0.01283  	0.00619  	-0.0045  	0.07982  	-0.0078  	0.14880  	-0.0095  	0.03107  	0.00427  	-0.0398  	0.10221  	
-0.9374  	-0.1464  	-0.5833  	-2.0117  	-1.0276  	-1.7010  	0.26736  	0.09326  	0.06826  	0.45370  	0.58371  	-0.1160  	0.12725  	-0.3706  	-0.5858  	0.45560  	-0.1253  	-0.0043  	0.12443  	0.07343  	-0.0612  	0.28006  	-0.2883  	0.27808  	0.63286  	-0.3476  	0.08420  	-0.5235  	0.08456  	0.35970  	0.27080  	0.07078  	-0.2226  	0.01349  	0.20914  	0.04957  	0.28720  	0.12343  	-0.5959  	0.29145  	0.40411  	0.02064  	-0.1076  	0.39737  	0.01491  	-0.0746  	0.02751  	-0.0121  	0.02962  	-0.1001  	-0.0108  	-0.0457  	-0.0257  	0.01546  	-0.0386  	-0.0669  	0.01408  	0.00603  	-0.0341  	0.01522  	0.00284  	-0.0061  	0.08024  	-0.0058  	0.14880  	-0.0095  	0.03107  	0.00427  	-0.0398  	0.10221  	
-0.8320  	-0.1209  	-0.5593  	-1.9251  	-0.9828  	-1.6406  	0.26909  	0.12277  	0.07217  	0.40748  	0.56590  	-0.0878  	0.14873  	-0.3110  	-0.5061  	0.47340  	-0.1168  	-0.0127  	0.12023  	0.07640  	-0.0204  	0.27607  	-0.2931  	0.29283  	0.63348  	-0.3566  	0.09875  	-0.5197  	0.07869  	0.36538  	0.25575  	0.07688  	-0.2140  	0.00931  	0.23906  	0.03442  	0.30332  	0.12822  	-0.6080  	0.29893  	0.39128  	0.02635  	-0.1122  	0.39249  	0.01524  	-0.0735  	0.02896  	-0.0135  	0.02679  	-0.0962  	-0.0032  	-0.0475  	-0.0258  	0.01572  	-0.0361  	-0.0632  	0.01808  	0.00563  	-0.0327  	0.01885  	0.00056  	-0.0069  	0.07657  	-0.0067  	0.14880  	-0.0095  	0.03107  	0.00427  	-0.0398  	0.10221  	
-0.7757  	-0.0935  	-0.5046  	-1.8536  	-0.9612  	-1.5849  	0.25441  	0.12997  	0.07568  	0.37198  	0.54694  	-0.0860  	0.16337  	-0.2290  	-0.4234  	0.45156  	-0.1209  	-0.0498  	0.10056  	0.05217  	0.01058  	0.29503  	-0.3061  	0.30062  	0.63297  	-0.3525  	0.12635  	-0.5328  	0.04253  	0.36272  	0.25285  	0.08228  	-0.1863  	0.01792  	0.27232  	0.01680  	0.33213  	0.12891  	-0.6137  	0.28651  	0.38035  	0.02941  	-0.1077  	0.39158  	0.01520  	-0.0683  	0.02712  	-0.0198  	0.01225  	-0.0847  	-0.0102  	-0.0441  	-0.0273  	0.01866  	-0.0365  	-0.0611  	0.01347  	0.00353  	-0.0324  	0.01886  	0.00070  	-0.0047  	0.06874  	-0.0101  	0.14880  	-0.0095  	0.03107  	0.00427  	-0.0398  	0.10221  	
-0.6007  	-0.0138  	-0.3870  	-1.7575  	-0.9626  	-1.4686  	0.25613  	0.20962  	0.10110  	0.30590  	0.54551  	-0.0970  	0.20154  	-0.0895  	-0.2770  	0.47874  	-0.1334  	-0.0993  	0.10474  	0.06061  	0.15302  	0.29360  	-0.3099  	0.34815  	0.63760  	-0.3671  	0.19466  	-0.6280  	-0.0685  	0.35553  	0.25580  	0.09369  	-0.1617  	0.00840  	0.36281  	-0.0507  	0.41613  	0.15206  	-0.6674  	0.26530  	0.36557  	0.03355  	-0.1233  	0.38505  	0.01099  	-0.0696  	0.03015  	-0.0221  	0.01131  	-0.0827  	-0.0136  	-0.0442  	-0.0239  	0.01750  	-0.0444  	-0.0551  	0.01170  	-0.0008  	-0.0345  	0.01854  	0.00630  	-0.0007  	0.06999  	-0.0109  	0.14880  	-0.0095  	0.03107  	0.00427  	-0.0398  	0.10221  	
-0.4809  	0.04795  	-0.3078  	-1.7492  	-0.9925  	-1.4181  	0.27902  	0.27980  	0.13124  	0.29038  	0.5953  	-0.1099  	0.21086  	-0.0066  	-0.2630  	0.52720  	-0.1208  	-0.1062  	0.09754  	-0.0015  	0.24725  	0.28047  	-0.2837  	0.36946  	0.62302  	-0.3778  	0.26170  	-0.7348  	-0.1387  	0.34560  	0.24871  	0.10394  	-0.1551  	-0.0038  	0.41836  	-0.0946  	0.46969  	0.17421  	-0.6923  	0.25310  	0.34717  	0.02022  	-0.1139  	0.38278  	0.00816  	-0.0660  	0.03036  	-0.0180  	0.01172  	-0.0801  	-0.0142  	-0.0425  	-0.0269  	0.01854  	-0.0404  	-0.0561  	0.00627  	0.00037  	-0.0362  	0.01506  	0.00438  	0.00537  	0.07311  	-0.0138  	0.14880  	-0.0095  	0.03107  	0.00427  	-0.0398  	0.10221  	
-0.2973  	0.08172  	-0.2214  	-1.6354  	-0.9868  	-1.2819  	0.28444  	0.37243  	0.19956  	0.21772  	0.59388  	-0.1000  	0.22139  	0.07120  	-0.1092  	0.58421  	-0.0970  	-0.1892  	0.11050  	-0.0811  	0.38357  	0.32696  	-0.2150  	0.48604  	0.62556  	-0.3943  	0.36719  	-0.9316  	-0.2975  	0.34733  	0.22935  	0.15134  	-0.1569  	-0.0179  	0.49353  	-0.1497  	0.59316  	0.21198  	-0.7418  	0.21296  	0.30236  	0.01804  	-0.1210  	0.38415  	0.00439  	-0.0670  	0.01972  	-0.0078  	0.02313  	-0.0752  	-0.0188  	-0.0429  	-0.0268  	0.02283  	-0.0460  	-0.0457  	-0.0005  	0.00392  	-0.0341  	0.02292  	0.00520  	0.00309  	0.06842  	-0.0186  	0.14880  	-0.0095  	0.03107  	0.00427  	-0.0398  	0.10221  	
-0.2299  	0.08538  	-0.1930  	-1.6281  	-0.9792  	-1.2343  	0.30127  	0.38597  	0.20066  	0.20830  	0.60742  	-0.0901  	0.23399  	0.07596  	-0.0966  	0.61098  	-0.0871  	-0.2012  	0.10884  	-0.0955  	0.39091  	0.32780  	-0.2029  	0.51001  	0.63182  	-0.4005  	0.40674  	-0.9495  	-0.3257  	0.35821  	0.22704  	0.15683  	-0.1638  	-0.0133  	0.50921  	-0.1427  	0.60818  	0.21814  	-0.7270  	0.21222  	0.26844  	0.03161  	-0.1201  	0.38081  	0.00297  	-0.0678  	0.01822  	-0.0022  	0.03004  	-0.0863  	-0.0176  	-0.0399  	-0.0253  	0.02519  	-0.0443  	-0.0420  	0.00111  	0.00373  	-0.0383  	0.02403  	0.00574  	0.00051  	0.07227  	-0.0116  	0.14880  	-0.0095  	0.03107  	0.00427  	-0.0398  	0.10221  	
-0.2728  	0.08757  	-0.2028  	-1.6475  	-0.9213  	-1.2998  	0.31464  	0.32972  	0.18697  	0.26981  	0.57604  	-0.0708  	0.25048  	0.05623  	-0.2366  	0.61825  	-0.1278  	-0.1225  	0.09569  	0.01234  	0.27333  	0.27965  	-0.3098  	0.42872  	0.66514  	-0.3904  	0.28677  	-0.7796  	-0.1718  	0.35699  	0.23198  	0.11687  	-0.1326  	-0.0097  	0.45004  	-0.0849  	0.49382  	0.17269  	-0.6817  	0.23953  	0.31931  	0.02241  	-0.0996  	0.37388  	0.00668  	-0.0723  	0.02679  	0.00449  	0.03174  	-0.0867  	-0.0049  	-0.0452  	-0.0272  	0.01912  	-0.0419  	-0.0473  	0.00548  	0.00084  	-0.0383  	0.02009  	0.00167  	-0.0062  	0.07447  	-0.0142  	0.14880  	-0.0095  	0.03107  	0.00427  	-0.0398  	0.10221  	
-0.3686  	0.01784  	-0.2570  	-1.6889  	-0.9101  	-1.3578  	0.33482  	0.26647  	0.15548  	0.30346  	0.53987  	-0.0962  	0.24123  	-0.0460  	-0.2758  	0.55893  	-0.1270  	-0.0729  	0.08316  	0.02907  	0.13861  	0.26545  	-0.3488  	0.37399  	0.68225  	-0.3845  	0.23254  	-0.6529  	-0.0692  	0.36724  	0.21997  	0.11461  	-0.1564  	-0.0093  	0.39007  	-0.0299  	0.42589  	0.15991  	-0.6495  	0.25844  	0.32739  	0.02530  	-0.0968  	0.37918  	0.00722  	-0.0744  	0.02236  	0.00753  	0.02916  	-0.0980  	-0.0024  	-0.0461  	-0.0275  	0.01207  	-0.0446  	-0.0514  	0.01666  	0.00063  	-0.0332  	0.01555  	0.00188  	-0.0145  	0.07541  	-0.0058  	0.14880  	-0.0095  	0.03107  	0.00427  	-0.0398  	0.10221  	
-0.4512  	0.02306  	-0.3152  	-1.6684  	-0.8689  	-1.3634  	0.33064  	0.25431  	0.14193  	0.31660  	0.49256  	-0.0799  	0.22816  	-0.0193  	-0.3121  	0.56556  	-0.1197  	-0.0570  	0.11585  	0.03109  	0.10220  	0.25637  	-0.3615  	0.37649  	0.73763  	-0.3946  	0.24307  	-0.6231  	0.00871  	0.39582  	0.22287  	0.09483  	-0.1655  	-0.0033  	0.36784  	-0.0142  	0.39620  	0.14691  	-0.6404  	0.27409  	0.35354  	0.02209  	-0.1113  	0.37492  	0.00931  	-0.0712  	0.01907  	0.00820  	0.02646  	-0.0879  	-0.0040  	-0.0457  	-0.0311  	0.01213  	-0.0392  	-0.0533  	0.01518  	-0.0008  	-0.0314  	0.01741  	-0.0019  	-0.0108  	0.07981  	-0.0080  	0.14880  	-0.0095  	0.03107  	0.00427  	-0.0398  	0.10221  	
-0.4776  	-0.0325  	-0.3398  	-1.8062  	-0.9412  	-1.4307  	0.30422  	0.17424  	0.13192  	0.38578  	0.50511  	-0.1152  	0.24181  	-0.1190  	-0.4977  	0.59676  	-0.1581  	-0.0485  	0.11633  	0.06391  	-0.0342  	0.23627  	-0.4012  	0.34899  	0.74600  	-0.4200  	0.19084  	-0.6088  	0.01284  	0.39140  	0.23509  	0.08744  	-0.1703  	-0.0060  	0.32451  	0.03023  	0.37737  	0.13440  	-0.6233  	0.29078  	0.37272  	0.02688  	-0.0933  	0.37162  	0.01252  	-0.0736  	0.02299  	0.01443  	0.02433  	-0.0948  	-0.0006  	-0.0458  	-0.0278  	0.01605  	-0.0412  	-0.0497  	0.00889  	-0.0030  	-0.0360  	0.02396  	0.00269  	-0.0120  	0.08355  	0.00206  	0.14880  	-0.0095  	0.03107  	0.00427  	-0.0398  	0.10221  	
-0.8496  	-0.1067  	-0.5565  	-2.0713  	-1.0670  	-1.6999  	0.29613  	0.11879  	0.06515  	0.46941  	0.71461  	-0.1607  	0.17402  	-0.1708  	-0.6065  	0.44918  	-0.1095  	0.00591  	0.15508  	0.09569  	0.02052  	0.19393  	-0.4095  	0.41940  	0.77653  	-0.4126  	0.23228  	-0.6522  	-0.0487  	0.33789  	0.26878  	0.10741  	-0.1570  	-0.0183  	0.34081  	0.06846  	0.35997  	0.11186  	-0.6409  	0.30872  	0.36508  	0.03020  	-0.1404  	0.37935  	0.00942  	-0.0780  	0.02477  	-0.0067  	0.02564  	-0.0808  	-0.0016  	-0.0516  	-0.0329  	0.01290  	-0.0473  	-0.0558  	0.01437  	-0.0090  	-0.0304  	0.02209  	-0.0014  	0.01173  	0.08231  	-0.0144  	0.14880  	-0.0095  	0.03107  	0.00427  	-0.0398  	0.10221  	
-1.1601  	-0.1663  	-0.6988  	-2.2488  	-1.1174  	-1.8733  	0.21439  	0.04030  	0.01265  	0.48445  	0.84987  	-0.2104  	0.14404  	-0.2372  	-0.6328  	0.27441  	-0.1093  	-0.0634  	0.11156  	0.06541  	0.11154  	0.28081  	-0.2797  	0.44444  	0.63796  	-0.3562  	0.19505  	-0.6394  	-0.0549  	0.36268  	0.27284  	0.07655  	-0.2018  	0.00943  	0.31279  	0.03395  	0.33515  	0.10146  	-0.6357  	0.30378  	0.31723  	0.04161  	-0.1980  	0.34967  	0.01919  	-0.0718  	0.01460  	-0.0365  	0.02369  	-0.0949  	0.00229  	-0.0494  	-0.0240  	0.01591  	-0.0491  	-0.0569  	0.00546  	1.67709  	-0.0222  	0.02926  	0.00625  	0.01280  	0.05177  	-0.0178  	0.14880  	-0.0095  	0.03107  	0.00427  	-0.0398  	0.10221  	
-1.2088  	-0.1757  	-0.6981  	-2.2223  	-1.1070  	-1.9137  	0.22173  	0.12177  	-0.0300  	0.47905  	0.88639  	-0.2131  	0.18117  	-0.3545  	-0.6751  	0.25388  	-0.0540  	-0.2177  	0.16779  	-0.1655  	0.13960  	0.03516  	-0.5244  	0.37228  	0.54487  	-0.2224  	0.14055  	-0.7128  	0.06676  	0.33118  	0.38877  	0.02873  	-0.2990  	-0.1591  	0.22425  	0.00220  	0.22678  	0.10963  	-0.7299  	0.22091  	0.40550  	0.17450  	-0.2909  	0.44102  	-0.0446  	-0.0618  	0.00010  	-0.0039  	0.00572  	-0.1100  	0.00134  	-0.0456  	-0.0293  	0.03939  	-0.0365  	-0.0625  	0.01093  	-0.0101  	-0.0308  	0.03894  	0.01227  	0.00701  	0.05258  	-0.0112  	0.14880  	-0.0095  	0.03107  	0.00427  	-0.0398  	0.10221  	
-1.1209  	-0.1258  	-0.6020  	-2.2246  	-1.1311  	-1.9480  	0.20952  	0.19112  	-0.0289  	0.46993  	0.85976  	-0.2125  	0.24400  	-0.3950  	-0.5859  	0.17365  	0.03358  	-0.3485  	0.22390  	-0.4012  	0.15332  	-0.1137  	-0.7375  	0.42230  	0.54772  	-0.1747  	0.15497  	-0.8370  	0.11047  	0.31001  	0.46842  	-0.0269  	-0.3612  	-0.3075  	0.12477  	0.01185  	0.19714  	0.09488  	-0.8243  	0.13872  	0.48826  	0.29635  	-0.3899  	0.49464  	-0.0859  	-0.0312  	-0.0161  	0.02220  	-0.0110  	-0.1093  	-0.0012  	-0.0364  	-0.0308  	0.04917  	-0.0300  	-0.0723  	0.01762  	-0.0143  	-0.0241  	0.03322  	0.01319  	-0.0079  	0.03989  	-0.0144  	0.14880  	-0.0095  	0.03107  	0.00427  	-0.0398  	0.10221  	
-0.8884  	-0.0747  	-0.4333  	-2.1059  	-1.0798  	-1.7502  	0.20237  	0.28020  	0.01235  	0.43984  	0.60729  	-0.1894  	0.29212  	-0.2750  	-0.4368  	0.23011  	0.08458  	-0.4349  	0.27625  	-0.5162  	0.21540  	-0.1256  	-0.7693  	0.42406  	0.59493  	-0.1537  	0.28188  	-0.8892  	0.12436  	0.32113  	0.48924  	-0.0299  	-0.3979  	-0.3513  	0.12032  	-0.0615  	0.18367  	0.10211  	-0.8555  	0.13502  	0.51800  	0.29253  	-0.3621  	0.55557  	-0.1008  	-0.0376  	-0.0258  	0.03783  	-0.0185  	-0.1159  	0.00194  	-0.0346  	-0.0280  	0.04960  	-0.0396  	-0.0649  	0.01087  	-0.0275  	-0.0282  	0.04015  	0.01523  	-0.0120  	0.02903  	-0.0149  	0.14880  	-0.0095  	0.03107  	0.00427  	-0.0398  	0.10221  	
-0.7851  	-0.0159  	-0.4007  	-2.0131  	-1.0395  	-1.6112  	0.21166  	0.29644  	0.06523  	0.40687  	0.45876  	-0.1542  	0.28515  	-0.2775  	-0.4207  	0.33065  	0.08143  	-0.3155  	0.28791  	-0.4620  	0.14740  	-0.0825  	-0.6904  	0.30801  	0.53879  	-0.1503  	0.17029  	-0.8286  	0.13284  	0.33594  	0.48203  	-0.0043  	-0.3741  	-0.3030  	0.07824  	-0.0413  	0.17951  	0.11542  	-0.8233  	0.14818  	0.55305  	0.23857  	-0.3139  	0.56217  	-0.1072  	-0.0389  	-0.0216  	0.02914  	-0.0125  	-0.1122  	-0.0044  	-0.0434  	-0.0301  	0.04049  	-0.0368  	-0.0586  	0.00143  	-0.0168  	-0.0342  	0.03000  	0.01641  	-0.0097  	0.04027  	-0.0125  	0.14880  	-0.0095  	0.03107  	0.00427  	-0.0398  	0.10221  	
-0.5743  	0.03150  	-0.3400  	-1.6745  	-0.9542  	-1.4288  	0.20376  	0.27717  	0.08625  	0.29054  	0.50108  	-0.0474  	0.26472  	-0.1948  	-0.2619  	0.41613  	-0.0048  	-0.2415  	0.20734  	-0.2557  	0.19064  	0.07870  	-0.5466  	0.35884  	0.60574  	-0.2713  	0.21899  	-0.7328  	0.04840  	0.35135  	0.36129  	0.06804  	-0.2691  	-0.1592  	0.24175  	-0.0566  	0.29614  	0.14874  	-0.7408  	0.20775  	0.43756  	0.14218  	-0.2153  	0.47120  	-0.0582  	-0.0542  	0.00067  	0.00938  	0.01101  	-0.1085  	-0.0030  	-0.0392  	-0.0217  	0.03753  	-0.0373  	-0.0491  	0.00429  	-0.0148  	-0.0304  	0.02753  	0.01432  	-0.0125  	0.04629  	-0.0085  	0.14880  	-0.0095  	0.03107  	0.00427  	-0.0398  	0.10221  	
-0.6229  	-0.0296  	-0.4239  	-1.6802  	-0.9461  	-1.3930  	0.24881  	0.20025  	0.10368  	0.28926  	0.42414  	-0.1044  	0.19585  	-0.1894  	-0.2773  	0.49660  	-0.0925  	-0.0688  	0.12160  	0.02093  	0.07641  	0.31096  	-0.2997  	0.33419  	0.68577  	-0.3676  	0.20763  	-0.6384  	-0.0109  	0.39367  	0.23606  	0.11541  	-0.1889  	0.01216  	0.29539  	-0.0103  	0.36099  	0.14876  	-0.6301  	0.29530  	0.37252  	0.01371  	-0.1025  	0.38949  	0.00361  	-0.0715  	0.02779  	-0.0185  	0.01761  	-0.0882  	-0.0099  	-0.0442  	-0.0232  	0.01954  	-0.0442  	-0.0575  	0.01120  	0.00038  	-0.0331  	0.02066  	0.00484  	-0.0110  	0.07099  	-0.0106  	0.14880  	-0.0095  	0.03107  	0.00427  	-0.0398  	0.10221  	
-0.5631  	-0.0290  	-0.4483  	-1.5802  	-0.8687  	-1.4092  	0.27286  	0.21907  	0.11307  	0.27242  	0.36820  	-0.0956  	0.23672  	-0.1105  	-0.1595  	0.47930  	-0.1147  	-0.0770  	0.09073  	0.03660  	0.06310  	0.32300  	-0.3127  	0.36106  	0.69711  	-0.3606  	0.19005  	-0.6078  	0.01201  	0.38085  	0.23145  	0.09661  	-0.1844  	0.01344  	0.32507  	-0.0226  	0.35029  	0.12707  	-0.6133  	0.30716  	0.34963  	0.02885  	-0.1128  	0.38581  	-0.0015  	-0.0659  	0.02837  	-0.0045  	0.01683  	-0.0697  	-0.0052  	-0.0463  	-0.0256  	0.01455  	-0.0415  	-0.0557  	0.01233  	0.00043  	-0.0291  	0.02034  	0.00023  	-0.0039  	0.07057  	-0.0115  	0.14880  	-0.0095  	0.03107  	0.00427  	-0.0398  	0.10221  	
-0.3646  	0.03988  	-0.2731  	-1.6092  	-0.9050  	-1.3040  	0.30891  	0.32219  	0.15589  	0.29449  	0.42805  	-0.0924  	0.26903  	0.03417  	-0.1668  	0.52170  	-0.1276  	-0.1003  	0.10915  	0.01585  	0.21282  	0.31272  	-0.3213  	0.39280  	0.68729  	-0.3931  	0.27789  	-0.7263  	-0.0750  	0.37267  	0.22475  	0.11256  	-0.1540  	-0.0155  	0.39397  	-0.0449  	0.42891  	0.15857  	-0.6621  	0.27065  	0.33918  	0.02909  	-0.1177  	0.39921  	0.00553  	-0.0686  	0.02573  	-0.0010  	0.02275  	-0.0865  	-0.0121  	-0.0491  	-0.0213  	0.02156  	-0.0411  	-0.0474  	0.00946  	-0.0005  	-0.0301  	0.01889  	0.00635  	-0.0019  	0.07641  	-0.0182  	0.14880  	-0.0095  	0.03107  	0.00427  	-0.0398  	0.10221  	
-0.4669  	0.00518  	-0.3044  	-1.6885  	-0.9320  	-1.4008  	0.32139  	0.23406  	0.12209  	0.32769  	0.48818  	-0.1411  	0.20895  	-0.0551  	-0.2104  	0.47816  	-0.1130  	-0.0882  	0.11142  	0.02342  	0.19079  	0.29814  	-0.3393  	0.41516  	0.72369  	-0.3981  	0.29519  	-0.7655  	-0.0893  	0.36786  	0.21187  	0.12910  	-0.1740  	-0.0077  	0.38222  	-0.0158  	0.45428  	0.16272  	-0.6616  	0.28006  	0.34750  	0.03852  	-0.1202  	0.39845  	0.01144  	-0.0695  	0.02639  	-0.0063  	0.02849  	-0.0931  	-0.0104  	-0.0408  	-0.0263  	0.02328  	-0.0393  	-0.0508  	0.00488  	0.00502  	-0.0261  	0.02446  	0.00180  	-0.0087  	0.07808  	-0.0162  	0.14880  	-0.0095  	0.03107  	0.00427  	-0.0398  	0.10221  	
-0.5948  	-0.1104  	-0.3709  	-1.6646  	-0.8878  	-1.4377  	0.27766  	0.12133  	0.04970  	0.34786  	0.50799  	-0.1881  	0.18848  	-0.2592  	-0.4309  	0.58269  	-0.1231  	-0.1257  	0.12184  	0.08622  	0.05451  	0.26861  	-0.3902  	0.45413  	0.82400  	-0.3906  	0.35671  	-0.6630  	-0.0392  	0.42839  	0.17930  	0.15120  	-0.2393  	-0.0158  	0.37200  	0.09354  	0.39892  	0.15925  	-0.6764  	0.31430  	0.29780  	0.03783  	-0.1355  	0.40354  	0.01385  	-0.0733  	0.01728  	0.01177  	0.02997  	-0.0953  	0.00369  	-0.0440  	-0.0299  	0.01694  	-0.0458  	-0.0558  	0.02246  	0.00329  	-0.0226  	0.02500  	-0.0093  	-0.0246  	0.08452  	-0.0181  	0.14880  	-0.0095  	0.03107  	0.00427  	-0.0398  	0.10221  	
-0.6499  	-0.1192  	-0.4887  	-1.6795  	-0.8621  	-1.4774  	0.28953  	0.09774  	0.04846  	0.33607  	0.48280  	-0.1636  	0.17413  	-0.3232  	-0.4446  	0.52177  	-0.1408  	-0.0593  	0.13216  	0.12305  	-0.0621  	0.26439  	-0.4542  	0.40839  	0.85458  	-0.3880  	0.29886  	-0.5087  	0.05833  	0.43837  	0.18429  	0.13677  	-0.2451  	0.00134  	0.32515  	0.11633  	0.32531  	0.12518  	-0.6421  	0.32505  	0.31910  	0.02846  	-0.1326  	0.40973  	0.02163  	-0.0813  	0.01545  	-0.0004  	0.03677  	-0.1062  	0.01013  	-0.0454  	-0.0267  	0.01306  	-0.0427  	-0.0527  	0.02777  	0.00494  	-0.0253  	0.02222  	-0.0079  	-0.0262  	0.08210  	-0.0152  	0.14880  	-0.0095  	0.03107  	0.00427  	-0.0398  	0.10221  	
-0.5182  	-0.0730  	-0.4974  	-1.4607  	-0.6715  	-1.3928  	0.28434  	0.16179  	0.04218  	0.30650  	0.37484  	-0.0270  	0.23878  	-0.0777  	-0.1481  	0.52833  	-0.1442  	-0.0934  	0.09499  	0.09306  	0.03582  	0.30633  	-0.4805  	0.47621  	0.77020  	-0.3764  	0.28678  	-0.5734  	-0.0015  	0.44986  	0.20257  	0.10619  	-0.2091  	-0.0031  	0.43861  	0.04757  	0.34392  	0.08534  	-0.6542  	0.32839  	0.26195  	0.07542  	-0.1629  	0.37732  	0.02237  	-0.0684  	0.01758  	-0.0154  	0.03405  	-0.0917  	0.00683  	-0.0466  	-0.0250  	0.00611  	-0.0480  	-0.0568  	0.01710  	0.00048  	-0.0296  	0.02336  	-0.0079  	-0.0101  	0.05995  	-0.0154  	0.14880  	-0.0095  	0.03107  	0.00427  	-0.0398  	0.10221  	
-0.2932  	0.02059  	-0.3138  	-1.3538  	-0.6764  	-1.2498  	0.33001  	0.31239  	0.10888  	0.27169  	0.16544  	-0.0787  	0.38132  	0.23022  	0.16780  	0.42463  	-0.1602  	-0.1289  	0.11298  	0.01446  	0.08274  	0.39242  	-0.3953  	0.46387  	0.73942  	-0.4152  	0.41764  	-0.6949  	-0.0032  	0.44459  	0.21563  	0.13116  	-0.1741  	0.00395  	0.44924  	-0.0364  	0.35364  	0.08660  	-0.6360  	0.37954  	0.23298  	0.05722  	-0.1481  	0.38487  	0.01484  	-0.0727  	0.01487  	0.02350  	0.04732  	-0.1018  	0.00077  	-0.0499  	-0.0388  	0.01383  	-0.0415  	-0.0454  	0.01935  	-0.0020  	-0.0296  	0.02349  	-0.0012  	-0.0009  	0.05374  	-0.0184  	0.14880  	-0.0095  	0.03107  	0.00427  	-0.0398  	0.10221  	
-0.1019  	0.04698  	-0.2017  	-1.3081  	-0.7275  	-1.1304  	0.37920  	0.26231  	0.12301  	0.31476  	0.03966  	-0.2862  	0.41570  	0.32687  	0.18755  	0.34421  	-0.1152  	-0.1694  	0.08522  	-0.1194  	0.05059  	0.43124  	-0.3113  	0.42504  	0.84717  	-0.4147  	0.39226  	-0.7803  	0.10229  	0.48767  	0.21638  	0.09274  	-0.2099  	0.01151  	0.39608  	-0.0271  	0.31380  	0.07176  	-0.5535  	0.36132  	0.28133  	0.05560  	-0.1150  	0.41079  	0.00410  	-0.0694  	0.00136  	0.04479  	0.05484  	-0.1028  	0.00793  	-0.0403  	-0.0257  	0.01414  	-0.0390  	-0.0340  	0.00286  	-0.0012  	-0.0356  	0.02158  	-0.0001  	-0.0072  	0.05863  	-0.0238  	0.14880  	-0.0095  	0.03107  	0.00427  	-0.0398  	0.10221  	
-0.1196  	0.09244  	-0.2549  	-1.3893  	-0.7093  	-1.1991  	0.39912  	0.29315  	0.12675  	0.36597  	0.01417  	-0.3817  	0.40770  	0.25772  	0.13857  	0.32850  	-0.0971  	-0.2541  	0.10253  	-0.1593  	0.02680  	0.51740  	-0.3147  	0.47448  	1.01646  	-0.4321  	0.54696  	-0.8162  	0.05468  	0.54048  	0.19071  	0.11494  	-0.2653  	-0.0025  	0.36932  	-0.0280  	0.35464  	0.09468  	-0.5558  	0.36410  	0.22791  	0.05043  	-0.1230  	0.41697  	-0.0040  	-0.0731  	-0.0014  	0.05069  	0.06397  	-0.0846  	0.00908  	-0.0398  	-0.0320  	0.01975  	-0.0356  	-0.0484  	-0.0054  	-0.0069  	-0.0395  	0.03123  	-0.0015  	-0.0100  	0.06940  	-0.0217  	0.14880  	-0.0095  	0.03107  	0.00427  	-0.0398  	0.10221  	
-0.2462  	0.07678  	-0.4226  	-1.0996  	-0.5594  	-1.3511  	0.32798  	0.32123  	0.07601  	0.36525  	0.07118  	-0.0810  	0.43273  	0.23074  	0.25817  	0.28369  	-0.0251  	-0.3246  	0.14857  	-0.3088  	0.02247  	0.20806  	-0.6448  	0.43195  	0.91407  	-0.3205  	0.48030  	-0.7498  	0.21275  	0.51399  	0.29984  	0.04105  	-0.3123  	-0.1630  	0.34972  	-0.0298  	0.16697  	0.05063  	-0.6597  	0.27851  	0.26409  	0.20373  	-0.2591  	0.46551  	-0.0348  	-0.0594  	-0.0155  	0.03819  	0.04062  	-0.1023  	0.01590  	-0.0424  	-0.0302  	0.03123  	-0.0378  	-0.0442  	0.00758  	-0.0119  	-0.0266  	0.03660  	0.00380  	-0.0132  	0.05441  	-0.0215  	0.14880  	-0.0095  	0.03107  	0.00427  	-0.0398  	0.10221  	
-0.4411  	-0.0455  	-0.4132  	-1.1882  	-0.5495  	-1.4999  	0.30733  	0.34483  	0.06776  	0.31481  	0.26351  	-0.0234  	0.45902  	0.16088  	0.22566  	0.33767  	0.00981  	-0.4610  	0.21973  	-0.4183  	0.17327  	-0.0336  	-0.9177  	0.42750  	0.67902  	-0.2235  	0.36858  	-0.7801  	0.15351  	0.43193  	0.42572  	0.00012  	-0.3487  	-0.2732  	0.35125  	-0.0844  	0.18288  	0.06385  	-0.8478  	0.19742  	0.34903  	0.30800  	-0.3691  	0.53656  	-0.0820  	-0.0318  	-0.0273  	0.03239  	0.01050  	-0.1202  	-0.0009  	-0.0448  	-0.0349  	0.04348  	-0.0294  	-0.0549  	0.01422  	-0.0265  	-0.0246  	0.04017  	0.00767  	-0.0091  	0.02667  	-0.0157  	0.14880  	-0.0095  	0.03107  	0.00427  	-0.0398  	0.10221  	
-0.7292  	-0.0840  	-0.5152  	-1.7123  	-0.8325  	-1.7365  	0.28122  	0.24359  	0.06650  	0.36421  	0.50914  	0.00073  	0.33274  	-0.2708  	-0.2096  	0.32898  	0.01027  	-0.2947  	0.24160  	-0.3769  	0.15112  	-0.1993  	-0.9576  	0.39028  	0.54133  	-0.1880  	0.14409  	-0.7143  	0.13827  	0.33230  	0.50733  	-0.0066  	-0.3671  	-0.3151  	0.23984  	-0.0355  	0.15175  	0.09444  	-0.8433  	0.17566  	0.42587  	0.30767  	-0.3854  	0.52513  	-0.1061  	-0.0342  	-0.0349  	0.02323  	-0.0053  	-0.1153  	0.00618  	-0.0415  	-0.0296  	0.05421  	-0.0272  	-0.0615  	0.01412  	-0.0212  	-0.0213  	0.04388  	0.01023  	-0.0040  	0.02771  	-0.0127  	0.14880  	-0.0095  	0.03107  	0.00427  	-0.0398  	0.10221  	
-0.8643  	-0.0937  	-0.4468  	-2.0086  	-0.9940  	-1.6513  	0.23771  	0.18624  	0.01748  	0.39624  	0.59589  	-0.1542  	0.23803  	-0.4163  	-0.4499  	0.28069  	0.02406  	-0.3097  	0.27053  	-0.3879  	0.15435  	-0.1631  	-0.8226  	0.38077  	0.60456  	-0.1896  	0.22315  	-0.7833  	0.15015  	0.34052  	0.47383  	-0.0009  	-0.3849  	-0.2903  	0.14319  	0.02940  	0.18022  	0.10940  	-0.8419  	0.17213  	0.47535  	0.27812  	-0.3484  	0.51978  	-0.0825  	-0.0288  	-0.0315  	0.00417  	-0.0137  	-0.1071  	0.00187  	-0.0381  	-0.0334  	0.04756  	-0.0326  	-0.0651  	0.01565  	-0.0149  	-0.0234  	0.03792  	0.01195  	-0.0193  	0.04665  	-0.0092  	0.14880  	-0.0095  	0.03107  	0.00427  	-0.0398  	0.10221  	
-0.7712  	-0.1162  	-0.4914  	-1.8768  	-0.9642  	-1.5365  	0.21704  	0.14575  	0.01723  	0.36966  	0.50604  	-0.1452  	0.19108  	-0.3913  	-0.4032  	0.40641  	-0.0102  	-0.2396  	0.19508  	-0.2313  	0.08300  	0.07300  	-0.5420  	0.38327  	0.64506  	-0.2554  	0.25950  	-0.7314  	0.06334  	0.38112  	0.36421  	0.04636  	-0.3325  	-0.1747  	0.21314  	0.03333  	0.26263  	0.11301  	-0.7665  	0.23952  	0.44220  	0.16761  	-0.2551  	0.47321  	-0.0434  	-0.0438  	0.00252  	0.01553  	-0.0093  	-0.1016  	-0.0084  	-0.0386  	-0.0293  	0.03318  	-0.0375  	-0.0678  	0.01738  	-0.0094  	-0.0316  	0.02357  	0.00242  	-0.0224  	0.05124  	-0.0081  	0.14880  	-0.0095  	0.03107  	0.00427  	-0.0398  	0.10221  	
-0.4787  	-0.0089  	-0.3694  	-1.6932  	-0.9026  	-1.4052  	0.29587  	0.25562  	0.11574  	0.37559  	0.38022  	-0.0791  	0.26724  	-0.0340  	-0.1894  	0.43351  	-0.1232  	-0.1140  	0.11831  	0.03228  	0.08413  	0.32928  	-0.3379  	0.42161  	0.67245  	-0.3878  	0.27686  	-0.7200  	-0.0930  	0.38542  	0.24052  	0.10502  	-0.1718  	0.00773  	0.37722  	-0.0232  	0.40831  	0.13198  	-0.6369  	0.32811  	0.31214  	0.02310  	-0.1102  	0.38133  	0.01906  	-0.0703  	0.01575  	-0.0025  	0.02566  	-0.0806  	-0.0004  	-0.0439  	-0.0315  	0.01166  	-0.0489  	-0.0489  	0.00568  	0.00191  	-0.0326  	0.01940  	0.00183  	0.00414  	0.06441  	-0.0197  	0.14880  	-0.0095  	0.03107  	0.00427  	-0.0398  	0.10221  	
-0.1144  	0.03432  	-0.2109  	-1.4123  	-0.7826  	-1.1812  	0.36919  	0.28084  	0.14083  	0.31346  	0.19436  	-0.1532  	0.35759  	0.24538  	0.08990  	0.41799  	-0.0887  	-0.1408  	0.09266  	-0.0427  	0.12476  	0.39001  	-0.3077  	0.47845  	0.75446  	-0.4055  	0.36700  	-0.7900  	-0.0458  	0.43877  	0.22770  	0.10947  	-0.1884  	0.00208  	0.38159  	-0.0509  	0.38967  	0.11256  	-0.6101  	0.35711  	0.29173  	0.04712  	-0.1200  	0.40024  	0.00818  	-0.0678  	0.00358  	0.03394  	0.04671  	-0.0901  	-0.0032  	-0.0476  	-0.0311  	0.01271  	-0.0481  	-0.0461  	0.00539  	0.00170  	-0.0357  	0.01891  	-0.0081  	0.00711  	0.06168  	-0.0251  	0.14880  	-0.0095  	0.03107  	0.00427  	-0.0398  	0.10221  	
-0.1845  	0.10467  	-0.2678  	-1.2468  	-0.6668  	-1.1548  	0.35106  	0.28997  	0.12104  	0.31446  	-0.0038  	-0.2833  	0.41445  	0.28168  	0.16762  	0.36715  	-0.0985  	-0.1476  	0.08637  	-0.0792  	0.03987  	0.44244  	-0.3570  	0.38028  	0.91950  	-0.4366  	0.42046  	-0.7400  	0.14029  	0.54955  	0.20673  	0.09280  	-0.2376  	-0.0012  	0.37816  	-0.0262  	0.31594  	0.06613  	-0.5512  	0.35803  	0.25763  	0.05281  	-0.1105  	0.39897  	0.00557  	-0.0621  	-0.0022  	0.04282  	0.05839  	-0.0908  	0.00087  	-0.0494  	-0.0321  	0.00946  	-0.0384  	-0.0284  	0.00634  	-0.0013  	-0.0332  	0.03131  	-0.0065  	-0.0016  	0.06147  	-0.0235  	0.14880  	-0.0095  	0.03107  	0.00427  	-0.0398  	0.10221  	
-0.3955  	0.04040  	-0.4851  	-1.2074  	-0.6038  	-1.4005  	0.29647  	0.24185  	0.09268  	0.33055  	0.18403  	-0.1350  	0.36527  	0.29612  	0.14359  	0.39088  	-0.1461  	-0.1568  	0.07331  	-0.0526  	0.01422  	0.41555  	-0.4269  	0.44138  	0.88436  	-0.4163  	0.39995  	-0.6997  	0.03117  	0.52347  	0.22291  	0.09001  	-0.2072  	0.00527  	0.45712  	-0.0162  	0.32167  	0.07825  	-0.6249  	0.35581  	0.20225  	0.07364  	-0.1590  	0.36093  	0.00952  	-0.0661  	0.01492  	0.00102  	0.03149  	-0.0893  	0.00908  	-0.0475  	-0.0330  	0.01438  	-0.0463  	-0.0492  	0.00612  	0.00612  	-0.0227  	0.01979  	-0.0059  	0.00346  	0.06539  	-0.0200  	0.14880  	-0.0095  	0.03107  	0.00427  	-0.0398  	0.10221  	
-0.7452  	-0.1460  	-0.4837  	-1.8983  	-0.9014  	-1.5553  	0.31876  	0.15866  	0.07337  	0.35902  	0.50475  	-0.2231  	0.16308  	-0.2822  	-0.3779  	0.51811  	-0.1295  	-0.0806  	0.15727  	0.03163  	0.07138  	0.24138  	-0.3543  	0.39063  	0.66979  	-0.3933  	0.30487  	-0.7175  	-0.0791  	0.35956  	0.23580  	0.14746  	-0.1782  	-0.0147  	0.38609  	-0.0009  	0.44527  	0.15527  	-0.6796  	0.30128  	0.32517  	0.01614  	-0.1438  	0.41709  	0.02964  	-0.0693  	0.02648  	-0.0219  	0.02495  	-0.0833  	-0.0126  	-0.0475  	-0.0366  	0.01295  	-0.0250  	-0.0557  	0.01656  	0.00232  	-0.0249  	0.02846  	0.00402  	-0.0084  	0.07100  	-0.0105  	0.14880  	-0.0095  	0.03107  	0.00427  	-0.0398  	0.10221  	
-0.6366  	-0.1468  	-0.4121  	-1.8078  	-0.9434  	-1.4351  	0.25570  	0.09354  	0.04198  	0.35826  	0.56555  	-0.1777  	0.12530  	-0.3870  	-0.6153  	0.62339  	-0.1315  	-0.0712  	0.15990  	-0.0074  	-0.0307  	0.27145  	-0.3945  	0.42244  	0.73873  	-0.3819  	0.25842  	-0.5961  	-0.0599  	0.41251  	0.22413  	0.13230  	-0.2327  	-0.0092  	0.34387  	0.12734  	0.37683  	0.11594  	-0.6110  	0.32528  	0.36892  	0.03410  	-0.1433  	0.38495  	0.01920  	-0.0569  	0.00971  	-0.0152  	0.01342  	-0.0744  	0.00039  	-0.0368  	-0.0259  	0.00606  	-0.0371  	-0.0565  	0.01434  	0.00585  	-0.0371  	0.02166  	0.00089  	-0.0265  	0.07455  	-0.0096  	0.14880  	-0.0095  	0.03107  	0.00427  	-0.0398  	0.10221  	
-0.4372  	-0.0661  	-0.3341  	-1.6773  	-0.8161  	-1.3889  	0.24067  	0.14940  	0.04936  	0.39034  	0.54133  	-0.1269  	0.17962  	-0.2424  	-0.3930  	0.63337  	-0.1528  	-0.0981  	0.17386  	0.03673  	0.09286  	0.32861  	-0.4612  	0.48161  	0.65031  	-0.3743  	0.33430  	-0.7487  	-0.1823  	0.35304  	0.19846  	0.17470  	-0.2126  	-0.0138  	0.49048  	0.07831  	0.45386  	0.14996  	-0.7194  	0.33668  	0.31304  	0.04309  	-0.1600  	0.38720  	0.01644  	-0.0655  	0.02036  	-0.0042  	0.03503  	-0.1001  	0.00102  	-0.0470  	-0.0300  	0.01491  	-0.0517  	-0.0597  	0.01741  	0.00641  	-0.0347  	0.02320  	-0.0025  	-0.0230  	0.06761  	-0.0215  	0.14880  	-0.0095  	0.03107  	0.00427  	-0.0398  	0.10221  	
-0.1034  	0.08938  	-0.1586  	-1.4335  	-0.7781  	-1.2833  	0.36369  	0.23664  	0.12036  	0.43883  	0.24916  	-0.1278  	0.33658  	0.11644  	0.10098  	0.39549  	-0.1474  	-0.1524  	0.13258  	-0.0093  	0.11255  	0.33931  	-0.3493  	0.43117  	0.74576  	-0.4018  	0.37153  	-0.8169  	-0.0524  	0.41362  	0.22117  	0.13540  	-0.1826  	-0.0045  	0.50813  	0.00139  	0.42836  	0.12725  	-0.6424  	0.34334  	0.24927  	0.05139  	-0.1110  	0.40629  	0.00355  	-0.0789  	0.00359  	0.03309  	0.04283  	-0.0840  	0.02333  	-0.0531  	-0.0305  	0.00163  	-0.0360  	-0.0344  	0.01457  	0.00019  	-0.0455  	0.03095  	0.00063  	-0.0068  	0.06541  	-0.0159  	0.14880  	-0.0095  	0.03107  	0.00427  	-0.0398  	0.10221  	
-0.0943  	0.05800  	-0.1832  	-1.4801  	-0.7936  	-1.2242  	0.40392  	0.22765  	0.11624  	0.49476  	0.15220  	-0.2688  	0.41024  	0.24209  	0.12243  	0.33249  	-0.1093  	-0.1893  	0.11162  	-0.1235  	0.05044  	0.47504  	-0.2967  	0.42574  	0.91590  	-0.4193  	0.45371  	-0.8167  	-0.0075  	0.46456  	0.22309  	0.08917  	-0.2283  	0.00753  	0.40543  	0.01448  	0.37115  	0.11492  	-0.5956  	0.34721  	0.25369  	0.04878  	-0.0929  	0.41592  	0.00506  	-0.0795  	-0.0025  	0.04288  	0.06682  	-0.0940  	0.01315  	-0.0470  	-0.0315  	0.00769  	-0.0369  	-0.0410  	0.00907  	0.00284  	-0.0366  	0.02242  	0.00212  	-0.0084  	0.08225  	-0.0150  	0.14880  	-0.0095  	0.03107  	0.00427  	-0.0398  	0.10221  	
-0.4235  	-0.0426  	-0.4003  	-1.3684  	-0.6773  	-1.3625  	0.33114  	0.21200  	0.11904  	0.31300  	0.31126  	-0.0377  	0.30632  	0.11044  	-0.0539  	0.51672  	-0.1131  	-0.1080  	0.09705  	0.03033  	0.10314  	0.32747  	-0.4090  	0.46894  	0.81356  	-0.4082  	0.38844  	-0.6513  	-0.0198  	0.45868  	0.19386  	0.12454  	-0.1971  	0.00630  	0.46939  	-0.0185  	0.38288  	0.10696  	-0.6112  	0.31797  	0.24498  	0.05010  	-0.1437  	0.37592  	0.01278  	-0.0650  	0.00970  	0.00170  	0.03459  	-0.0891  	0.01003  	-0.0510  	-0.0278  	0.00806  	-0.0404  	-0.0418  	0.01551  	0.00035  	-0.0219  	0.02490  	0.00187  	-0.0035  	0.07095  	-0.0109  	0.14880  	-0.0095  	0.03107  	0.00427  	-0.0398  	0.10221  	
-0.5491  	-0.0347  	-0.4575  	-1.4762  	-0.7339  	-1.3243  	0.30834  	0.18885  	0.06910  	0.28475  	0.32063  	0.00069  	0.25533  	-0.0361  	-0.0858  	0.47398  	-0.1088  	-0.0509  	0.12731  	0.03167  	0.02883  	0.32800  	-0.3691  	0.39702  	0.77947  	-0.3852  	0.27155  	-0.5451  	0.05388  	0.43791  	0.21658  	0.08907  	-0.1948  	-0.0055  	0.34382  	-0.0026  	0.32962  	0.10197  	-0.5966  	0.30808  	0.27524  	0.03742  	-0.1295  	0.38412  	0.01788  	-0.0696  	0.01997  	-0.0097  	0.02584  	-0.1008  	0.00300  	-0.0504  	-0.0318  	0.00436  	-0.0365  	-0.0502  	0.02782  	0.00692  	-0.0271  	0.02316  	-0.0039  	-0.0095  	0.07377  	-0.0112  	0.14880  	-0.0095  	0.03107  	0.00427  	-0.0398  	0.10221  	
-0.4210  	9.01487  	-0.3822  	-1.4259  	-0.7515  	-1.2699  	0.28139  	0.20697  	0.07288  	0.27560  	0.23192  	-0.1089  	0.24759  	-0.0515  	-0.0494  	0.53105  	-0.1030  	-0.1248  	0.11731  	0.00173  	0.11727  	0.36085  	-0.3430  	0.44903  	0.81394  	-0.3926  	0.34611  	-0.6971  	-0.0262  	0.42914  	0.19749  	0.11048  	-0.2264  	0.01169  	0.38938  	0.00191  	0.39390  	0.11943  	-0.6242  	0.31884  	0.25340  	0.04469  	-0.1173  	0.39755  	0.00436  	-0.0708  	0.01142  	0.00267  	0.02918  	-0.0980  	-0.0016  	-0.0429  	-0.0288  	0.01769  	-0.0431  	-0.0469  	0.01808  	0.00672  	-0.0309  	0.01850  	0.00146  	-0.0099  	0.07508  	-0.0126  	0.14880  	-0.0095  	0.03107  	0.00427  	-0.0398  	0.10221  	
-0.4224  	-0.0151  	-0.3221  	-1.5894  	-0.8059  	-1.3577  	0.26245  	0.17656  	0.07246  	0.31070  	0.48002  	-0.1161  	0.15599  	-0.2133  	-0.3192  	0.62055  	-0.1341  	-0.1252  	0.14181  	0.03657  	0.12990  	0.33379  	-0.3816  	0.46490  	0.75881  	-0.4241  	0.33475  	-0.7201  	-0.0590  	0.40747  	0.18008  	0.13767  	-0.2170  	-0.0093  	0.39420  	0.04071  	0.47362  	0.13113  	-0.6696  	0.30362  	0.29962  	0.03533  	-0.1137  	0.40511  	0.01481  	-0.0681  	0.01102  	-0.0022  	0.03887  	-0.0924  	-0.0013  	-0.0514  	-0.0264  	0.01536  	-0.0461  	-0.0453  	0.02366  	-0.0029  	-0.0326  	0.02509  	-0.0065  	-0.0080  	0.07146  	-0.0159  	0.14880  	-0.0095  	0.03107  	0.00427  	-0.0398  	0.10221  	
-0.4073  	-0.0546  	-0.2910  	-1.6699  	-0.8589  	-1.3557  	0.24343  	0.12513  	0.06984  	0.36009  	0.55491  	-0.1300  	0.16949  	-0.2498  	-0.4388  	0.63594  	-0.1215  	-0.1523  	0.15135  	0.00615  	0.13691  	0.35397  	-0.3877  	0.49572  	0.78899  	-0.4202  	0.39007  	-0.7750  	-0.1217  	0.39666  	0.18512  	0.14579  	-0.2510  	-0.0253  	0.43225  	0.08274  	0.48623  	0.14421  	-0.7005  	0.31163  	0.28217  	0.05859  	-0.1270  	0.39716  	0.00572  	-0.0754  	0.01344  	-0.0019  	0.03286  	-0.0911  	0.01116  	-0.0438  	-0.0206  	0.02828  	-0.0496  	-0.0469  	0.01759  	-0.0047  	-0.0281  	0.02387  	-0.0031  	-0.0056  	0.06840  	-0.0181  	0.14880  	-0.0095  	0.03107  	0.00427  	-0.0398  	0.10221  	
-0.5564  	-0.0858  	-0.3349  	-1.8797  	-0.9932  	-1.4100  	0.28881  	0.12287  	0.04959  	0.42066  	0.65885  	-0.2100  	0.10019  	-0.3546  	-0.6527  	0.69558  	-0.1747  	-0.0660  	0.14965  	0.01718  	0.06377  	0.30254  	-0.3915  	0.39657  	0.79396  	-0.4225  	0.33587  	-0.6497  	-0.0238  	0.38308  	0.19415  	0.14809  	-0.2388  	-0.0116  	0.36642  	0.14786  	0.44648  	0.14033  	-0.6437  	0.30759  	0.32502  	0.05987  	-0.1123  	0.39501  	0.01755  	-0.0667  	0.01156  	-0.0090  	0.03756  	-0.0961  	0.00612  	-0.0488  	-0.0273  	0.02033  	-0.0310  	-0.0530  	0.01741  	0.00513  	-0.0281  	0.02138  	-0.0079  	-0.0127  	0.07348  	-0.0104  	0.14880  	-0.0095  	0.03107  	0.00427  	-0.0398  	0.10221  	
-0.6834  	-0.0966  	-0.4725  	-1.9504  	-1.0622  	-1.5017  	0.31129  	0.11335  	0.02742  	0.44177  	0.52507  	-0.2106  	0.15674  	-0.3472  	-0.6694  	0.54449  	-0.1610  	-0.0063  	0.12498  	0.08427  	-0.0542  	0.30844  	-0.3778  	0.30757  	0.77069  	-0.3736  	0.22753  	-0.5338  	0.06636  	0.38089  	0.23501  	0.10404  	-0.2282  	0.00243  	0.27831  	0.15423  	0.32582  	0.11964  	-0.5923  	0.32816  	0.36687  	0.03863  	-0.1031  	0.40766  	0.02048  	-0.0776  	0.01962  	-0.0005  	0.03293  	-0.0863  	0.00637  	-0.0494  	-0.0249  	0.01881  	-0.0324  	-0.0608  	0.01591  	0.00197  	-0.0313  	0.02578  	-0.0047  	-0.0071  	0.07522  	-0.0078  	0.14880  	-0.0095  	0.03107  	0.00427  	-0.0398  	0.10221  	
-0.9111  	-0.1567  	-0.5963  	-1.9801  	-0.9964  	-1.6859  	0.29853  	0.03242  	0.02375  	0.47106  	0.53571  	-0.1541  	0.12994  	-0.3761  	-0.5667  	0.47568  	-0.1186  	-0.0276  	0.10613  	0.06869  	-0.0987  	0.26168  	-0.3351  	0.32612  	0.75270  	-0.3493  	0.20999  	-0.5428  	0.05547  	0.39355  	0.25142  	0.09722  	-0.2479  	0.00646  	0.29447  	0.12763  	0.28882  	0.09607  	-0.6317  	0.31202  	0.36107  	0.03787  	-0.1305  	0.38546  	0.03239  	-0.0718  	0.01977  	-0.0313  	0.01691  	-0.0833  	-0.0070  	-0.0474  	-0.0272  	0.01798  	-0.0355  	-0.0603  	0.01324  	0.00646  	-0.0298  	0.01713  	-0.0011  	-0.0056  	0.08045  	-0.0141  	0.14880  	-0.0095  	0.03107  	0.00427  	-0.0398  	0.10221  	
-1.0144  	-0.1768  	-0.6196  	-2.0478  	-1.0360  	-1.7673  	0.28400  	0.06694  	0.04052  	0.43605  	0.66607  	-0.1841  	0.12299  	-0.3087  	-0.5215  	0.38779  	-0.1395  	-0.0324  	0.10988  	0.02445  	-0.0594  	0.25751  	-0.3104  	0.35112  	0.70589  	-0.3692  	0.15397  	-0.5752  	0.06061  	0.37465  	0.26680  	0.08739  	-0.2245  	-0.0009  	0.31399  	0.08902  	0.33706  	0.11549  	-0.6237  	0.29780  	0.37507  	0.04213  	-0.1237  	0.38898  	0.01324  	-0.0735  	0.02193  	-0.0211  	0.01293  	-0.0925  	-0.0043  	-0.0438  	-0.0307  	0.01641  	-0.0406  	-0.0590  	0.02294  	0.00931  	-0.0383  	0.01494  	0.00658  	-0.0029  	0.07938  	-0.0050  	0.14880  	-0.0095  	0.03107  	0.00427  	-0.0398  	0.10221  	
-1.0287  	-0.1544  	-0.6489  	-2.0858  	-1.0366  	-1.7882  	0.28719  	0.06348  	0.05213  	0.45981  	0.65577  	-0.1770  	0.12594  	-0.3680  	-0.5938  	0.41210  	-0.1456  	-0.0118  	0.11760  	0.02691  	-0.0552  	0.27284  	-0.3050  	0.29827  	0.64756  	-0.3513  	0.13443  	-0.5299  	0.06124  	0.35311  	0.26540  	0.07020  	-0.2238  	0.00674  	0.22523  	0.07865  	0.30865  	0.11175  	-0.6099  	0.29846  	0.39413  	0.03450  	-0.1129  	0.38199  	0.01083  	-0.0741  	0.02363  	-0.0144  	0.01386  	-0.0942  	-0.0097  	-0.0424  	-0.0304  	0.01394  	-0.0427  	-0.0585  	0.01254  	0.00334  	-0.0325  	0.01544  	0.00623  	-0.0052  	0.07470  	-0.0077  	0.14880  	-0.0095  	0.03107  	0.00427  	-0.0398  	0.10221  	
-1.0434  	-0.1757  	-0.6008  	-2.1250  	-1.0760  	-1.7733  	0.28359  	0.04932  	0.04549  	0.46853  	0.65542  	-0.1684  	0.10902  	-0.3945  	-0.686  	0.43062  	-0.1347  	0.00825  	0.10599  	0.09011  	-0.0575  	0.24704  	-0.2873  	0.30201  	0.62698  	-0.3339  	0.10897  	-0.5356  	0.04274  	0.33389  	0.28206  	0.07546  	-0.2203  	0.00626  	0.21298  	0.05339  	0.29198  	0.10945  	-0.6058  	0.27397  	0.41068  	0.02171  	-0.1091  	0.39425  	0.02781  	-0.0743  	0.01931  	-0.0212  	0.01420  	-0.0936  	-0.0178  	-0.0446  	-0.0256  	0.00918  	-0.0427  	-0.0617  	0.01033  	0.00447  	-0.0311  	0.01373  	0.00667  	-0.0074  	0.07768  	-0.0095  	0.14880  	-0.0095  	0.03107  	0.00427  	-0.0398  	0.10221  	
-1.0009  	-0.1606  	-0.5977  	-2.0950  	-1.0500  	-1.7244  	0.27624  	0.07763  	0.06428  	0.43363  	0.63337  	-0.1580  	0.12523  	-0.3756  	-0.6296  	0.43765  	-0.1271  	-0.0003  	0.11664  	0.08244  	-0.0550  	0.25488  	-0.2696  	0.30645  	0.62250  	-0.3392  	0.10031  	-0.5325  	0.06117  	0.34497  	0.28250  	0.07458  	-0.2089  	0.00847  	0.21701  	0.04536  	0.29163  	0.11326  	-0.6017  	0.28072  	0.40911  	0.01810  	-0.1069  	0.40061  	0.02298  	-0.0750  	0.02156  	-0.0210  	0.02196  	-0.0968  	-0.0152  	-0.0453  	-0.0254  	0.01135  	-0.0400  	-0.0636  	0.00948  	0.00444  	-0.0312  	0.01296  	0.00584  	-0.0055  	0.07900  	-0.0081  	0.14880  	-0.0095  	0.03107  	0.00427  	-0.0398  	0.10221  	
-0.9239  	-0.1384  	-0.5540  	-2.0298  	-1.0467  	-1.6852  	0.26715  	0.09999  	0.07412  	0.41925  	0.60388  	-0.1292  	0.13764  	-0.3244  	-0.5641  	0.43809  	-0.1066  	-0.0068  	0.11377  	0.07296  	-0.0195  	0.26243  	-0.2644  	0.30469  	0.60833  	-0.3436  	0.08723  	-0.5467  	0.06005  	0.34348  	0.27225  	0.07364  	-0.2122  	0.00565  	0.22807  	0.02818  	0.30722  	0.12558  	-0.6101  	0.28561  	0.40533  	0.02600  	-0.1053  	0.39474  	0.01497  	-0.0747  	0.02795  	-0.0174  	0.02836  	-0.0950  	-0.0118  	-0.0458  	-0.0256  	0.01749  	-0.0366  	-0.0649  	0.01445  	0.00694  	-0.0318  	0.01713  	0.00317  	-0.0022  	0.07826  	-0.0080  	0.14880  	-0.0095  	0.03107  	0.00427  	-0.0398  	0.10221  	
-0.7609  	-0.0735  	-0.4931  	-1.8600  	-0.9636  	-1.5789  	0.25691  	0.13807  	0.07991  	0.35377  	0.55143  	-0.0844  	0.16781  	-0.2160  	-0.4078  	0.45942  	-0.1183  	-0.0574  	0.10876  	0.05290  	0.03284  	0.28654  	-0.2933  	0.30363  	0.61733  	-0.3493  	0.11886  	-0.5508  	0.02205  	0.35555  	0.25562  	0.08473  	-0.1767  	0.01633  	0.27387  	0.00492  	0.35942  	0.13423  	-0.6271  	0.27801  	0.38593  	0.03002  	-0.1057  	0.38852  	0.01529  	-0.0640  	0.02670  	-0.0194  	0.01097  	-0.0844  	-0.0122  	-0.0446  	-0.0290  	0.01948  	-0.0413  	-0.0605  	0.01288  	0.00243  	-0.0305  	0.01884  	0.00266  	-0.0029  	0.06806  	-0.0112  	0.14880  	-0.0095  	0.03107  	0.00427  	-0.0398  	0.10221  	
-0.5663  	-0.0082  	-0.3904  	-1.7359  	-0.9550  	-1.4620  	0.26513  	0.23190  	0.10575  	0.29643  	0.54535  	-0.0985  	0.20483  	-0.0686  	-0.2338  	0.48418  	-0.1278  	-0.1095  	0.09686  	0.03951  	0.16120  	0.28869  	-0.2978  	0.34628  	0.62924  	-0.3678  	0.19982  	-0.6768  	-0.0798  	0.35145  	0.25680  	0.08975  	-0.1644  	0.00608  	0.37405  	-0.0666  	0.42646  	0.15930  	-0.6719  	0.26417  	0.36169  	0.02697  	-0.1181  	0.38602  	0.00841  	-0.0677  	0.03292  	-0.0165  	0.01421  	-0.0819  	-0.0121  	-0.0437  	-0.0267  	0.01722  	-0.0428  	-0.0577  	0.00750  	-0.0017  	-0.0356  	0.01891  	0.00565  	-0.0010  	0.07483  	-0.0111  	0.14880  	-0.0095  	0.03107  	0.00427  	-0.0398  	0.10221  	
-0.2578  	0.08967  	-0.1942  	-1.6477  	-0.9916  	-1.2742  	0.29917  	0.36940  	0.19430  	0.21958  	0.62573  	-0.0874  	0.22183  	0.07178  	-0.1255  	0.59158  	-0.1009  	-0.1894  	0.10888  	-0.0933  	0.39064  	0.31813  	-0.2120  	0.48746  	0.62484  	-0.4007  	0.38883  	-0.9322  	-0.3157  	0.34776  	0.22755  	0.15513  	-0.1616  	-0.0173  	0.50242  	-0.1373  	0.60243  	0.21455  	-0.7389  	0.21078  	0.28803  	0.02748  	-0.1166  	0.38183  	0.00350  	-0.0678  	0.02009  	-0.0045  	0.02694  	-0.0807  	-0.0187  	-0.0417  	-0.0251  	0.02571  	-0.0447  	-0.0439  	0.00172  	0.00313  	-0.0363  	0.02295  	0.00557  	0.00039  	0.06697  	-0.0157  	0.14880  	-0.0095  	0.03107  	0.00427  	-0.0398  	0.10221  	
-0.2249  	0.09056  	-0.1718  	-1.6373  	-0.9855  	-1.2399  	0.29928  	0.38892  	0.20375  	0.20888  	0.61529  	-0.0825  	0.23648  	0.08597  	-0.1117  	0.61809  	-0.0959  	-0.1951  	0.11552  	-0.0965  	0.39903  	0.32344  	-0.2083  	0.49964  	0.62958  	-0.4040  	0.40590  	-0.9489  	-0.3269  	0.35833  	0.22556  	0.15785  	-0.1621  	-0.0134  	0.50982  	-0.1372  	0.61685  	0.22025  	-0.7307  	0.21242  	0.27315  	0.03210  	-0.1196  	0.38056  	0.00387  	-0.0693  	0.01818  	0.00075  	0.03010  	-0.0847  	-0.0177  	-0.0407  	-0.0240  	0.02678  	-0.0440  	-0.0406  	0.00067  	0.00342  	-0.0372  	0.02638  	0.00611  	-0.0016  	0.07118  	-0.0126  	0.14880  	-0.0095  	0.03107  	0.00427  	-0.0398  	0.10221  	
-0.2267  	0.08625  	-0.1756  	-1.6326  	-0.9796  	-1.2371  	0.29984  	0.38866  	0.20207  	0.21220  	0.61506  	-0.0837  	0.23494  	0.08017  	-0.1099  	0.61691  	-0.0921  	-0.1947  	0.11380  	-0.0917  	0.39276  	0.31951  	-0.2083  	0.50066  	0.62922  	-0.4038  	0.40493  	-0.9454  	-0.3255  	0.35881  	0.22452  	0.15845  	-0.1630  	-0.0134  	0.50848  	-0.1374  	0.61362  	0.22108  	-0.7290  	0.21165  	0.27038  	0.03151  	-0.1194  	0.38069  	0.00405  	-0.0685  	0.01793  	0.00020  	0.02983  	-0.0857  	-0.0175  	-0.0402  	-0.0243  	0.02607  	-0.0436  	-0.0414  	0.00138  	0.00354  	-0.0377  	0.02522  	0.00588  	-0.0018  	0.07136  	-0.0122  	0.14880  	-0.0095  	0.03107  	0.00427  	-0.0398  	0.10221  	
-0.2267  	0.08625  	-0.1756  	-1.6326  	-0.9796  	-1.2371  	0.29984  	0.38866  	0.20207  	0.21220  	0.61506  	-0.0837  	0.23494  	0.08017  	-0.1099  	0.61691  	-0.0921  	-0.1947  	0.11380  	-0.0917  	0.39276  	0.31951  	-0.2083  	0.50066  	0.62922  	-0.4038  	0.40493  	-0.9454  	-0.3255  	0.35881  	0.22452  	0.15845  	-0.1630  	-0.0134  	0.50848  	-0.1374  	0.61362  	0.22108  	-0.7290  	0.21165  	0.27038  	0.03151  	-0.1194  	0.38069  	0.00405  	-0.0685  	0.01793  	0.00020  	0.02983  	-0.0857  	-0.0175  	-0.0402  	-0.0243  	0.02607  	-0.0436  	-0.0414  	0.00138  	0.00354  	-0.0377  	0.02522  	0.00588  	-0.0018  	0.07136  	-0.0122  	0.14880  	-0.0095  	0.03107  	0.00427  	-0.0398  	0.10221  	
-0.3486  	0.06082  	-0.2367  	-1.6692  	-0.9281  	-1.3262  	0.27895  	0.28964  	0.14829  	0.27987  	0.60431  	-0.0804  	0.22218  	-0.0500  	-0.3035  	0.60921  	-0.1326  	-0.0987  	0.09717  	0.02877  	0.28324  	0.24825  	-0.3152  	0.42325  	0.66344  	-0.3959  	0.29558  	-0.7326  	-0.1986  	0.35317  	0.21987  	0.12860  	-0.1559  	0.00037  	0.46230  	-0.0537  	0.50598  	0.17652  	-0.6789  	0.26437  	0.29407  	0.04620  	-0.1310  	0.36939  	0.00713  	-0.0678  	0.02506  	-0.0037  	0.01880  	-0.0870  	-0.0019  	-0.0409  	-0.0246  	0.01839  	-0.0422  	-0.0428  	0.01095  	0.00477  	-0.0323  	0.01962  	0.00370  	-0.0115  	0.07428  	-0.0109  	0.14880  	-0.0095  	0.03107  	0.00427  	-0.0398  	0.10221  	
-0.5316  	-0.0662  	-0.4357  	-1.6585  	-0.8528  	-1.4594  	0.31640  	0.13141  	0.06333  	0.46326  	0.54627  	-0.1137  	0.17955  	-0.2719  	-0.4651  	0.61361  	-0.1536  	-0.0204  	0.07941  	0.14563  	-0.0612  	0.29941  	-0.4726  	0.34377  	0.78802  	-0.3996  	0.24965  	-0.4848  	0.00913  	0.40117  	0.20599  	0.13950  	-0.2101  	0.00603  	0.34726  	0.11191  	0.30481  	0.11665  	-0.6069  	0.30182  	0.31058  	0.04351  	-0.1289  	0.38257  	0.01243  	-0.0736  	0.02457  	0.00387  	0.03668  	-0.0966  	0.01199  	-0.0456  	-0.0234  	0.01740  	-0.0353  	-0.0559  	0.02375  	0.00692  	-0.0288  	0.02063  	0.00209  	-0.0200  	0.07903  	-0.0072  	0.14880  	-0.0095  	0.03107  	0.00427  	-0.0398  	0.10221  	
-0.5336  	-0.0830  	-0.4264  	-1.5781  	-0.7836  	-1.4632  	0.32240  	0.10532  	0.04352  	0.49869  	0.48021  	-0.0863  	0.18578  	-0.3008  	-0.4718  	0.64572  	-0.1926  	-0.0350  	0.11609  	0.12270  	-0.1338  	0.32418  	-0.5002  	0.35605  	0.86768  	-0.4129  	0.29322  	-0.4440  	0.07425  	0.44582  	0.18087  	0.13606  	-0.2373  	0.00141  	0.32517  	0.17098  	0.28069  	0.11930  	-0.5899  	0.31110  	0.30589  	0.05240  	-0.1202  	0.39289  	0.01679  	-0.0728  	0.01301  	0.01115  	0.03773  	-0.1042  	0.01453  	-0.0485  	-0.0213  	0.01012  	-0.0344  	-0.0570  	0.02635  	0.00970  	-0.0256  	0.02156  	-0.0030  	-0.0255  	0.08409  	-0.0093  	0.14880  	-0.0095  	0.03107  	0.00427  	-0.0398  	0.10221  	
-0.5585  	-0.1022  	-0.4318  	-1.6577  	-0.8308  	-1.4575  	0.31984  	0.08155  	0.04634  	0.45750  	0.44829  	-0.1524  	0.16197  	-0.3241  	-0.4868  	0.64170  	-0.1672  	-0.0167  	0.13447  	0.07380  	-0.1035  	0.31730  	-0.4502  	0.34457  	0.87538  	-0.4120  	0.29293  	-0.4734  	0.09620  	0.46687  	0.19418  	0.15528  	-0.2646  	0.00611  	0.30598  	0.18938  	0.30902  	0.12380  	-0.6014  	0.31990  	0.32095  	0.04732  	-0.1163  	0.39756  	0.01643  	-0.0702  	0.00919  	-0.0016  	0.03749  	-0.1042  	0.01679  	-0.0453  	-0.0164  	0.01937  	-0.0356  	-0.0550  	0.02273  	0.00490  	-0.0225  	0.02163  	-0.0056  	-0.0222  	0.07484  	-0.0152  	0.14880  	-0.0095  	0.03107  	0.00427  	-0.0398  	0.10221  	
-0.6247  	-0.1055  	-0.4230  	-1.6625  	-0.8661  	-1.4403  	0.28920  	0.09169  	0.03018  	0.34289  	0.47143  	-0.2428  	0.11173  	-0.3209  	-0.4309  	0.55492  	-0.1159  	-0.0870  	0.12425  	0.02965  	0.01699  	0.30254  	-0.3658  	0.42333  	0.84586  	-0.4070  	0.32109  	-0.5950  	-0.0282  	0.45658  	0.19432  	0.15836  	-0.2708  	-0.0172  	0.35480  	0.14872  	0.39259  	0.13923  	-0.6522  	0.28254  	0.28594  	0.04468  	-0.1338  	0.39322  	0.01601  	-0.0684  	0.00907  	-0.0245  	0.02613  	-0.0943  	0.01362  	-0.0449  	-0.0196  	0.01887  	-0.0351  	-0.0530  	0.02705  	0.01272  	-0.0285  	0.01938  	-0.0055  	-0.0203  	0.08210  	-0.0132  	0.14880  	-0.0095  	0.03107  	0.00427  	-0.0398  	0.10221  	
-0.5989  	-0.1047  	-0.4116  	-1.7272  	-0.9329  	-1.4337  	0.25126  	0.08643  	0.03437  	0.30403  	0.55163  	-0.2134  	0.11042  	-0.3260  	-0.4796  	0.56515  	-0.1011  	-0.0993  	0.13204  	0.01522  	0.10950  	0.27318  	-0.3558  	0.42294  	0.77430  	-0.4128  	0.30669  	-0.6843  	-0.1116  	0.43188  	0.19140  	0.16153  	-0.2617  	-0.0179  	0.41122  	0.09785  	0.44737  	0.15424  	-0.6906  	0.27267  	0.29174  	0.04618  	-0.1370  	0.37244  	0.01878  	-0.0677  	0.01199  	-0.0302  	0.02409  	-0.0892  	0.00775  	-0.0420  	-0.0238  	0.02155  	-0.0340  	-0.0522  	0.02284  	0.01166  	-0.0270  	0.01797  	-0.0117  	-0.0216  	0.07694  	-0.0153  	0.14880  	-0.0095  	0.03107  	0.00427  	-0.0398  	0.10221  	
-0.5389  	-0.0857  	-0.3832  	-1.7806  	-0.9250  	-1.4514  	0.27865  	0.10691  	0.06053  	0.41857  	0.61552  	-0.1616  	0.13474  	-0.3363  	-0.5258  	0.62282  	-0.1665  	-0.0310  	0.11635  	0.08850  	0.05246  	0.25987  	-0.3923  	0.35730  	0.76501  	-0.4049  	0.22794  	-0.5788  	-0.0324  	0.38637  	0.19408  	0.13899  	-0.2298  	-0.0003  	0.38332  	0.12166  	0.39404  	0.14195  	-0.6457  	0.29519  	0.32001  	0.04094  	-0.1219  	0.37874  	0.02000  	-0.0745  	0.01828  	-0.0166  	0.02358  	-0.0989  	0.00946  	-0.0482  	-0.0235  	0.01640  	-0.0343  	-0.0517  	0.02242  	0.00733  	-0.0305  	0.02176  	-0.0061  	-0.0194  	0.07526  	-0.0096  	0.14880  	-0.0095  	0.03107  	0.00427  	-0.0398  	0.10221  	
-0.5139  	-0.0813  	-0.3716  	-1.7768  	-0.8957  	-1.4373  	0.29016  	0.11378  	0.06435  	0.45654  	0.62373  	-0.1277  	0.14382  	-0.3593  	-0.5479  	0.65743  	-0.1949  	-0.0204  	0.12046  	0.10809  	-0.0158  	0.25565  	-0.4208  	0.32163  	0.78018  	-0.4138  	0.22625  	-0.5205  	0.02084  	0.39760  	0.19827  	0.13124  	-0.2219  	0.00639  	0.36742  	0.14035  	0.35660  	0.14063  	-0.6225  	0.31037  	0.32110  	0.03088  	-0.1180  	0.38942  	0.01394  	-0.0722  	0.01506  	-0.0057  	0.02629  	-0.0918  	0.01176  	-0.0491  	-0.0227  	0.01682  	-0.0374  	-0.0537  	0.02320  	0.00459  	-0.0312  	0.01881  	-0.0052  	-0.0207  	0.08025  	-0.0105  	0.14880  	-0.0095  	0.03107  	0.00427  	-0.0398  	0.10221  	
-0.5474  	-0.1026  	-0.4050  	-1.8097  	-0.9127  	-1.4384  	0.30789  	0.09614  	0.04993  	0.43153  	0.58189  	-0.1544  	0.15831  	-0.3109  	-0.5189  	0.62924  	-0.1754  	-0.0710  	0.12158  	0.07119  	0.00240  	0.27563  	-0.4091  	0.36258  	0.75634  	-0.4129  	0.26478  	-0.5894  	-0.0070  	0.38617  	0.20480  	0.13065  	-0.2312  	-0.0053  	0.38863  	0.14323  	0.38505  	0.12436  	-0.6466  	0.31967  	0.32651  	0.05490  	-0.1284  	0.38343  	0.01823  	-0.0718  	0.01905  	-0.0116  	0.02742  	-0.0862  	0.00569  	-0.0471  	-0.0251  	0.01380  	-0.0373  	-0.0539  	0.02335  	0.00499  	-0.0335  	0.01853  	-0.0074  	-0.0194  	0.08187  	-0.0086  	0.14880  	-0.0095  	0.03107  	0.00427  	-0.0398  	0.10221  	
-0.5470  	-0.0896  	-0.3481  	-1.7011  	-0.8454  	-1.4697  	0.27335  	0.15477  	0.00530  	0.41597  	0.56694  	-0.1395  	0.19618  	-0.3909  	-0.4523  	0.59046  	-0.0798  	-0.2180  	0.19259  	-0.1760  	0.05646  	0.05755  	-0.6952  	0.39804  	0.71405  	-0.3106  	0.29350  	-0.6670  	0.04763  	0.38524  	0.31490  	0.09841  	-0.3377  	-0.1685  	0.33142  	0.12623  	0.29166  	0.12503  	-0.7680  	0.23078  	0.38416  	0.18353  	-0.2495  	0.46008  	-0.0408  	-0.0535  	-0.0108  	-0.0030  	0.01541  	-0.1067  	0.02037  	-0.0434  	-0.0153  	0.03306  	-0.0288  	-0.0586  	0.02417  	-0.0053  	-0.0302  	0.02955  	-0.0016  	-0.0239  	0.06292  	-0.0052  	0.14880  	-0.0095  	0.03107  	0.00427  	-0.0398  	0.10221  	
-0.5415  	-0.0692  	-0.2974  	-1.5958  	-0.7957  	-1.5009  	0.22444  	0.21920  	-0.0176  	0.42658  	0.60268  	-0.0708  	0.22035  	-0.4368  	-0.4526  	0.59876  	-0.0222  	-0.3437  	0.25090  	-0.3700  	0.09037  	-0.1102  	-0.9521  	0.39846  	0.68933  	-0.2381  	0.31650  	-0.7280  	0.12285  	0.38659  	0.39466  	0.06913  	-0.4138  	-0.3078  	0.26868  	0.11453  	0.20241  	0.13324  	-0.8413  	0.16231  	0.43634  	0.28774  	-0.3499  	0.52830  	-0.0877  	-0.0381  	-0.0295  	0.02874  	0.01114  	-0.1276  	0.02461  	-0.0388  	-0.0130  	0.04483  	-0.0215  	-0.0587  	0.02064  	-0.0144  	-0.0294  	0.04244  	0.00178  	-0.0256  	0.05458  	-0.0083  	0.14880  	-0.0095  	0.03107  	0.00427  	-0.0398  	0.10221  	
-0.5467  	-0.1004  	-0.3191  	-1.6102  	-0.7803  	-1.5596  	0.23950  	0.15888  	-0.0211  	0.46819  	0.55736  	-0.0393  	0.25196  	-0.4843  	-0.4747  	0.59785  	-0.0074  	-0.3552  	0.27377  	-0.4394  	-0.0057  	-0.1430  	-1.0217  	0.37041  	0.75338  	-0.2115  	0.32408  	-0.6631  	0.22763  	0.43686  	0.42808  	0.05370  	-0.4588  	-0.3211  	0.19929  	0.14023  	0.12925  	0.13272  	-0.8493  	0.16007  	0.47042  	0.32015  	-0.3505  	0.55290  	-0.1001  	-0.0317  	-0.0420  	0.05299  	0.01640  	-0.1348  	0.03293  	-0.0366  	-0.0157  	0.05304  	-0.0216  	-0.0571  	0.01363  	-0.0213  	-0.0239  	0.04394  	0.00158  	-0.0342  	0.04723  	-0.0143  	0.14880  	-0.0095  	0.03107  	0.00427  	-0.0398  	0.10221  	
-0.5924  	-0.0767  	-0.4137  	-1.6259  	-0.8156  	-1.5202  	0.24721  	0.17381  	-0.0177  	0.37938  	0.47223  	-0.1229  	0.23086  	-0.4607  	-0.4378  	0.52737  	0.03043  	-0.3324  	0.27129  	-0.3939  	0.01954  	-0.1016  	-0.9298  	0.38217  	0.77326  	-0.2281  	0.30413  	-0.6470  	0.24293  	0.44367  	0.39303  	0.06618  	-0.4438  	-0.3085  	0.19202  	0.15295  	0.14638  	0.11298  	-0.8049  	0.17430  	0.43761  	0.28223  	-0.3375  	0.53812  	-0.0887  	-0.0370  	-0.0395  	0.03164  	0.00663  	-0.1244  	0.02856  	-0.0420  	-0.0216  	0.05091  	-0.0239  	-0.0536  	0.02114  	-0.0138  	-0.0266  	0.04168  	0.00272  	-0.0258  	0.05134  	-0.0124  	0.14880  	-0.0095  	0.03107  	0.00427  	-0.0398  	0.10221  	
-0.7506  	-0.0911  	-0.5214  	-1.5518  	-0.7925  	-1.5696  	0.23855  	0.12743  	-0.0300  	0.33951  	0.34658  	-0.1387  	0.21361  	-0.2697  	-0.3771  	0.39928  	-0.0240  	-0.2234  	0.19832  	-0.1925  	-0.0440  	0.07237  	-0.6932  	0.41262  	0.82085  	-0.2996  	0.30674  	-0.5676  	0.18893  	0.44897  	0.28741  	0.07301  	-0.3655  	-0.1726  	0.23568  	0.13081  	0.18538  	0.10518  	-0.7203  	0.24681  	0.35894  	0.17804  	-0.2572  	0.46709  	-0.0399  	-0.0565  	-0.0137  	0.01675  	0.01654  	-0.1235  	0.02272  	-0.0419  	-0.0157  	0.02910  	-0.0305  	-0.0572  	0.03304  	-0.0031  	-0.0152  	0.03225  	-0.0053  	-0.0207  	0.05532  	-0.0091  	0.14880  	-0.0095  	0.03107  	0.00427  	-0.0398  	0.10221  	
-0.8368  	-0.1520  	-0.6227  	-1.6745  	-0.8669  	-1.5504  	0.25748  	0.06793  	0.00227  	0.35616  	0.43321  	-0.1457  	0.19159  	-0.2235  	-0.3386  	0.38037  	-0.0977  	-0.0522  	0.10495  	0.09580  	-0.0393  	0.26339  	-0.3699  	0.35786  	0.82890  	-0.3954  	0.25073  	-0.4949  	0.09362  	0.43100  	0.21111  	0.09596  	-0.2252  	0.01362  	0.29614  	0.09325  	0.28205  	0.09776  	-0.6094  	0.28007  	0.29045  	0.02453  	-0.1582  	0.38198  	0.03215  	-0.0750  	0.01270  	-0.0209  	0.01684  	-0.1002  	0.00875  	-0.0437  	-0.0254  	0.01185  	-0.0374  	-0.0572  	0.02815  	0.00893  	-0.0192  	0.01705  	-0.0005  	-0.0210  	0.07147  	-0.0084  	0.14880  	-0.0095  	0.03107  	0.00427  	-0.0398  	0.10221  	
-0.7652  	-0.1048  	-0.4776  	-1.8250  	-0.9640  	-1.4677  	0.21907  	0.06314  	0.03780  	0.33323  	0.49520  	-0.1737  	0.13774  	-0.4063  	-0.4764  	0.48491  	-0.1105  	-0.0371  	0.12952  	0.05526  	0.01262  	0.27178  	-0.3131  	0.33905  	0.72952  	-0.3698  	0.21633  	-0.5956  	0.03564  	0.38639  	0.23432  	0.11288  	-0.2266  	0.00158  	0.25309  	0.08187  	0.34205  	0.14298  	-0.6189  	0.29661  	0.35283  	0.03628  	-0.1176  	0.39983  	0.01665  	-0.0768  	0.01505  	-0.0263  	0.01517  	-0.0878  	0.00094  	-0.0441  	-0.0241  	0.01527  	-0.0370  	-0.0566  	0.01628  	0.00598  	-0.0258  	0.01748  	-0.0025  	-0.0096  	0.07330  	-0.0073  	0.14880  	-0.0095  	0.03107  	0.00427  	-0.0398  	0.10221  	
-0.8243  	-0.1564  	-0.5331  	-1.8910  	-0.9894  	-1.5194  	0.27159  	0.01926  	0.03252  	0.38182  	0.51363  	-0.1410  	0.15019  	-0.4402  	-0.5595  	0.49284  	-0.1092  	-0.0115  	0.11228  	0.10772  	-0.1340  	0.27639  	-0.3599  	0.28655  	0.76290  	-0.3671  	0.14641  	-0.4375  	0.13739  	0.40722  	0.25833  	0.08549  	-0.2425  	0.00716  	0.21041  	0.11183  	0.25678  	0.09176  	-0.5806  	0.30870  	0.38552  	0.03836  	-0.1070  	0.39858  	0.01708  	-0.0733  	0.01815  	-0.0018  	0.02255  	-0.0808  	0.00100  	-0.0438  	-0.0256  	0.01298  	-0.0358  	-0.0584  	0.02369  	0.00761  	-0.0299  	0.01405  	-0.0016  	-0.0119  	0.08242  	-0.0055  	0.14880  	-0.0095  	0.03107  	0.00427  	-0.0398  	0.10221  	
-0.6575  	-0.1055  	-0.4834  	-1.5731  	-0.7975  	-1.4665  	0.25554  	0.11818  	0.02788  	0.34404  	0.44315  	-0.1117  	0.18212  	-0.2932  	-0.3820  	0.53001  	-0.1491  	-0.0771  	0.12090  	0.11509  	-0.0395  	0.28381  	-0.4523  	0.38649  	0.81384  	-0.3881  	0.27445  	-0.5159  	0.06492  	0.44440  	0.18241  	0.12610  	-0.2260  	0.01274  	0.33953  	0.10341  	0.30338  	0.12035  	-0.6218  	0.32498  	0.30874  	0.04285  	-0.1230  	0.39793  	0.02576  	-0.0725  	0.01615  	0.01198  	0.02409  	-0.0981  	0.00373  	-0.0505  	-0.0245  	0.01156  	-0.0463  	-0.0546  	0.02981  	0.00555  	-0.0240  	0.02688  	-0.0072  	-0.0305  	0.07879  	-0.0135  	0.14880  	-0.0095  	0.03107  	0.00427  	-0.0398  	0.10221  	
-0.3479  	0.00532  	-0.3791  	-1.3772  	-0.7032  	-1.2949  	0.29395  	0.23070  	0.09462  	0.26840  	0.23678  	-0.0917  	0.29097  	-0.0112  	-0.0476  	0.51383  	-0.1429  	-0.1032  	0.09802  	0.07638  	0.06716  	0.31857  	-0.4300  	0.39632  	0.82265  	-0.4194  	0.32892  	-0.6161  	0.00396  	0.47863  	0.18214  	0.12217  	-0.2143  	0.00711  	0.42752  	-0.0055  	0.34420  	0.11200  	-0.6095  	0.36040  	0.24293  	0.04771  	-0.1316  	0.38575  	0.01720  	-0.0709  	0.01445  	0.00633  	0.04538  	-0.0931  	0.02173  	-0.0473  	-0.0304  	0.01819  	-0.0419  	-0.0445  	0.01575  	0.00536  	-0.0278  	0.02478  	-0.0098  	-0.0106  	0.07021  	-0.0186  	0.14880  	-0.0095  	0.03107  	0.00427  	-0.0398  	0.10221  	
-0.2202  	0.06314  	-0.2606  	-1.4259  	-0.7848  	-1.1630  	0.32225  	0.34476  	0.12949  	0.24876  	0.37059  	-0.1012  	0.27067  	0.10644  	0.00746  	0.56707  	-0.1317  	-0.1563  	0.13220  	-0.0105  	0.23648  	0.38522  	-0.3674  	0.47465  	0.78496  	-0.4373  	0.41899  	-0.7813  	-0.1213  	0.42337  	0.17695  	0.14768  	-0.1953  	-0.0028  	0.50626  	-0.0351  	0.45075  	0.16228  	-0.6774  	0.29603  	0.24214  	0.04249  	-0.1445  	0.38765  	0.01114  	-0.0668  	0.00220  	0.01809  	0.04142  	-0.0862  	0.00770  	-0.0451  	-0.0250  	0.01299  	-0.0389  	-0.0353  	0.01205  	0.00126  	-0.0295  	0.02680  	-0.0026  	-0.0053  	0.07546  	-0.0168  	0.14880  	-0.0095  	0.03107  	0.00427  	-0.0398  	0.10221  	
-0.1815  	0.05658  	-0.1260  	-1.6178  	-0.9379  	-1.2648  	0.28386  	0.35154  	0.16595  	0.33591  	0.63063  	-0.0446  	0.21418  	0.03498  	-0.2818  	0.73108  	-0.1189  	-0.1569  	0.13546  	-0.0240  	0.35325  	0.28648  	-0.2890  	0.50371  	0.72085  	-0.4155  	0.41258  	-0.9217  	-0.2906  	0.37541  	0.20684  	0.14883  	-0.1804  	8.65215  	0.51790  	-0.0843  	0.56231  	0.18760  	-0.6907  	0.23825  	0.24261  	0.03275  	-0.1257  	0.39727  	0.01934  	-0.0670  	0.00429  	0.00956  	0.03287  	-0.0801  	-0.0017  	-0.0442  	-0.0152  	0.01955  	-0.0436  	-0.0357  	0.00140  	-0.0019  	-0.0372  	0.02523  	-0.0001  	-0.0028  	0.07979  	-0.0184  	0.14880  	-0.0095  	0.03107  	0.00427  	-0.0398  	0.10221  	
-0.1873  	0.06452  	-0.0744  	-1.8148  	-1.0247  	-1.3075  	0.35064  	0.38354  	0.19274  	0.36071  	0.67560  	-0.0480  	0.19971  	-0.0064  	-0.3925  	0.70978  	-0.1409  	-0.0918  	0.16370  	0.01989  	0.34136  	0.26860  	-0.3043  	0.37915  	0.73816  	-0.4390  	0.33040  	-0.8315  	-0.1947  	0.33041  	0.21219  	0.14989  	-0.1557  	-0.0151  	0.41908  	-0.0826  	0.54240  	0.18526  	-0.6415  	0.26009  	0.29450  	0.01435  	-0.0917  	0.42403  	0.01962  	-0.0739  	0.00746  	0.02490  	0.05168  	-0.0888  	-0.0021  	-0.0485  	-0.0279  	0.02140  	-0.0397  	-0.0329  	0.00405  	0.00117  	-0.0426  	0.03025  	0.00335  	-0.0099  	0.07574  	-0.0147  	0.14880  	-0.0095  	0.03107  	0.00427  	-0.0398  	0.10221  	
-0.4350  	-0.0132  	-0.1134  	-1.7877  	-1.0495  	-1.4214  	0.34040  	0.34824  	0.20949  	0.45355  	0.68494  	-0.1407  	0.21685  	0.14043  	-0.2979  	0.71846  	-0.1179  	-0.1407  	0.14386  	0.12561  	0.30138  	0.26369  	-0.4539  	0.41217  	0.85920  	-0.4529  	0.40325  	-0.8425  	-0.1618  	0.36848  	0.20197  	0.17604  	-0.1570  	-0.0054  	0.41737  	-0.0199  	0.50706  	0.16017  	-0.6227  	0.31572  	0.29366  	0.01343  	-0.1294  	0.42002  	0.02807  	-0.0786  	0.01584  	0.01183  	0.04877  	-0.0858  	0.00920  	-0.0466  	-0.0322  	0.02842  	-0.0346  	-0.0478  	0.00673  	0.00442  	-0.0305  	0.03272  	0.00977  	-0.0160  	0.07338  	-0.0119  	0.14880  	-0.0095  	0.03107  	0.00427  	-0.0398  	0.10221  	
-0.6028  	-0.1000  	-0.4723  	-1.3117  	-0.7154  	-1.4191  	0.33327  	0.22802  	0.08540  	0.37908  	0.42276  	0.01575  	0.28202  	0.09112  	-0.1843  	0.61469  	-0.1284  	-0.0709  	0.12086  	0.12658  	0.08479  	0.29492  	-0.4542  	0.48571  	0.76911  	-0.4275  	0.32904  	-0.6048  	-0.0223  	0.43298  	0.15249  	0.11613  	-0.2246  	-0.0134  	0.42898  	0.02107  	0.35726  	0.11908  	-0.6343  	0.33388  	0.26027  	0.03643  	-0.1782  	0.39989  	0.01885  	-0.0675  	0.01039  	-0.0090  	0.03045  	-0.0872  	0.00555  	-0.0507  	-0.0330  	0.01547  	-0.0482  	-0.0434  	0.01952  	0.00828  	-0.0305  	0.01417  	-0.0056  	-0.0100  	0.05543  	-0.0197  	0.14880  	-0.0095  	0.03107  	0.00427  	-0.0398  	0.10221  	
-0.5296  	-0.0259  	-0.5119  	-1.2603  	-0.5610  	-1.4575  	0.27424  	0.24316  	0.06026  	0.26093  	0.27825  	0.03662  	0.36935  	0.06001  	0.03506  	0.46805  	-0.0729  	-0.2403  	0.15736  	-0.1492  	0.03471  	0.06481  	-0.7825  	0.43489  	0.71385  	-0.2808  	0.29844  	-0.5731  	0.13336  	0.44043  	0.31042  	0.04112  	-0.2937  	-0.1266  	0.40666  	-0.0256  	0.17658  	0.07375  	-0.7337  	0.27032  	0.29668  	0.21163  	-0.3029  	0.45723  	-0.0431  	-0.0546  	-0.0101  	0.01538  	0.01179  	-0.0970  	0.01234  	-0.0439  	-0.0330  	0.03615  	-0.0368  	-0.0448  	0.01928  	-0.0059  	-0.0166  	0.02807  	0.00721  	-0.0124  	0.03395  	-0.0232  	0.14880  	-0.0095  	0.03107  	0.00427  	-0.0398  	0.10221  	
-0.3796  	0.04894  	-0.3497  	-1.1757  	-0.5634  	-1.3394  	0.25906  	0.33814  	0.06926  	0.20151  	0.12594  	0.00617  	0.45815  	0.15048  	0.33253  	0.26536  	0.01451  	-0.4345  	0.18389  	-0.3671  	0.06056  	-0.0470  	-0.9557  	0.40112  	0.69894  	-0.2215  	0.27221  	-0.6513  	0.25344  	0.45598  	0.39036  	-0.0117  	-0.3343  	-0.2638  	0.28302  	-0.0542  	0.11453  	0.06443  	-0.7754  	0.21536  	0.38269  	0.29378  	-0.3657  	0.52326  	-0.0771  	-0.0370  	-0.0206  	0.03930  	0.01494  	-0.1157  	0.01889  	-0.0376  	-0.0338  	0.03531  	-0.0342  	-0.0495  	0.01230  	-0.0193  	-0.0299  	0.04037  	0.00477  	-0.0173  	0.04174  	-0.0223  	0.14880  	-0.0095  	0.03107  	0.00427  	-0.0398  	0.10221  	
-0.2893  	0.05069  	-0.3283  	-1.1247  	-0.6113  	-1.2409  	0.24122  	0.37419  	0.04653  	0.15768  	0.05060  	-0.1059  	0.47720  	0.14868  	0.39758  	0.24633  	0.05527  	-0.4965  	0.20588  	-0.5510  	0.15991  	-0.0563  	-0.8742  	0.39898  	0.71843  	-0.2283  	0.37116  	-0.7941  	0.28195  	0.50094  	0.40503  	0.00082  	-0.3852  	-0.3078  	0.29294  	-0.0752  	0.11291  	0.06643  	-0.8111  	0.18706  	0.39228  	0.33446  	-0.3805  	0.53390  	-0.0970  	-0.0233  	-0.0368  	0.05317  	0.00958  	-0.1160  	0.01568  	-0.0383  	-0.0261  	0.03908  	-0.0301  	-0.0448  	0.01239  	-0.0239  	-0.0293  	0.04109  	0.00370  	-0.0127  	0.02787  	-0.0187  	0.14880  	-0.0095  	0.03107  	0.00427  	-0.0398  	0.10221  	
-0.2138  	0.05063  	-0.2650  	-1.2453  	-0.6943  	-1.2202  	0.24082  	0.41544  	0.08231  	0.17628  	0.15251  	-0.1288  	0.45682  	0.09649  	0.24790  	0.35267  	0.04388  	-0.4745  	0.22653  	-0.4727  	0.22477  	-0.0143  	-0.8022  	0.40644  	0.69226  	-0.2412  	0.36225  	-0.8582  	0.17810  	0.46085  	0.38742  	0.01731  	-0.3686  	-0.2844  	0.31873  	-0.0848  	0.19265  	0.09307  	-0.8252  	0.18873  	0.38379  	0.30284  	-0.3477  	0.53719  	-0.0916  	-0.0240  	-0.0340  	0.05658  	0.01641  	-0.1090  	0.01571  	-0.0377  	-0.0270  	0.04020  	-0.0299  	-0.0395  	0.00805  	-0.0214  	-0.0313  	0.04252  	0.00418  	-0.0171  	0.03004  	-0.0227  	0.14880  	-0.0095  	0.03107  	0.00427  	-0.0398  	0.10221  	
-0.1718  	0.11067  	-0.1066  	-1.4729  	-0.8286  	-1.2060  	0.27496  	0.40852  	0.12580  	0.21983  	0.40278  	-0.1704  	0.33692  	0.08053  	0.00551  	0.51368  	-0.0298  	-0.3560  	0.19010  	-0.3007  	0.36689  	0.13878  	-0.5927  	0.47642  	0.70627  	-0.3255  	0.41788  	-0.9794  	-0.0967  	0.39550  	0.31239  	0.08659  	-0.2945  	-0.1744  	0.41879  	-0.0984  	0.40692  	0.15556  	-0.7796  	0.18177  	0.31842  	0.19049  	-0.2556  	0.46826  	-0.0495  	-0.0433  	-0.0188  	0.04067  	0.02556  	-0.0931  	0.00478  	-0.0384  	-0.0225  	0.03638  	-0.0362  	-0.0355  	0.00636  	-0.0095  	-0.0323  	0.03311  	-0.0003  	-0.0089  	0.05573  	-0.0216  	0.14880  	-0.0095  	0.03107  	0.00427  	-0.0398  	0.10221  	
-0.1452  	0.05708  	-0.0572  	-1.6611  	-0.9522  	-1.2491  	0.33042  	0.36898  	0.15968  	0.31844  	0.57327  	-0.1351  	0.23389  	0.02646  	-0.2803  	0.65898  	-0.1321  	-0.1614  	0.13512  	0.02012  	0.32244  	0.33122  	-0.3251  	0.43352  	0.76902  	-0.4209  	0.35124  	-0.8709  	-0.2186  	0.37145  	0.21746  	0.14063  	-0.1864  	-0.0112  	0.42773  	-0.0615  	0.54665  	0.17593  	-0.6454  	0.25024  	0.27606  	0.03440  	-0.0966  	0.41133  	0.01456  	-0.0698  	0.00671  	0.03047  	0.04590  	-0.0866  	-0.0052  	-0.0457  	-0.0255  	0.02244  	-0.0400  	-0.0380  	0.00276  	-0.0006  	-0.0381  	0.02658  	-0.0036  	-0.0108  	0.07298  	-0.0172  	0.14880  	-0.0095  	0.03107  	0.00427  	-0.0398  	0.10221  	
-0.2385  	0.06094  	-0.1385  	-1.7531  	-0.9355  	-1.3178  	0.37033  	0.34385  	0.16439  	0.37725  	0.58431  	-0.1606  	0.23518  	0.04786  	-0.2170  	0.63508  	-0.1450  	-0.1648  	0.15009  	0.04758  	0.32608  	0.32342  	-0.3830  	0.44732  	0.82747  	-0.4396  	0.40633  	-0.8570  	-0.1623  	0.36615  	0.18847  	0.15360  	-0.1948  	-0.0263  	0.46119  	-0.0261  	0.50635  	0.15967  	-0.6321  	0.27484  	0.26498  	0.05214  	-0.1091  	0.40024  	0.00802  	-0.0740  	0.00454  	0.03159  	0.04972  	-0.0981  	0.00872  	-0.0461  	-0.0272  	0.02294  	-0.0402  	-0.0377  	0.01083  	0.00290  	-0.0315  	0.02951  	-0.0003  	-0.0190  	0.07075  	-0.0168  	0.14880  	-0.0095  	0.03107  	0.00427  	-0.0398  	0.10221  	
-0.3345  	-0.0313  	-0.4042  	-1.2646  	-0.6703  	-1.3250  	0.35485  	0.20134  	0.10658  	0.30327  	0.28660  	-0.0727  	0.28876  	0.10598  	0.04783  	0.46764  	-0.1144  	-0.1758  	0.10399  	0.02957  	0.10542  	0.39657  	-0.4504  	0.42893  	0.85277  	-0.4065  	0.44967  	-0.6849  	-0.0005  	0.47115  	0.15349  	0.11910  	-0.2018  	0.02174  	0.47124  	-0.0120  	0.37678  	0.10105  	-0.6086  	0.33602  	0.21185  	0.06882  	-0.1630  	0.41260  	0.01878  	-0.0741  	-7.5931  	0.00744  	0.04177  	-0.0891  	0.00632  	-0.0482  	-0.0335  	0.02380  	-0.0406  	-0.0466  	0.01447  	0.00870  	-0.0299  	0.01728  	-0.0010  	-0.0073  	0.07235  	-0.0181  	0.14880  	-0.0095  	0.03107  	0.00427  	-0.0398  	0.10221  	
-0.2909  	-0.0083  	-0.4304  	-1.0915  	-0.5593  	-1.2769  	0.31496  	0.22680  	0.09755  	0.22927  	0.09130  	-0.0778  	0.36430  	0.21653  	0.21005  	0.36736  	-0.1507  	-0.1689  	0.08222  	0.00989  	0.01591  	0.37453  	-0.4833  	0.41245  	0.89536  	-0.4249  	0.39199  	-0.5324  	0.08894  	0.51524  	0.13084  	0.09166  	-0.2024  	0.02799  	0.48065  	0.00689  	0.28446  	0.05901  	-0.5863  	0.36304  	0.16846  	0.08956  	-0.1579  	0.36748  	0.02432  	-0.0764  	0.01823  	0.01179  	0.05198  	-0.0965  	0.00842  	-0.0538  	-0.0298  	0.00968  	-0.0450  	-0.0479  	0.02579  	0.00679  	-0.0265  	0.01702  	-0.0094  	-0.0136  	0.07625  	-0.0219  	0.14880  	-0.0095  	0.03107  	0.00427  	-0.0398  	0.10221  	
-0.2259  	0.04294  	-0.3730  	-1.1909  	-0.6338  	-1.1909  	0.35331  	0.27512  	0.08891  	0.23737  	0.10214  	-0.1457  	0.39919  	0.31396  	0.27302  	0.38302  	-0.1647  	-0.1675  	0.06438  	-0.0099  	0.04662  	0.42318  	-0.4535  	0.39020  	0.90295  	-0.4526  	0.37884  	-0.6202  	0.13435  	0.53030  	0.14777  	0.09516  	-0.2106  	0.03685  	0.45405  	0.02310  	0.30353  	0.07870  	-0.5819  	0.37097  	0.19598  	0.08148  	-0.1646  	0.37258  	0.02556  	-0.0650  	0.01038  	0.01452  	0.04271  	-0.0944  	0.01496  	-0.0541  	-0.0312  	0.00743  	-0.0398  	-0.0362  	0.01410  	0.00648  	-0.0292  	0.02140  	-0.0043  	-0.0127  	0.05881  	-0.0258  	0.14880  	-0.0095  	0.03107  	0.00427  	-0.0398  	0.10221  	
-0.1442  	0.06325  	-0.2286  	-1.3878  	-0.7378  	-1.1839  	0.33527  	0.30784  	0.12674  	0.24866  	0.26638  	-0.1725  	0.33147  	0.19039  	0.03429  	0.50853  	-0.1203  	-0.1696  	0.10096  	-0.0485  	0.15262  	0.37749  	-0.3564  	0.42694  	0.84609  	-0.4357  	0.37446  	-0.7566  	-0.0275  	0.47711  	0.19193  	0.10606  	-0.1990  	0.00514  	0.47495  	-0.0229  	0.39443  	0.09613  	-0.6073  	0.32079  	0.25209  	0.06453  	-0.1499  	0.37761  	0.00793  	-0.0641  	0.00503  	0.03255  	0.05175  	-0.0887  	0.01220  	-0.0440  	-0.0218  	0.01691  	-0.0452  	-0.0291  	0.00711  	0.00375  	-0.0353  	0.02658  	-0.0058  	-0.0045  	0.06878  	-0.0267  	0.14880  	-0.0095  	0.03107  	0.00427  	-0.0398  	0.10221  	
-0.1571  	0.08038  	-0.1724  	-1.4901  	-0.8383  	-1.1749  	0.31211  	0.36153  	0.13989  	0.25652  	0.35048  	-0.1634  	0.30441  	0.14500  	-0.0244  	0.54775  	-0.1125  	-0.1958  	0.11839  	-0.0783  	0.26168  	0.38043  	-0.2773  	0.44225  	0.79990  	-0.4287  	0.39783  	-0.8571  	-0.1299  	0.42996  	0.20964  	0.12505  	-0.2016  	-0.0012  	0.45493  	-0.0627  	0.47783  	0.13872  	-0.6459  	0.26276  	0.26057  	0.04704  	-0.1373  	0.38491  	0.00300  	-0.0652  	0.00518  	0.03031  	0.04906  	-0.0895  	-0.0005  	-0.0447  	-0.0208  	0.02009  	-0.0451  	-0.0338  	0.00557  	0.00433  	-0.0325  	0.02309  	0.00335  	-0.0048  	0.07276  	-0.0223  	0.14880  	-0.0095  	0.03107  	0.00427  	-0.0398  	0.10221  	
-0.2084  	0.04725  	-0.1216  	-1.6004  	-0.9271  	-1.1910  	0.32945  	0.34764  	0.16240  	0.30249  	0.51331  	-0.1505  	0.26912  	0.11610  	-0.2105  	0.64921  	-0.1126  	-0.1792  	0.11856  	-0.0594  	0.33863  	0.32305  	-0.3049  	0.48434  	0.77167  	-0.4240  	0.43371  	-0.9126  	-0.2290  	0.38993  	0.23638  	0.15355  	-0.1821  	-0.0051  	0.48814  	-0.0666  	0.54261  	0.17395  	-0.6832  	0.24047  	0.28933  	0.03712  	-0.1054  	0.39003  	0.01544  	-0.0696  	0.00936  	0.02061  	0.04863  	-0.0848  	-0.0130  	-0.0408  	-0.0238  	0.02404  	-0.0385  	-0.0390  	0.00213  	0.00207  	-0.0378  	0.02361  	0.00735  	-0.0003  	0.08180  	-0.0141  	0.14880  	-0.0095  	0.03107  	0.00427  	-0.0398  	0.10221  	
-0.2180  	0.07791  	-0.2082  	-1.6065  	-0.8241  	-1.2528  	0.38729  	0.30521  	0.12797  	0.38470  	0.30673  	-0.2658  	0.37331  	0.20333  	-0.1109  	0.46554  	-0.1548  	-0.1484  	0.12724  	-0.0765  	0.12704  	0.38087  	-0.3588  	0.41400  	0.93799  	-0.4471  	0.43670  	-0.8062  	-0.0258  	0.46658  	0.23472  	0.09637  	-0.2139  	-0.0035  	0.41368  	0.01281  	0.38789  	0.12908  	-0.6000  	0.32184  	0.28155  	0.03774  	-0.1040  	0.40676  	-0.0012  	-0.0734  	-0.0005  	0.04135  	0.05215  	-0.0927  	0.00814  	-0.0444  	-0.0265  	0.01847  	-0.0390  	-0.0385  	0.00132  	-2.6435  	-0.0360  	0.02821  	0.00185  	0.00066  	0.07263  	-0.0217  	0.14880  	-0.0095  	0.03107  	0.00427  	-0.0398  	0.10221  	
-0.3044  	0.03263  	-0.3789  	-1.3897  	-0.7048  	-1.3526  	0.40215  	0.22214  	0.10302  	0.42398  	0.19494  	-0.2297  	0.40726  	0.31292  	0.03903  	0.37418  	-0.1292  	-0.1896  	0.08834  	-0.0125  	0.05367  	0.43912  	-0.4327  	0.44056  	0.99255  	-0.4394  	0.47880  	-0.7384  	0.03988  	0.51067  	0.19018  	0.08749  	-0.2045  	0.00544  	0.41770  	0.01415  	0.33603  	0.08227  	-0.5874  	0.34815  	0.22400  	0.08276  	-0.1452  	0.40214  	0.02680  	-0.0743  	0.01490  	0.02757  	0.04880  	-0.1026  	0.01048  	-0.0424  	-0.0280  	0.01990  	-0.0430  	-0.0395  	0.00611  	-0.0023  	-0.0264  	0.02809  	0.00461  	-0.0091  	0.06478  	-0.0219  	0.14880  	-0.0095  	0.03107  	0.00427  	-0.0398  	0.10221  	
-0.4702  	-0.0593  	-0.5681  	-1.3855  	-0.6702  	-1.5685  	0.37488  	0.23077  	0.09323  	0.37159  	0.41619  	-0.0273  	0.35529  	0.19553  	-0.0957  	0.48070  	-0.1750  	-0.1006  	0.09437  	0.07485  	0.10594  	0.31238  	-0.5141  	0.41674  	0.72517  	-0.4141  	0.28585  	-0.6121  	0.02433  	0.44703  	0.20250  	0.07157  	-0.1637  	0.00225  	0.46127  	-0.0298  	0.32565  	0.07752  	-0.6320  	0.32499  	0.25781  	0.04790  	-0.1637  	0.40091  	0.01797  	-0.0653  	0.01135  	-0.0058  	0.04050  	-0.0900  	-0.0001  	-0.0461  	-0.0386  	0.00536  	-0.0472  	-0.0436  	0.01231  	-0.0067  	-0.0357  	0.01357  	0.00548  	-0.0089  	0.05251  	-0.0206  	0.14880  	-0.0095  	0.03107  	0.00427  	-0.0398  	0.10221  	
-0.9610  	-0.1629  	-0.7095  	-1.7265  	-0.7968  	-1.7676  	0.29117  	0.16166  	0.04972  	0.44022  	0.58119  	0.02367  	0.23068  	-0.0896  	-0.4483  	0.38095  	-0.2355  	-0.0438  	0.09121  	0.17410  	-0.0163  	0.29231  	-0.4339  	0.40513  	0.62737  	-0.3520  	0.10559  	-0.4901  	0.09447  	0.37297  	0.24965  	0.07148  	-0.1530  	0.00997  	0.30888  	0.00995  	0.25108  	0.06278  	-0.6012  	0.33675  	0.28830  	0.05290  	-0.1817  	0.38672  	0.02451  	-0.0774  	0.04002  	-0.0024  	0.02314  	-0.0869  	-0.0161  	-0.0487  	-0.0367  	0.01616  	-0.0498  	-0.0714  	0.01963  	0.00614  	-0.0367  	0.02243  	-0.0008  	-0.0187  	0.05583  	-0.0197  	0.14880  	-0.0095  	0.03107  	0.00427  	-0.0398  	0.10221  	
-0.8826  	-0.1602  	-0.5695  	-2.0587  	-1.0073  	-1.6988  	0.30895  	0.15357  	0.05649  	0.47529  	0.63914  	-0.1669  	0.18081  	-0.1885  	-0.4729  	0.34122  	-0.1168  	-0.0327  	0.11521  	0.07360  	0.02262  	0.27410  	-0.3206  	0.39788  	0.71053  	-0.3687  	0.20857  	-0.5945  	0.01621  	0.37068  	0.25747  	0.06840  	-0.1936  	-0.0044  	0.27624  	0.02376  	0.32873  	0.10972  	-0.6194  	0.31633  	0.34756  	0.02947  	-0.1419  	0.37806  	0.02654  	-0.0773  	0.02607  	-0.0197  	0.01736  	-0.0907  	-0.0102  	-0.0453  	-0.0319  	0.02136  	-0.0395  	-0.0661  	0.01665  	-0.0025  	-0.0296  	0.02410  	0.00049  	-0.0082  	0.07116  	-0.0149  	0.14880  	-0.0095  	0.03107  	0.00427  	-0.0398  	0.10221  	
-0.7624  	-0.0797  	-0.4385  	-2.0879  	-1.0884  	-1.5735  	0.31812  	0.15146  	0.07154  	0.42429  	0.55923  	-0.2137  	0.16807  	-0.1882  	-0.5297  	0.37727  	-0.1018  	-0.0384  	0.13002  	0.04178  	0.04827  	0.29533  	-0.2617  	0.36366  	0.71185  	-0.3692  	0.23763  	-0.6675  	-0.0265  	0.37427  	0.26859  	0.08912  	-0.2031  	-0.0008  	0.23692  	0.00851  	0.36847  	0.11771  	-0.6149  	0.28378  	0.39061  	0.00826  	-0.1105  	0.40221  	0.01703  	-0.0740  	0.02222  	-0.0069  	0.01571  	-0.0886  	-0.0115  	-0.0497  	-0.0290  	0.00875  	-0.0501  	-0.0598  	0.01148  	0.00176  	-0.0375  	0.01983  	0.00820  	-0.0059  	0.07603  	-0.0126  	0.14880  	-0.0095  	0.03107  	0.00427  	-0.0398  	0.10221  	
-0.6560  	-0.0785  	-0.4206  	-1.8812  	-1.0015  	-1.4801  	0.25245  	0.19186  	0.09580  	0.38236  	0.50738  	-0.1766  	0.20485  	-0.2225  	-0.4538  	0.46540  	-0.1010  	-0.0351  	0.14535  	0.00998  	-0.0056  	0.30672  	-0.2729  	0.30834  	0.67708  	-0.3603  	0.19160  	-0.6410  	-0.0072  	0.37352  	0.25292  	0.10752  	-0.1831  	-0.0245  	0.22812  	0.01084  	0.36629  	0.13835  	-0.6284  	0.31571  	0.39993  	0.01093  	-0.0699  	0.39538  	0.00619  	-0.0791  	0.01808  	-0.0055  	0.02291  	-0.0932  	-0.0110  	-0.0461  	-0.0361  	0.02151  	-0.0441  	-0.0547  	0.00843  	0.00209  	-0.0346  	0.01927  	0.00044  	-0.0086  	0.06874  	-0.0158  	0.14880  	-0.0095  	0.03107  	0.00427  	-0.0398  	0.10221  	
-0.6106  	-0.0242  	-0.3983  	-1.8277  	-0.9486  	-1.4582  	0.26448  	0.15684  	0.07933  	0.43310  	0.60855  	-0.0826  	0.15136  	-0.2112  	-0.4899  	0.50208  	-0.1463  	-0.0390  	0.12118  	0.06914  	0.01186  	0.26503  	-0.3163  	0.33741  	0.65559  	-0.3682  	0.16928  	-0.5916  	0.00150  	0.36253  	0.25275  	0.10166  	-0.1728  	0.00190  	0.29768  	0.04666  	0.36205  	0.13034  	-0.6232  	0.31356  	0.37012  	0.01021  	-0.1028  	0.39547  	0.00380  	-0.0772  	0.02966  	-2.4685  	0.02351  	-0.0982  	-0.0130  	-0.0450  	-0.0311  	0.01993  	-0.0412  	-0.0593  	0.00961  	0.00048  	-0.0368  	0.01809  	0.00132  	-0.0132  	0.07358  	-0.0157  	0.14880  	-0.0095  	0.03107  	0.00427  	-0.0398  	0.10221  	
-0.5920  	-0.0296  	-0.3433  	-1.8294  	-0.9605  	-1.4697  	0.27963  	0.17052  	0.06775  	0.45932  	0.68157  	-0.1091  	0.12787  	-0.1747  	-0.5209  	0.55959  	-0.1944  	-0.0567  	0.13228  	0.07192  	0.04094  	0.26200  	-0.3421  	0.37181  	0.67235  	-0.3912  	0.21915  	-0.6325  	-0.0691  	0.36454  	0.22977  	0.12982  	-0.1806  	0.00317  	0.38526  	0.06741  	0.42032  	0.13356  	-0.6538  	0.28409  	0.34500  	0.01632  	-0.1275  	0.39009  	0.00951  	-0.0702  	0.02877  	0.00087  	0.02435  	-0.0991  	-0.0057  	-0.0445  	-0.0279  	0.01887  	-0.0395  	-0.0588  	0.01208  	0.00220  	-0.0386  	0.01599  	-7.8155  	-0.0171  	0.07646  	-0.0160  	0.14880  	-0.0095  	0.03107  	0.00427  	-0.0398  	0.10221  	
-0.6435  	-0.0604  	-0.3197  	-1.9419  	-1.0520  	-1.5481  	0.23261  	0.13897  	0.05985  	0.52426  	0.76348  	-0.0915  	0.10218  	-0.2583  	-0.6621  	0.62873  	-0.1807  	-0.0248  	0.15453  	0.10027  	0.00941  	0.20953  	-0.3859  	0.37498  	0.65961  	-0.3927  	0.17364  	-0.6349  	-0.0850  	0.35754  	0.22851  	0.14492  	-0.1813  	0.00324  	0.39502  	0.08307  	0.40704  	0.14509  	-0.6655  	0.28208  	0.36401  	0.01364  	-0.1032  	0.37013  	-0.0003  	-0.0708  	0.02512  	0.00029  	0.03071  	-0.0983  	-0.0008  	-0.0470  	-0.0255  	0.01882  	-0.0375  	-0.0588  	0.01447  	0.00210  	-0.0402  	0.01483  	0.00085  	-0.0113  	0.08041  	-0.0155  	0.14880  	-0.0095  	0.03107  	0.00427  	-0.0398  	0.10221  	
-0.6143  	-0.0563  	-0.3239  	-2.0142  	-1.0758  	-1.5160  	0.26367  	0.11013  	0.08902  	0.49207  	0.71010  	-0.1411  	0.12574  	-0.3098  	-0.7349  	0.62548  	-0.1760  	-0.0365  	0.14708  	0.09528  	-0.0323  	0.21826  	-0.3913  	0.28698  	0.64630  	-0.3805  	0.16411  	-0.5684  	-0.0520  	0.34222  	0.24714  	0.13397  	-0.1734  	-0.0048  	0.33767  	0.09705  	0.38762  	0.12616  	-0.6212  	0.29703  	0.37877  	0.02091  	-0.0940  	0.37477  	0.01076  	-0.0722  	0.02522  	0.00439  	0.04209  	-0.0771  	0.00486  	-0.0490  	-0.0268  	0.01580  	-0.0337  	-0.0548  	0.01253  	0.00377  	-0.0436  	0.01800  	-0.0024  	-0.0102  	0.08309  	-0.0104  	0.14880  	-0.0095  	0.03107  	0.00427  	-0.0398  	0.10221  	
-0.7301  	-0.0782  	-0.4760  	-1.9780  	-1.0249  	-1.6206  	0.32382  	0.04821  	0.02787  	0.55179  	0.60982  	-0.1257  	0.14681  	-0.2131  	-0.6507  	0.50675  	-0.2033  	-0.0631  	0.12487  	0.07118  	-0.0972  	0.30413  	-0.3994  	0.32956  	0.74303  	-0.4051  	0.18234  	-0.5185  	0.08073  	0.38529  	0.25009  	0.12880  	-0.2254  	-0.0240  	0.28053  	0.15556  	0.31631  	0.10803  	-0.6058  	0.31275  	0.39457  	0.02042  	-0.1094  	0.37386  	0.02630  	-0.0859  	0.02500  	0.00063  	0.03400  	-0.0887  	0.00768  	-0.0470  	-0.0223  	0.01871  	-0.0314  	-0.0631  	0.01968  	0.00109  	-0.0280  	0.02284  	-0.0010  	-0.0087  	0.08656  	-0.0094  	0.14880  	-0.0095  	0.03107  	0.00427  	-0.0398  	0.10221  	
-1.0715  	-0.1910  	-0.6746  	-2.0693  	-0.9954  	-1.8563  	0.29816  	-0.0005  	-0.0388  	0.54546  	0.72072  	-0.1359  	0.14699  	-0.1763  	-0.6256  	0.40677  	-0.1185  	-0.0572  	0.13387  	0.05661  	-0.0517  	0.28234  	-0.3518  	0.41764  	0.80713  	-0.3681  	0.17622  	-0.6262  	0.02107  	0.38305  	0.25842  	0.08995  	-0.2251  	-0.0291  	0.28255  	0.12359  	0.33684  	0.07685  	-0.6107  	0.27168  	0.34829  	0.05396  	-0.1427  	0.34047  	0.03101  	-0.0726  	0.01766  	-0.0103  	0.00923  	-0.0726  	-0.0083  	-0.0423  	-0.0265  	0.01444  	-0.0332  	-0.0602  	0.00718  	-0.0083  	-0.0221  	0.02777  	0.00327  	-0.0011  	0.05843  	-0.0167  	0.14880  	-0.0095  	0.03107  	0.00427  	-0.0398  	0.10221  	
-1.0114  	-0.1725  	-0.6597  	-2.0503  	-0.9860  	-1.7340  	0.25423  	0.07686  	0.02702  	0.48618  	0.71623  	-0.1207  	0.19511  	-0.1798  	-0.5166  	0.36440  	-0.1252  	-0.0190  	0.11799  	0.04349  	0.00131  	0.23081  	-0.3025  	0.38126  	0.66975  	-0.3412  	0.12763  	-0.5982  	-0.0130  	0.36416  	0.26503  	0.08211  	-0.1946  	0.00915  	0.27975  	0.04130  	0.28835  	0.09659  	-0.5859  	0.30147  	0.33498  	0.03465  	-0.1501  	0.36009  	0.02794  	-0.0741  	0.02938  	-0.0179  	0.01786  	-0.0810  	-0.0052  	-0.0447  	-0.0268  	0.02542  	-0.0419  	-0.0661  	0.01439  	-0.0012  	-0.0254  	0.02621  	-0.0014  	-0.0040  	0.07591  	-0.0114  	0.14880  	-0.0095  	0.03107  	0.00427  	-0.0398  	0.10221  	
-1.0032  	-0.1443  	-0.5450  	-2.2140  	-1.0814  	-1.6193  	0.27830  	0.01423  	0.03785  	0.50052  	0.58159  	-0.2125  	0.13711  	-0.4101  	-0.7219  	0.42333  	-0.1166  	0.02344  	0.12772  	0.06967  	-0.1187  	0.24123  	-0.2849  	0.30055  	0.69628  	-0.3452  	0.11072  	-0.5037  	0.07077  	0.36542  	0.28514  	0.06865  	-0.2247  	0.00401  	0.13195  	0.09793  	0.25236  	0.09944  	-0.5752  	0.29046  	0.40019  	0.02544  	-0.0958  	0.40055  	0.02473  	-0.0819  	0.01960  	-0.0003  	0.01788  	-0.0882  	-0.0048  	-0.0432  	-0.0307  	0.01681  	-0.0370  	-0.0695  	0.02056  	0.00917  	-0.0244  	0.01522  	0.00414  	-0.0083  	0.07649  	-0.0064  	0.14880  	-0.0095  	0.03107  	0.00427  	-0.0398  	0.10221  	
-1.0508  	-0.1068  	-0.5877  	-2.1151  	-1.0605  	-1.7339  	0.24778  	0.06036  	0.04316  	0.49830  	0.56284  	-0.1332  	0.14664  	-0.4111  	-0.6439  	0.44451  	-0.1286  	0.01888  	0.13483  	0.06093  	-0.1061  	0.28339  	-0.2324  	0.30785  	0.66031  	-0.3409  	0.12861  	-0.4986  	0.08118  	0.36727  	0.26054  	0.07522  	-0.2220  	0.01619  	0.15867  	0.06891  	0.27348  	0.08775  	-0.5886  	0.29718  	0.39683  	0.02816  	-0.1012  	0.39165  	0.01303  	-0.0734  	0.01918  	0.00408  	0.01614  	-0.0899  	-0.0139  	-0.0459  	-0.0328  	0.02189  	-0.0364  	-0.0690  	0.01266  	0.00564  	-0.0234  	0.01509  	0.00322  	-0.0024  	0.06605  	-0.0049  	0.14880  	-0.0095  	0.03107  	0.00427  	-0.0398  	0.10221  	
-1.0364  	-0.1373  	-0.6283  	-2.0408  	-1.0303  	-1.7787  	0.24375  	0.08815  	0.05359  	0.47614  	0.64291  	-0.0983  	0.14530  	-0.3266  	-0.5911  	0.41377  	-0.1477  	-0.0072  	0.14513  	0.06001  	-0.0404  	0.26715  	-0.2547  	0.32829  	0.60319  	-0.3327  	0.12697  	-0.5734  	0.04632  	0.36351  	0.28051  	0.05809  	-0.2129  	0.00021  	0.24762  	0.04284  	0.29796  	0.08885  	-0.6138  	0.29092  	0.39432  	0.02989  	-0.1143  	0.39634  	0.02605  	-0.0750  	0.01782  	-0.0053  	0.02511  	-0.0842  	0.00204  	-0.0490  	-0.0307  	0.01418  	-0.0408  	-0.0575  	0.01491  	0.00418  	-0.0275  	0.02016  	0.00474  	-0.0030  	0.06850  	-0.0147  	0.14880  	-0.0095  	0.03107  	0.00427  	-0.0398  	0.10221  	
-0.6735  	-0.0505  	-0.4258  	-1.8816  	-0.9472  	-1.5442  	0.28033  	0.21427  	0.10704  	0.39215  	0.55106  	-0.0812  	0.18246  	-0.1250  	-0.3978  	0.44299  	-0.1027  	-0.0580  	0.10349  	0.05512  	0.07638  	0.28645  	-0.2459  	0.42947  	0.60919  	-0.3554  	0.15251  	-0.6683  	-0.0553  	0.34588  	0.25825  	0.08457  	-0.1915  	-0.0047  	0.31265  	-0.0402  	0.36863  	0.11519  	-0.6431  	0.30274  	0.36839  	0.00062  	-0.1383  	0.39005  	0.00026  	-0.0697  	0.03347  	-0.0070  	0.01900  	-0.0889  	0.00124  	-0.0499  	-0.0335  	0.00834  	-0.0541  	-0.0561  	0.00958  	0.00089  	-0.0403  	0.01804  	0.00852  	-0.0061  	0.06674  	-0.0181  	0.14880  	-0.0095  	0.03107  	0.00427  	-0.0398  	0.10221  	
-0.6068  	-0.0315  	-0.4011  	-1.8071  	-0.9266  	-1.4763  	0.26051  	0.14828  	0.07156  	0.42614  	0.50765  	-0.0970  	0.18473  	-0.2089  	-0.5077  	0.54514  	-0.1443  	-0.0355  	0.11914  	0.08983  	-0.0136  	0.27347  	-0.3277  	0.33742  	0.67548  	-0.3811  	0.15616  	-0.5678  	0.02855  	0.36845  	0.23206  	0.09216  	-0.1828  	0.00501  	0.30044  	0.06449  	0.32021  	0.10593  	-0.6187  	0.31983  	0.33886  	0.01720  	-0.1098  	0.39367  	0.01120  	-0.0765  	0.02960  	0.00157  	0.03203  	-0.1019  	0.00266  	-0.0475  	-0.0315  	0.01509  	-0.0452  	-0.0584  	0.01113  	0.00329  	-0.0310  	0.01792  	-0.0050  	-0.0199  	0.07060  	-0.0106  	0.14880  	-0.0095  	0.03107  	0.00427  	-0.0398  	0.10221  	
-0.5591  	-0.0484  	-0.3600  	-1.7845  	-0.9578  	-1.4932  	0.29160  	0.15263  	0.07657  	0.47204  	0.56008  	-0.1437  	0.16686  	-0.2849  	-0.5414  	0.62054  	-0.1872  	-0.0365  	0.13579  	0.10464  	-0.0167  	0.28475  	-0.4250  	0.32284  	0.75015  	-0.3886  	0.21708  	-0.5440  	0.03910  	0.40158  	0.21354  	0.11629  	-0.2157  	-0.0010  	0.33849  	0.13015  	0.33298  	0.11415  	-0.6198  	0.31029  	0.32867  	0.03730  	-0.1120  	0.39009  	0.01588  	-0.0752  	0.02154  	0.00174  	0.03084  	-0.0970  	0.01209  	-0.0510  	-0.0246  	0.01187  	-0.0366  	-0.0611  	0.02243  	0.00485  	-0.0308  	0.01650  	-0.0083  	-0.0185  	0.07965  	-0.0064  	0.14880  	-0.0095  	0.03107  	0.00427  	-0.0398  	0.10221  	
-0.6439  	-0.0764  	-0.4501  	-1.8397  	-0.9964  	-1.5478  	0.29167  	0.09116  	0.04742  	0.43388  	0.54825  	-0.1791  	0.14494  	-0.3252  	-0.5578  	0.55775  	-0.1599  	0.00343  	0.11962  	0.10001  	-0.0519  	0.27205  	-0.4019  	0.28355  	0.74124  	-0.3780  	0.16855  	-0.4967  	0.08008  	0.38413  	0.22975  	0.10777  	-0.2190  	0.00358  	0.29613  	0.13512  	0.31364  	0.10429  	-0.6058  	0.31847  	0.34808  	0.02852  	-0.1104  	0.39387  	0.01498  	-0.0744  	0.01845  	-0.0065  	0.02309  	-0.0914  	0.00732  	-0.0506  	-0.0255  	0.01306  	-0.0341  	-0.0586  	0.01936  	0.00449  	-0.0309  	0.02220  	-0.0014  	-0.0078  	0.08434  	-0.0045  	0.14880  	-0.0095  	0.03107  	0.00427  	-0.0398  	0.10221  	
-0.8379  	-0.0900  	-0.5030  	-1.9102  	-1.0015  	-1.6575  	0.24685  	0.09234  	0.01497  	0.45066  	0.46274  	-0.1442  	0.18287  	-0.3802  	-0.4885  	0.39999  	-0.0336  	-0.1949  	0.17270  	-0.1783  	-0.0245  	0.05163  	-0.5906  	0.34234  	0.69980  	-0.2556  	0.21159  	-0.6407  	0.17107  	0.38482  	0.37389  	0.05548  	-0.3461  	-0.1592  	0.20058  	0.09356  	0.20473  	0.10133  	-0.7320  	0.24383  	0.43641  	0.15387  	-0.2354  	0.46653  	-0.0376  	-0.0600  	0.00023  	0.00334  	0.00970  	-0.1049  	0.00138  	-0.0435  	-0.0287  	0.03411  	-0.0267  	-0.0667  	0.01380  	-0.0069  	-0.0307  	0.02600  	0.00742  	-0.0145  	0.05814  	-0.0116  	0.14880  	-0.0095  	0.03107  	0.00427  	-0.0398  	0.10221  	
-0.9347  	-0.1107  	-0.4873  	-1.9654  	-1.0067  	-1.7466  	0.23217  	0.15872  	-0.0037  	0.36305  	0.63148  	-0.1822  	0.22342  	-0.3771  	-0.3729  	0.27092  	0.04772  	-0.3415  	0.21545  	-0.4365  	0.06822  	-0.1285  	-0.7568  	0.35188  	0.60036  	-0.1841  	0.15851  	-0.7308  	0.23193  	0.33982  	0.47672  	0.00068  	-0.3913  	-0.2937  	0.16815  	0.02379  	0.17701  	0.09809  	-0.8284  	0.13692  	0.50146  	0.28627  	-0.3368  	0.51225  	-0.0988  	-0.0377  	-0.0173  	0.01290  	-0.0117  	-0.1186  	0.01086  	-0.0325  	-0.0298  	0.04803  	-0.0263  	-0.0634  	0.01307  	-0.0175  	-0.0283  	0.03417  	0.01241  	-0.0057  	0.04388  	-0.0055  	0.14880  	-0.0095  	0.03107  	0.00427  	-0.0398  	0.10221  	
-1.0138  	-0.1063  	-0.5205  	-2.0382  	-1.0276  	-1.8139  	0.22135  	0.19281  	0.00530  	0.39779  	0.70413  	-0.1437  	0.22009  	-0.4521  	-0.4655  	0.29473  	0.05075  	-0.3581  	0.25676  	-0.4727  	0.09350  	-0.1901  	-0.8014  	0.30783  	0.51930  	-0.1437  	0.13885  	-0.7192  	0.23373  	0.31233  	0.51232  	-0.0303  	-0.4097  	-0.3235  	0.09790  	0.01037  	0.13946  	0.11379  	-0.8452  	0.11834  	0.54637  	0.29721  	-0.3545  	0.54567  	-0.1030  	-0.0357  	-0.0226  	0.01936  	-0.0166  	-0.1183  	-0.0008  	-0.0342  	-0.0225  	0.04985  	-0.0300  	-0.0606  	0.00496  	-0.0238  	-0.0297  	0.03552  	0.01843  	-0.0065  	0.04438  	-0.0074  	0.14880  	-0.0095  	0.03107  	0.00427  	-0.0398  	0.10221  	
-0.9787  	-0.1288  	-0.5186  	-2.0304  	-1.0514  	-1.7730  	0.21353  	0.17709  	0.02388  	0.41314  	0.68040  	-0.1203  	0.19851  	-0.4743  	-0.5116  	0.32384  	0.05131  	-0.3226  	0.24663  	-0.4182  	0.09632  	-0.1565  	-0.7292  	0.30094  	0.48964  	-0.1498  	0.12078  	-0.7180  	0.19058  	0.30871  	0.47775  	-0.0045  	-0.4025  	-0.2928  	0.11656  	-0.0050  	0.15799  	0.12150  	-0.8308  	0.11273  	0.54202  	0.26991  	-0.3205  	0.53508  	-0.0848  	-0.0378  	-0.0155  	0.01619  	-0.0042  	-0.1146  	-0.0024  	-0.0351  	-0.0237  	0.04780  	-0.0243  	-0.0651  	0.00524  	-0.0150  	-0.0281  	0.02845  	0.01322  	-0.0113  	0.04527  	-0.0091  	0.14880  	-0.0095  	0.03107  	0.00427  	-0.0398  	0.10221  	
-0.9007  	-0.1099  	-0.5037  	-1.9860  	-1.0143  	-1.6954  	0.22686  	0.17821  	0.05918  	0.40080  	0.63326  	-0.1117  	0.20552  	-0.3257  	-0.4875  	0.37832  	-0.0170  	-0.1913  	0.17897  	-0.1801  	0.05469  	0.03230  	-0.5594  	0.31035  	0.53988  	-0.2390  	0.09598  	-0.6240  	0.13643  	0.31994  	0.39692  	0.01834  	-0.2939  	-0.1545  	0.17562  	-0.0037  	0.20697  	0.10994  	-0.7230  	0.20434  	0.46917  	0.16341  	-0.2263  	0.46760  	-0.0505  	-0.0534  	0.00711  	0.00549  	0.00775  	-0.0990  	-0.0061  	-0.0379  	-0.0271  	0.03765  	-0.0321  	-0.0635  	0.00868  	-0.0079  	-0.0327  	0.02723  	0.01068  	-0.0048  	0.05711  	-0.0098  	0.14880  	-0.0095  	0.03107  	0.00427  	-0.0398  	0.10221  	
-0.7446  	-0.0498  	-0.4533  	-1.8688  	-0.9638  	-1.5669  	0.25633  	0.17683  	0.10840  	0.37356  	0.55644  	-0.0842  	0.18900  	-0.1517  	-0.4017  	0.47926  	-0.1165  	-0.0654  	0.09675  	0.05230  	0.04506  	0.28294  	-0.3028  	0.30629  	0.59270  	-0.3393  	0.11367  	-0.5616  	0.00532  	0.34777  	0.26353  	0.07280  	-0.1587  	0.02031  	0.29486  	-0.0217  	0.35789  	0.12861  	-0.6299  	0.26987  	0.39307  	0.02928  	-0.1123  	0.39192  	0.01111  	-0.0623  	0.03101  	-0.0174  	0.01373  	-0.0817  	-0.0159  	-0.0444  	-0.0274  	0.01655  	-0.0404  	-0.0598  	0.01032  	0.00186  	-0.0354  	0.01526  	0.00430  	-0.0048  	0.06525  	-0.0109  	0.14880  	-0.0095  	0.03107  	0.00427  	-0.0398  	0.10221  	
-0.5238  	0.02179  	-0.3509  	-1.7406  	-0.9740  	-1.4462  	0.26707  	0.26087  	0.11689  	0.29054  	0.55979  	-0.0935  	0.21094  	-0.0368  	-0.2421  	0.51462  	-0.1255  	-0.1147  	0.09165  	0.02271  	0.21718  	0.28453  	-0.2815  	0.36362  	0.59884  	-0.3653  	0.21663  	-0.7074  	-0.1189  	0.34144  	0.25480  	0.09919  	-0.1651  	0.00621  	0.39442  	-0.0894  	0.44750  	0.16944  	-0.6785  	0.26368  	0.35163  	0.02733  	-0.1130  	0.38361  	0.00987  	-0.0698  	0.03151  	-0.0182  	0.01369  	-0.0776  	-0.0135  	-0.0417  	-0.0255  	0.01798  	-0.0424  	-0.0569  	0.00630  	-0.0019  	-0.0349  	0.01721  	0.00577  	0.00103  	0.07115  	-0.0122  	0.14880  	-0.0095  	0.03107  	0.00427  	-0.0398  	0.10221  	
-0.3572  	0.08516  	-0.2583  	-1.6516  	-0.9577  	-1.3333  	0.28622  	0.32680  	0.16156  	0.24583  	0.59149  	-0.1013  	0.22825  	0.06154  	-0.1740  	0.55466  	-0.1167  	-0.1522  	0.09863  	-0.0400  	0.34763  	0.29865  	-0.2627  	0.42276  	0.59774  	-0.3880  	0.31257  	-0.8366  	-0.2294  	0.34735  	0.22654  	0.13616  	-0.1644  	-0.0083  	0.46741  	-0.1268  	0.53154  	0.19646  	-0.7219  	0.23665  	0.30518  	0.01877  	-0.1318  	0.38275  	0.00498  	-0.0669  	0.02400  	-0.0111  	0.01872  	-0.0756  	-0.0103  	-0.0431  	-0.0253  	0.02026  	-0.0441  	-0.0440  	0.00197  	-1.4270  	-0.0341  	0.01511  	0.00722  	0.00510  	0.06386  	-0.0177  	0.14880  	-0.0095  	0.03107  	0.00427  	-0.0398  	0.10221  	
-0.2332  	0.09433  	-0.1783  	-1.6412  	-0.9864  	-1.2572  	0.29839  	0.37906  	0.19912  	0.21000  	0.61673  	-0.0835  	0.22793  	0.08158  	-0.1096  	0.60727  	-0.0990  	-0.1909  	0.11650  	-0.0951  	0.39444  	0.32189  	-0.2123  	0.49174  	0.62975  	-0.4020  	0.39718  	-0.9434  	-0.3190  	0.35379  	0.22685  	0.15530  	-0.1619  	-0.0162  	0.50738  	-0.1358  	0.61240  	0.21780  	-0.7364  	0.21276  	0.28163  	0.03031  	-0.1167  	0.37931  	0.00395  	-0.0693  	0.02014  	0.00106  	0.02856  	-0.0818  	-0.0192  	-0.0410  	-0.0255  	0.02600  	-0.0436  	-0.0417  	0.00178  	0.00329  	-0.0370  	0.02487  	0.00502  	-0.0019  	0.06881  	-0.0143  	0.14880  	-0.0095  	0.03107  	0.00427  	-0.0398  	0.10221  	
-0.2267  	0.08625  	-0.1756  	-1.6326  	-0.9796  	-1.2371  	0.29984  	0.38866  	0.20207  	0.21220  	0.61506  	-0.0837  	0.23494  	0.08017  	-0.1099  	0.61691  	-0.0921  	-0.1947  	0.11380  	-0.0917  	0.39276  	0.31951  	-0.2083  	0.50066  	0.62922  	-0.4038  	0.40493  	-0.9454  	-0.3255  	0.35881  	0.22452  	0.15845  	-0.1630  	-0.0134  	0.50848  	-0.1374  	0.61362  	0.22108  	-0.7290  	0.21165  	0.27038  	0.03151  	-0.1194  	0.38069  	0.00405  	-0.0685  	0.01793  	0.00020  	0.02983  	-0.0857  	-0.0175  	-0.0402  	-0.0243  	0.02607  	-0.0436  	-0.0414  	0.00138  	0.00354  	-0.0377  	0.02522  	0.00588  	-0.0018  	0.07136  	-0.0122  	0.14880  	-0.0095  	0.03107  	0.00427  	-0.0398  	0.10221  	
-0.2267  	0.08625  	-0.1756  	-1.6326  	-0.9796  	-1.2371  	0.29984  	0.38866  	0.20207  	0.21220  	0.61506  	-0.0837  	0.23494  	0.08017  	-0.1099  	0.61691  	-0.0921  	-0.1947  	0.11380  	-0.0917  	0.39276  	0.31951  	-0.2083  	0.50066  	0.62922  	-0.4038  	0.40493  	-0.9454  	-0.3255  	0.35881  	0.22452  	0.15845  	-0.1630  	-0.0134  	0.50848  	-0.1374  	0.61362  	0.22108  	-0.7290  	0.21165  	0.27038  	0.03151  	-0.1194  	0.38069  	0.00405  	-0.0685  	0.01793  	0.00020  	0.02983  	-0.0857  	-0.0175  	-0.0402  	-0.0243  	0.02607  	-0.0436  	-0.0414  	0.00138  	0.00354  	-0.0377  	0.02522  	0.00588  	-0.0018  	0.07136  	-0.0122  	0.14880  	-0.0095  	0.03107  	0.00427  	-0.0398  	0.10221  	
-0.2267  	0.08625  	-0.1756  	-1.6326  	-0.9796  	-1.2371  	0.29984  	0.38866  	0.20207  	0.21220  	0.61506  	-0.0837  	0.23494  	0.08017  	-0.1099  	0.61691  	-0.0921  	-0.1947  	0.11380  	-0.0917  	0.39276  	0.31951  	-0.2083  	0.50066  	0.62922  	-0.4038  	0.40493  	-0.9454  	-0.3255  	0.35881  	0.22452  	0.15845  	-0.1630  	-0.0134  	0.50848  	-0.1374  	0.61362  	0.22108  	-0.7290  	0.21165  	0.27038  	0.03151  	-0.1194  	0.38069  	0.00405  	-0.0685  	0.01793  	0.00020  	0.02983  	-0.0857  	-0.0175  	-0.0402  	-0.0243  	0.02607  	-0.0436  	-0.0414  	0.00138  	0.00354  	-0.0377  	0.02522  	0.00588  	-0.0018  	0.07136  	-0.0122  	0.14880  	-0.0095  	0.03107  	0.00427  	-0.0398  	0.10221  	
-0.2267  	0.08625  	-0.1756  	-1.6326  	-0.9796  	-1.2371  	0.29984  	0.38866  	0.20207  	0.21220  	0.61506  	-0.0837  	0.23494  	0.08017  	-0.1099  	0.61691  	-0.0921  	-0.1947  	0.11380  	-0.0917  	0.39276  	0.31951  	-0.2083  	0.50066  	0.62922  	-0.4038  	0.40493  	-0.9454  	-0.3255  	0.35881  	0.22452  	0.15845  	-0.1630  	-0.0134  	0.50848  	-0.1374  	0.61362  	0.22108  	-0.7290  	0.21165  	0.27038  	0.03151  	-0.1194  	0.38069  	0.00405  	-0.0685  	0.01793  	0.00020  	0.02983  	-0.0857  	-0.0175  	-0.0402  	-0.0243  	0.02607  	-0.0436  	-0.0414  	0.00138  	0.00354  	-0.0377  	0.02522  	0.00588  	-0.0018  	0.07136  	-0.0122  	0.14880  	-0.0095  	0.03107  	0.00427  	-0.0398  	0.10221  	
-0.2267  	0.08625  	-0.1756  	-1.6326  	-0.9796  	-1.2371  	0.29984  	0.38866  	0.20207  	0.21220  	0.61506  	-0.0837  	0.23494  	0.08017  	-0.1099  	0.61691  	-0.0921  	-0.1947  	0.11380  	-0.0917  	0.39276  	0.31951  	-0.2083  	0.50066  	0.62922  	-0.4038  	0.40493  	-0.9454  	-0.3255  	0.35881  	0.22452  	0.15845  	-0.1630  	-0.0134  	0.50848  	-0.1374  	0.61362  	0.22108  	-0.7290  	0.21165  	0.27038  	0.03151  	-0.1194  	0.38069  	0.00405  	-0.0685  	0.01793  	0.00020  	0.02983  	-0.0857  	-0.0175  	-0.0402  	-0.0243  	0.02607  	-0.0436  	-0.0414  	0.00138  	0.00354  	-0.0377  	0.02522  	0.00588  	-0.0018  	0.07136  	-0.0122  	0.14880  	-0.0095  	0.03107  	0.00427  	-0.0398  	0.10221  	
-0.2213  	0.08459  	-0.1732  	-1.6314  	-0.9785  	-1.2361  	0.30299  	0.39052  	0.20322  	0.21152  	0.61302  	-0.0824  	0.23765  	0.08544  	-0.1102  	0.62009  	-0.0939  	-0.1934  	0.11338  	-0.0907  	0.39628  	0.32208  	-0.2061  	0.50504  	0.63112  	-0.4043  	0.40800  	-0.9490  	-0.3259  	0.35776  	0.22441  	0.15861  	-0.1606  	-0.0140  	0.50783  	-0.1389  	0.61623  	0.22113  	-0.7295  	0.21177  	0.27044  	0.03270  	-0.1182  	0.38073  	0.00394  	-0.0684  	0.01829  	0.00073  	0.03054  	-0.0858  	-0.0184  	-0.0405  	-0.0248  	0.02612  	-0.0434  	-0.0413  	0.00098  	0.00365  	-0.0384  	0.02492  	0.00591  	-0.0011  	0.07175  	-0.0120  	0.14880  	-0.0095  	0.03107  	0.00427  	-0.0398  	0.10221  	
-0.2121  	0.08156  	-0.1449  	-1.6322  	-0.9697  	-1.2216  	0.31218  	0.39288  	0.20726  	0.23606  	0.63237  	-0.0842  	0.23622  	0.06991  	-0.1594  	0.64772  	-0.1010  	-0.1836  	0.11764  	-0.0605  	0.39814  	0.32384  	-0.2180  	0.49757  	0.63875  	-0.4046  	0.40895  	-0.9221  	-0.3133  	0.35472  	0.21644  	0.16044  	-0.1485  	-0.0091  	0.50187  	-0.1233  	0.61093  	0.21967  	-0.7233  	0.21145  	0.26897  	0.03294  	-0.1133  	0.38250  	0.00878  	-0.0696  	0.01906  	0.00335  	0.03211  	-0.0856  	-0.0168  	-0.0412  	-0.0241  	0.02576  	-0.0411  	-0.0415  	0.00148  	0.00281  	-0.0387  	0.02481  	0.00732  	-0.0041  	0.07388  	-0.0130  	0.14880  	-0.0095  	0.03107  	0.00427  	-0.0398  	0.10221  	
-0.2167  	0.08897  	-0.1207  	-1.6576  	-0.9832  	-1.2082  	0.31362  	0.39990  	0.19626  	0.25252  	0.63908  	-0.1061  	0.22249  	0.04238  	-0.1831  	0.64666  	-0.0927  	-0.1931  	0.11386  	-0.0588  	0.40905  	0.32059  	-0.1990  	0.51499  	0.64784  	-0.4052  	0.43387  	-0.9154  	-0.3227  	0.35789  	0.21177  	0.16163  	-0.1684  	-0.0102  	0.51970  	-0.1179  	0.61791  	0.22053  	-0.7343  	0.21276  	0.25215  	0.03171  	-0.1160  	0.38629  	0.00951  	-0.0689  	0.01696  	-0.0003  	0.03273  	-0.0809  	-0.0091  	-0.0418  	-0.0224  	0.02306  	-0.0411  	-0.0380  	0.00308  	0.00213  	-0.0358  	0.02606  	0.00666  	-0.0031  	0.07477  	-0.0152  	0.14880  	-0.0095  	0.03107  	0.00427  	-0.0398  	0.10221  	
-0.2305  	0.08709  	-0.1237  	-1.6727  	-1.0003  	-1.2141  	0.30236  	0.40096  	0.19214  	0.24406  	0.67258  	-0.1165  	0.20220  	0.01697  	-0.2048  	0.64956  	-0.0855  	-0.1969  	0.11753  	-0.0648  	0.42984  	0.31371  	-0.1983  	0.53418  	0.65503  	-0.4116  	0.44616  	-0.9395  	-0.3589  	0.35091  	0.20607  	0.16861  	-0.1806  	-0.0159  	0.54824  	-0.1239  	0.62801  	0.22482  	-0.7433  	0.21422  	0.23494  	0.02922  	-0.1225  	0.38743  	0.00904  	-0.0668  	0.01505  	-0.0046  	0.03408  	-0.0799  	-0.0025  	-0.0427  	-0.0225  	0.02382  	-0.0418  	-0.0354  	0.00512  	0.00076  	-0.0358  	0.02612  	0.00437  	-0.0024  	0.07555  	-0.0170  	0.14880  	-0.0095  	0.03107  	0.00427  	-0.0398  	0.10221  	
-0.2101  	0.07158  	-0.1008  	-1.6677  	-0.9764  	-1.2373  	0.30117  	0.39730  	0.19910  	0.27942  	0.69895  	-0.0380  	0.18867  	0.01794  	-0.3268  	0.72387  	-0.0903  	-0.1690  	0.11816  	-0.0229  	0.39472  	0.26874  	-0.2296  	0.48631  	0.64627  	-0.4121  	0.38279  	-0.8906  	-0.3429  	0.35443  	0.20558  	0.17193  	-0.1638  	-0.0120  	0.52532  	-0.1162  	0.62273  	0.22004  	-0.7156  	0.20915  	0.27249  	0.01731  	-0.1089  	0.39554  	0.00871  	-0.0647  	0.01356  	0.00196  	0.04109  	-0.0852  	-0.0062  	-0.0448  	-0.0207  	0.02123  	-0.0416  	-0.0351  	0.00408  	-0.0034  	-0.0374  	0.02792  	0.00361  	-0.0033  	0.07897  	-0.0172  	0.14880  	-0.0095  	0.03107  	0.00427  	-0.0398  	0.10221  	
-0.2001  	0.06623  	-0.0703  	-1.7860  	-0.9949  	-1.2702  	0.31962  	0.39879  	0.19143  	0.33451  	0.66053  	-0.0941  	0.20580  	-0.0032  	-0.3679  	0.70132  	-0.1317  	-0.1425  	0.14961  	-0.0020  	0.36385  	0.29987  	-0.2927  	0.40347  	0.77124  	-0.4315  	0.35965  	-0.8576  	-0.2412  	0.35200  	0.24149  	0.13913  	-0.1648  	-0.0127  	0.46156  	-0.0662  	0.54840  	0.18212  	-0.6452  	0.24675  	0.28361  	0.01486  	-0.1003  	0.41465  	0.01705  	-0.0735  	0.00277  	0.02335  	0.04926  	-0.0805  	0.00387  	-0.0465  	-0.0242  	0.02100  	-0.0399  	-0.0330  	0.00068  	0.00093  	-0.0408  	0.03200  	0.00050  	-0.0027  	0.07743  	-0.0110  	0.14880  	-0.0095  	0.03107  	0.00427  	-0.0398  	0.10221  	
-0.2979  	0.06264  	-0.1812  	-1.6826  	-0.8412  	-1.3841  	0.35343  	0.31795  	0.17301  	0.40972  	0.51860  	-0.1698  	0.25180  	0.11402  	-0.1411  	0.64500  	-0.1313  	-0.1825  	0.13361  	0.04919  	0.23252  	0.34721  	-0.4444  	0.45662  	0.95458  	-0.4600  	0.44171  	-0.8518  	-0.1044  	0.45397  	0.17561  	0.14370  	-0.2042  	-0.0185  	0.48805  	-0.0018  	0.48739  	0.14421  	-0.6405  	0.33214  	0.25850  	0.05816  	-0.1230  	0.40653  	0.00549  	-0.0837  	0.01243  	0.03587  	0.05844  	-0.0994  	0.01399  	-0.0481  	-0.0294  	0.02993  	-0.0362  	-0.0416  	0.00624  	0.00231  	-0.0362  	0.03486  	-0.0071  	-0.0097  	0.06707  	-0.0177  	0.14880  	-0.0095  	0.03107  	0.00427  	-0.0398  	0.10221  	
-0.3346  	0.00850  	-0.4146  	-0.9476  	-0.4595  	-1.3348  	0.37030  	0.19729  	0.11454  	0.34319  	0.18525  	-0.0706  	0.36927  	0.35672  	0.22433  	0.44671  	-0.1223  	-0.2015  	0.09303  	0.05288  	0.02687  	0.39520  	-0.5194  	0.47316  	1.03820  	-0.4501  	0.45182  	-0.6159  	0.08971  	0.53167  	0.13362  	0.09058  	-0.2172  	0.00424  	0.46791  	0.01363  	0.32971  	0.06321  	-0.6178  	0.38798  	0.14277  	0.09230  	-0.1753  	0.38713  	0.01824  	-0.0834  	0.00417  	0.02032  	0.05592  	-0.0977  	0.00915  	-0.0529  	-0.0390  	0.01835  	-0.0396  	-0.0380  	0.03697  	-0.0004  	-0.0293  	0.02228  	-0.0020  	-0.0094  	0.07104  	-0.0163  	0.14880  	-0.0095  	0.03107  	0.00427  	-0.0398  	0.10221  	
-0.3482  	0.01411  	-0.5291  	-0.6530  	-0.2839  	-1.3181  	0.35660  	0.26718  	0.12631  	0.20651  	0.00439  	-0.0343  	0.41344  	0.48471  	0.36960  	0.40304  	-0.1675  	-0.1758  	0.04034  	0.10027  	-0.1015  	0.37343  	-0.5830  	0.45306  	0.99404  	-0.4463  	0.35328  	-0.4764  	0.21747  	0.58637  	0.08873  	0.08855  	-0.2122  	0.04410  	0.50628  	0.03843  	0.19021  	0.05091  	-0.5637  	0.42439  	0.10342  	0.08243  	-0.1945  	0.36780  	0.04697  	-0.0818  	0.00800  	-0.0011  	0.04013  	-0.0943  	0.00187  	-0.0545  	-0.0298  	0.01375  	-0.0447  	-0.0516  	0.03899  	-0.0027  	-0.0321  	0.02038  	-0.0087  	-0.0070  	0.06994  	-0.0143  	0.14880  	-0.0095  	0.03107  	0.00427  	-0.0398  	0.10221  	
-0.4274  	0.01322  	-0.5321  	-0.9166  	-0.3984  	-1.3146  	0.31642  	0.24521  	0.11046  	0.23574  	-0.0444  	-0.0098  	0.44755  	0.32767  	0.20797  	0.45158  	-0.1943  	-0.0994  	0.03783  	0.14048  	-0.1415  	0.43487  	-0.5648  	0.36101  	0.87790  	-0.3969  	0.20291  	-0.3930  	0.26055  	0.56114  	0.15577  	0.04691  	-0.1735  	0.05577  	0.40097  	0.04410  	0.14329  	0.03915  	-0.5324  	0.34299  	0.22607  	0.06348  	-0.1615  	0.37171  	0.02254  	-0.0744  	0.02039  	0.01513  	0.05604  	-0.1080  	-0.0041  	-0.0557  	-0.0277  	0.01113  	-0.0435  	-0.0574  	0.02432  	0.00044  	-0.0290  	0.01893  	-0.0056  	-0.0133  	0.06730  	-0.0102  	0.14880  	-0.0095  	0.03107  	0.00427  	-0.0398  	0.10221  	
-0.5756  	-0.0717  	-0.5458  	-1.4877  	-0.7167  	-1.4635  	0.34840  	0.15315  	0.11362  	0.36930  	0.19605  	0.00944  	0.34191  	-0.0181  	-0.2245  	0.48868  	-0.1673  	0.02954  	0.07883  	0.17877  	-0.1282  	0.32345  	-0.4888  	0.34522  	0.75400  	-0.3717  	0.15641  	-0.4188  	0.12596  	0.43152  	0.18739  	0.08557  	-0.1801  	0.05073  	0.31074  	0.03473  	0.22732  	0.09198  	-0.5842  	0.37885  	0.26141  	0.04072  	-0.1370  	0.37580  	0.02276  	-0.0769  	0.02184  	0.02196  	0.04456  	-0.0969  	-0.0104  	-0.0557  	-0.0351  	0.01984  	-0.0378  	-0.0602  	0.01493  	0.00149  	-0.0204  	0.01533  	-0.0067  	-0.0081  	0.06256  	-0.0147  	0.14880  	-0.0095  	0.03107  	0.00427  	-0.0398  	0.10221  	
-0.7418  	-0.1187  	-0.4344  	-1.9905  	-0.9483  	-1.5464  	0.31411  	0.08277  	0.06875  	0.38536  	0.51359  	-0.2046  	0.14759  	-0.3351  	-0.5078  	0.48332  	-0.1349  	-0.0216  	0.14454  	0.05503  	0.01272  	0.24177  	-0.3882  	0.36904  	0.70280  	-0.3925  	0.25838  	-0.6037  	-0.0024  	0.37634  	0.21984  	0.11271  	-0.2099  	0.01202  	0.33873  	0.08771  	0.32984  	0.12674  	-0.6584  	0.34212  	0.31569  	0.02496  	-0.1419  	0.39298  	0.02239  	-0.0760  	0.02260  	-0.0152  	0.01945  	-0.0911  	-0.0013  	-0.0465  	-0.0266  	0.02477  	-0.0438  	-0.0586  	0.01177  	-0.0029  	-0.0144  	0.02827  	-0.0001  	-0.0096  	0.07342  	-0.0128  	0.14880  	-0.0095  	0.03107  	0.00427  	-0.0398  	0.10221  	
-0.7027  	-0.1436  	-0.4808  	-1.8554  	-0.9680  	-1.4398  	0.25642  	0.08942  	0.05590  	0.33610  	0.54886  	-0.1703  	0.12924  	-0.3428  	-0.4288  	0.50432  	-0.1126  	-0.0937  	0.14339  	0.04257  	0.06897  	0.29615  	-0.2973  	0.42193  	0.71764  	-0.3766  	0.32198  	-0.6834  	-0.0782  	0.39059  	0.23051  	0.13169  	-0.2477  	-0.0040  	0.35083  	0.07390  	0.39684  	0.13903  	-0.6667  	0.31904  	0.35754  	0.01994  	-0.1379  	0.38075  	0.01175  	-0.0697  	0.02320  	-0.0134  	0.00844  	-0.0951  	-0.0075  	-0.0409  	-0.0229  	0.01289  	-0.0423  	-0.0618  	0.00979  	0.00633  	-0.0307  	0.01890  	0.00252  	-0.0207  	0.07313  	-0.0118  	0.14880  	-0.0095  	0.03107  	0.00427  	-0.0398  	0.10221  	
-0.4302  	-0.0113  	-0.2882  	-1.6757  	-0.8803  	-1.3638  	0.26045  	0.25458  	0.11428  	0.36252  	0.44014  	-0.0758  	0.25978  	-0.0807  	-0.2495  	0.57247  	-0.1190  	-0.1062  	0.17377  	0.03796  	0.16792  	0.29407  	-0.3185  	0.45242  	0.69808  	-0.4007  	0.32682  	-0.7843  	-0.1501  	0.36554  	0.23175  	0.13352  	-0.1786  	-0.0057  	0.39214  	-0.0262  	0.47967  	0.18264  	-0.6832  	0.30502  	0.31184  	0.02883  	-0.1245  	0.39053  	0.01929  	-0.0629  	0.02726  	-0.0025  	0.02556  	-0.0894  	-0.0146  	-0.0412  	-0.0305  	0.02270  	-0.0429  	-0.0519  	-0.0002  	-9.1015  	-0.0298  	0.01707  	0.00155  	-0.0058  	0.06922  	-0.0231  	0.14880  	-0.0095  	0.03107  	0.00427  	-0.0398  	0.10221  	
-0.1658  	0.09936  	-0.1141  	-1.8798  	-0.9956  	-1.2920  	0.36354  	0.35476  	0.14989  	0.36311  	0.56582  	-0.1211  	0.28202  	0.05715  	-0.3436  	0.61377  	-0.1146  	-0.1246  	0.16755  	-0.0582  	0.26491  	0.32810  	-0.2560  	0.41839  	0.76346  	-0.4335  	0.34707  	-0.8125  	-0.1609  	0.36394  	0.23128  	0.13006  	-0.1680  	-0.0258  	0.38652  	-0.0709  	0.54845  	0.17025  	-0.6251  	0.28583  	0.29193  	0.01448  	-0.0900  	0.41029  	-0.0131  	-0.0684  	0.00348  	0.02054  	0.04761  	-0.0984  	-0.0113  	-0.0447  	-0.0310  	0.01923  	-0.0511  	-0.0355  	-0.0081  	0.00161  	-0.0376  	0.02801  	0.00385  	-0.0057  	0.07717  	-0.0233  	0.14880  	-0.0095  	0.03107  	0.00427  	-0.0398  	0.10221  	
-0.3812  	-0.0029  	-0.2373  	-1.6181  	-0.8679  	-1.3781  	0.37552  	0.27139  	0.13853  	0.45449  	0.55047  	-0.0428  	0.25105  	0.19979  	-0.2568  	0.64745  	-0.1183  	-0.1769  	0.15123  	0.08770  	0.14859  	0.31296  	-0.4205  	0.47074  	0.81672  	-0.4111  	0.40536  	-0.8264  	-0.1173  	0.39439  	0.20695  	0.10615  	-0.1498  	-0.0163  	0.46108  	-0.0108  	0.46748  	0.12606  	-0.6418  	0.32474  	0.27624  	0.04746  	-0.1432  	0.40140  	0.04096  	-0.0700  	0.01698  	0.00680  	0.02556  	-0.0748  	0.00016  	-0.0465  	-0.0266  	0.02454  	-0.0554  	-0.0488  	0.00335  	-0.0055  	-0.0238  	0.02989  	0.00396  	-0.0024  	0.09237  	-0.0119  	0.14880  	-0.0095  	0.03107  	0.00427  	-0.0398  	0.10221  	
-0.9927  	-0.1998  	-0.6249  	-1.7335  	-0.8916  	-1.6710  	0.28999  	0.15698  	0.04130  	0.42723  	0.68736  	-0.0308  	0.17050  	-0.1387  	-0.3670  	0.39037  	-0.1426  	-0.0525  	0.08911  	0.15620  	0.08980  	0.24159  	-0.3754  	0.42642  	0.66688  	-0.3719  	0.19696  	-0.6553  	-0.0645  	0.36181  	0.24498  	0.07203  	-0.1915  	-0.0008  	0.38484  	-0.0053  	0.34365  	0.10679  	-0.6205  	0.29843  	0.26759  	0.04027  	-0.1863  	0.35854  	0.03899  	-0.0683  	0.02310  	-0.0173  	0.00106  	-0.0716  	-0.0108  	-0.0429  	-0.0329  	0.01770  	-0.0546  	-0.0659  	0.01943  	-0.0040  	-0.0311  	0.02461  	0.00345  	-0.0105  	0.06602  	-0.0133  	0.14880  	-0.0095  	0.03107  	0.00427  	-0.0398  	0.10221  	
-1.1515  	-0.1800  	-0.5925  	-2.1153  	-0.9950  	-1.8777  	0.21335  	0.20607  	0.01484  	0.48870  	0.83356  	-0.1329  	0.19318  	-0.3090  	-0.5436  	0.23997  	-0.0690  	-0.2119  	0.20228  	-0.1974  	0.20189  	0.00863  	-0.5516  	0.40109  	0.55247  	-0.2597  	0.20958  	-0.7711  	0.04274  	0.34531  	0.38948  	0.01128  	-0.3021  	-0.1686  	0.26819  	-0.0542  	0.30425  	0.11005  	-0.7406  	0.17711  	0.40673  	0.16862  	-0.2952  	0.45213  	-0.0245  	-0.0466  	-0.0070  	-0.0216  	-0.0097  	-0.0971  	0.00270  	-0.0437  	-0.0357  	0.03235  	-0.0483  	-0.0593  	0.00672  	-0.0090  	-0.0310  	0.02448  	0.00501  	-0.0032  	0.04669  	-0.0184  	0.14880  	-0.0095  	0.03107  	0.00427  	-0.0398  	0.10221  	
-0.8270  	-0.0906  	-0.4181  	-2.1382  	-1.1324  	-1.7269  	0.18878  	0.27266  	-0.0103  	0.38330  	0.70401  	-0.1523  	0.27224  	-0.3170  	-0.4366  	0.23208  	0.10889  	-0.3727  	0.24461  	-0.4480  	0.25039  	-0.1254  	-0.7539  	0.41608  	0.63542  	-0.1937  	0.33261  	-0.9380  	0.03712  	0.32210  	0.50042  	-0.0210  	-0.3801  	-0.3264  	0.18059  	-0.0245  	0.22965  	0.13285  	-0.8313  	0.16314  	0.47426  	0.26951  	-0.3423  	0.51914  	-0.0848  	-0.0314  	-0.0157  	0.01746  	-0.0178  	-0.1049  	0.01604  	-0.0364  	-0.0324  	0.04366  	-0.0346  	-0.0610  	-0.0007  	-0.0214  	-0.0247  	0.04134  	0.00607  	-0.0091  	0.04116  	-0.0152  	0.14880  	-0.0095  	0.03107  	0.00427  	-0.0398  	0.10221  	
-0.5827  	0.01127  	-0.1985  	-1.8217  	-0.9936  	-1.4305  	0.18772  	0.35218  	0.10047  	0.29658  	0.43630  	-0.1433  	0.35668  	-0.2491  	-0.2802  	0.43660  	0.04116  	-0.3951  	0.28959  	-0.4754  	0.20281  	-0.1373  	-0.7716  	0.34984  	0.55290  	-0.1879  	0.17187  	-0.8538  	0.09343  	0.33290  	0.50129  	-0.0333  	-0.3566  	-0.3129  	0.12656  	-0.0905  	0.24724  	0.14403  	-0.8918  	0.14111  	0.54612  	0.27210  	-0.3346  	0.56679  	-0.1167  	-0.0389  	-0.0370  	0.04285  	-0.0035  	-0.1169  	0.00209  	-0.0399  	-0.0286  	0.05840  	-0.0297  	-0.0491  	0.00011  	-0.0194  	-0.0359  	0.03105  	0.01055  	-0.0092  	0.03986  	-0.0079  	0.14880  	-0.0095  	0.03107  	0.00427  	-0.0398  	0.10221  	
-0.2629  	0.10050  	-0.0819  	-1.5557  	-0.8808  	-1.3192  	0.25035  	0.41792  	0.14771  	0.30693  	0.43563  	-0.0520  	0.39208  	-0.0705  	-0.1403  	0.43305  	0.00343  	-0.4371  	0.27987  	-0.4822  	0.33345  	-0.0570  	-0.7639  	0.32542  	0.62739  	-0.2314  	0.25232  	-0.9224  	0.06416  	0.37685  	0.42387  	0.02040  	-0.3501  	-0.3122  	0.22692  	-0.1073  	0.29803  	0.16261  	-0.8278  	0.12164  	0.47128  	0.26729  	-0.2842  	0.53576  	-0.1080  	-0.0293  	-0.0288  	0.06552  	0.00872  	-0.1195  	-0.0025  	-0.0418  	-0.0159  	0.04600  	-0.0291  	-0.0454  	0.00106  	-0.0221  	-0.0368  	0.04328  	0.01427  	-0.0146  	0.04007  	-0.0056  	0.14880  	-0.0095  	0.03107  	0.00427  	-0.0398  	0.10221  	
-0.4360  	0.01747  	-0.2963  	-1.5805  	-0.8120  	-1.4192  	0.30309  	0.28123  	0.05466  	0.34855  	0.36697  	-0.1945  	0.32379  	-0.0121  	-0.0734  	0.31232  	-0.0126  	-0.3439  	0.21498  	-0.3050  	0.23488  	0.11525  	-0.5141  	0.47062  	0.75585  	-0.3199  	0.41055  	-0.9384  	-0.0727  	0.38683  	0.33628  	0.06569  	-0.2970  	-0.1717  	0.36878  	-0.0723  	0.36566  	0.14979  	-0.8143  	0.26146  	0.34126  	0.18680  	-0.2293  	0.47987  	-0.0569  	-0.0511  	-0.0013  	0.02340  	0.01857  	-0.1092  	-0.0061  	-0.0390  	-0.0387  	0.03728  	-0.0389  	-0.0593  	0.01716  	-0.0122  	-0.0368  	0.02707  	0.00949  	-0.0051  	0.05744  	-0.0207  	0.14880  	-0.0095  	0.03107  	0.00427  	-0.0398  	0.10221  	
-0.7506  	-0.1153  	-0.4757  	-1.9688  	-1.0038  	-1.5332  	0.29923  	0.13662  	0.06914  	0.35147  	0.58647  	-0.2643  	0.16262  	-0.3200  	-0.4905  	0.48301  	-0.1116  	-0.0546  	0.12935  	0.03471  	0.09166  	0.23739  	-0.3026  	0.38200  	0.67387  	-0.3633  	0.21060  	-0.6593  	-0.0784  	0.34228  	0.21860  	0.08398  	-0.2101  	-0.0069  	0.33893  	0.02532  	0.40010  	0.12115  	-0.6543  	0.30771  	0.34508  	0.01787  	-0.1134  	0.38920  	0.01313  	-0.0728  	0.02412  	0.00184  	0.01153  	-0.0864  	-0.0103  	-0.0510  	-0.0261  	0.02023  	-0.0422  	-0.0601  	0.01444  	-0.0021  	-0.0336  	0.02284  	0.00325  	-0.0110  	0.06769  	-0.0149  	0.14880  	-0.0095  	0.03107  	0.00427  	-0.0398  	0.10221  	
-0.8634  	-0.1486  	-0.4779  	-2.0979  	-1.1087  	-1.4967  	0.25661  	0.06334  	0.02679  	0.36672  	0.61699  	-0.2221  	0.09505  	-0.3713  	-0.5754  	0.40904  	-0.0832  	-0.0669  	0.15125  	-0.0102  	0.06396  	0.30576  	-0.2583  	0.35917  	0.75987  	-0.3745  	0.27488  	-0.6749  	-0.0324  	0.37818  	0.26011  	0.08759  	-0.2526  	-0.0197  	0.23542  	0.07715  	0.41017  	0.12995  	-0.6384  	0.28564  	0.38425  	0.02341  	-0.1308  	0.39071  	0.02711  	-0.0708  	0.02438  	-0.0291  	0.00552  	-0.0819  	-0.0082  	-0.0435  	-0.0222  	0.02052  	-0.0395  	-0.0588  	0.01505  	0.00390  	-0.0279  	0.02734  	-0.0005  	-0.0084  	0.06624  	-0.0126  	0.14880  	-0.0095  	0.03107  	0.00427  	-0.0398  	0.10221  	
-0.5517  	-0.0585  	-0.3018  	-1.8402  	-0.9841  	-1.4205  	0.21788  	0.19199  	0.09729  	0.35134  	0.52906  	-0.1760  	0.20837  	-0.1475  	-0.3583  	0.51324  	-0.1091  	-0.1116  	0.16113  	-0.0440  	0.15503  	0.27657  	-0.2638  	0.43134  	0.64773  	-0.3798  	0.34161  	-0.8121  	-0.1694  	0.35451  	0.23261  	0.15396  	-0.1668  	-0.0321  	0.40144  	-0.0206  	0.47008  	0.14866  	-0.7034  	0.26042  	0.33743  	0.02399  	-0.1003  	0.38412  	0.02016  	-0.0683  	0.02713  	0.00187  	0.02870  	-0.0837  	-0.0116  	-0.0414  	-0.0227  	0.01814  	-0.0467  	-0.0583  	-0.0082  	-0.0044  	-0.0334  	0.02383  	0.00830  	-0.0098  	0.07559  	-0.0139  	0.14880  	-0.0095  	0.03107  	0.00427  	-0.0398  	0.10221  	
-0.4860  	0.00705  	-0.2835  	-1.8567  	-1.0074  	-1.4368  	0.25310  	0.19438  	0.08005  	0.42676  	0.59746  	-0.0524  	0.18376  	-0.1615  	-0.5253  	0.60374  	-0.1656  	-0.0695  	0.16203  	0.05648  	0.08179  	0.30515  	-0.2985  	0.36024  	0.65894  	-0.3900  	0.20529  	-0.6857  	-0.1110  	0.34302  	0.23850  	0.11523  	-0.1594  	-0.0138  	0.35789  	0.00610  	0.42843  	0.13681  	-0.6425  	0.28263  	0.33346  	0.03161  	-0.0790  	0.39577  	0.01629  	-0.0677  	0.02739  	0.01846  	0.02904  	-0.0928  	0.00224  	-0.0467  	-0.0324  	0.00832  	-0.0406  	-0.0478  	0.01252  	-0.0010  	-0.0432  	0.01277  	0.00498  	-0.0077  	0.06994  	-0.0096  	0.14880  	-0.0095  	0.03107  	0.00427  	-0.0398  	0.10221  	
-0.3468  	0.02625  	-0.2443  	-1.6301  	-0.9221  	-1.2934  	0.31814  	0.35093  	0.11584  	0.34931  	0.49589  	-0.0985  	0.26767  	0.00506  	-0.2657  	0.57623  	-0.1500  	-0.1201  	0.17381  	-0.0319  	0.18661  	0.31685  	-0.3134  	0.40065  	0.79544  	-0.4417  	0.34231  	-0.7999  	-0.1219  	0.40953  	0.22152  	0.14093  	-0.2013  	-0.0307  	0.43647  	-0.0225  	0.46101  	0.16768  	-0.6472  	0.25783  	0.29670  	0.03297  	-0.0953  	0.38549  	0.00114  	-0.0667  	0.00695  	0.01273  	0.04018  	-0.0817  	0.00126  	-0.0467  	-0.0281  	0.02222  	-0.0368  	-0.0493  	0.00498  	0.00188  	-0.0309  	0.01696  	-0.0101  	-0.0032  	0.07782  	-0.0252  	0.14880  	-0.0095  	0.03107  	0.00427  	-0.0398  	0.10221  	
-0.3448  	0.03566  	-0.3728  	-1.3425  	-0.7259  	-1.2942  	0.35806  	0.24690  	0.12358  	0.33832  	0.29847  	-0.0765  	0.35650  	0.14577  	-0.0583  	0.47044  	-0.1443  	-0.1461  	0.10013  	0.02573  	0.08505  	0.37093  	-0.4006  	0.42101  	0.88772  	-0.4315  	0.35992  	-0.6916  	0.00525  	0.47261  	0.16017  	0.08703  	-0.1940  	-0.0099  	0.42608  	-0.0225  	0.36312  	0.11624  	-0.5973  	0.33902  	0.25502  	0.07280  	-0.1302  	0.38955  	0.01280  	-0.0677  	0.00391  	0.01897  	0.04557  	-0.0954  	0.01211  	-0.0511  	-0.0283  	0.01480  	-0.0391  	-0.0410  	0.01686  	-0.0046  	-0.0298  	0.02412  	-0.0004  	-0.0060  	0.06744  	-0.0144  	0.14880  	-0.0095  	0.03107  	0.00427  	-0.0398  	0.10221  	
-0.6329  	-0.1050  	-0.5662  	-1.6088  	-0.7735  	-1.5308  	0.34584  	0.14182  	0.08249  	0.39963  	0.39302  	-0.0618  	0.28612  	-0.0014  	-0.2606  	0.43551  	-0.1662  	-0.0041  	0.10449  	0.07394  	-0.0800  	0.26835  	-0.4841  	0.33339  	0.78332  	-0.3789  	0.16691  	-0.5026  	0.11955  	0.42674  	0.24586  	0.07004  	-0.1869  	-0.0062  	0.35061  	0.04663  	0.26126  	0.06863  	-0.5690  	0.35386  	0.31172  	0.03983  	-0.1237  	0.37501  	0.03029  	-0.0673  	0.01800  	-0.0024  	0.03160  	-0.0714  	0.00827  	-0.0597  	-0.0378  	0.01380  	-0.0379  	-0.0514  	0.02237  	0.00164  	-0.0378  	0.02099  	-0.0084  	-0.0165  	0.07888  	-0.0097  	0.14880  	-0.0095  	0.03107  	0.00427  	-0.0398  	0.10221  	
-0.8144  	-0.1068  	-0.4818  	-2.0120  	-0.9460  	-1.5822  	0.30605  	0.11173  	0.08617  	0.38885  	0.55100  	-0.1760  	0.14824  	-0.2926  	-0.5014  	0.42934  	-0.1338  	-0.0601  	0.13873  	0.01928  	0.02741  	0.23761  	-0.3862  	0.38871  	0.71535  	-0.3695  	0.28971  	-0.6192  	-0.0316  	0.38217  	0.25617  	0.10285  	-0.2214  	0.00094  	0.34882  	0.06793  	0.37686  	0.12514  	-0.6516  	0.30973  	0.29390  	0.03732  	-0.1465  	0.37131  	0.02790  	-0.0752  	0.00510  	-0.0146  	0.01365  	-0.0810  	-0.0104  	-0.0448  	-0.0356  	0.02354  	-0.0398  	-0.0565  	0.01378  	0.00542  	-0.0264  	0.01570  	0.00575  	-0.0131  	0.07727  	-0.0100  	0.14880  	-0.0095  	0.03107  	0.00427  	-0.0398  	0.10221  	
-0.8657  	-0.1320  	-0.5046  	-2.0721  	-1.0560  	-1.5670  	0.29163  	0.06416  	0.06063  	0.39573  	0.59060  	-0.2509  	0.11046  	-0.3865  	-0.5986  	0.43936  	-0.1183  	-0.0220  	0.14796  	0.06341  	0.00930  	0.27545  	-0.2783  	0.33193  	0.73394  	-0.3615  	0.20268  	-0.5746  	0.02349  	0.37138  	0.23937  	0.09954  	-0.2399  	0.00471  	0.19998  	0.08429  	0.32881  	0.12176  	-0.6083  	0.30743  	0.39643  	0.03276  	-0.1341  	0.39094  	0.01685  	-0.0702  	0.02078  	-0.0103  	0.01621  	-0.0942  	-0.0078  	-0.0384  	-0.0283  	0.01790  	-0.0434  	-0.0629  	0.01794  	0.00485  	-0.0274  	0.01859  	0.00479  	-0.0186  	0.07445  	-0.0095  	0.14880  	-0.0095  	0.03107  	0.00427  	-0.0398  	0.10221  	
-0.9811  	-0.1337  	-0.5512  	-2.0792  	-1.0591  	-1.6965  	0.30372  	0.07875  	0.05692  	0.45499  	0.57571  	-0.2070  	0.15226  	-0.3404  	-0.5996  	0.41738  	-0.1295  	-0.0012  	0.12341  	0.07691  	-0.0669  	0.27590  	-0.3013  	0.29285  	0.69106  	-0.3595  	0.16002  	-0.5354  	0.06619  	0.37187  	0.25648  	0.08067  	-0.2253  	0.00672  	0.19285  	0.07245  	0.27827  	0.10559  	-0.5916  	0.29422  	0.39121  	0.04027  	-0.1166  	0.38885  	0.01248  	-0.0712  	0.01987  	0.00068  	0.02815  	-0.0916  	-0.0079  	-0.0438  	-0.0313  	0.01983  	-0.0394  	-0.0652  	0.01220  	0.00338  	-0.0290  	0.01130  	0.00579  	-0.0112  	0.07606  	-0.0118  	0.14880  	-0.0095  	0.03107  	0.00427  	-0.0398  	0.10221  	
-0.8781  	-0.0990  	-0.5544  	-1.8459  	-0.8587  	-1.6306  	0.26945  	0.13591  	0.06361  	0.38689  	0.58825  	-0.0833  	0.15545  	-0.2154  	-0.4477  	0.46148  	-0.1242  	-0.0512  	0.10967  	0.09244  	0.04948  	0.23054  	-0.3687  	0.37332  	0.66585  	-0.3531  	0.21436  	-0.5313  	0.04462  	0.40337  	0.23952  	0.07584  	-0.2079  	0.01052  	0.29210  	0.02816  	0.28578  	0.09461  	-0.6160  	0.30825  	0.30264  	0.04794  	-0.1298  	0.37341  	0.02755  	-0.0766  	0.02704  	-0.0329  	0.02095  	-0.0899  	0.00222  	-0.0482  	-0.0373  	0.02428  	-0.0429  	-0.0655  	0.01722  	0.00276  	-0.0292  	0.02473  	-0.0068  	-0.0060  	0.07874  	-0.0094  	0.14880  	-0.0095  	0.03107  	0.00427  	-0.0398  	0.10221  	
-0.5704  	-0.0400  	-0.4505  	-1.5052  	-0.7481  	-1.4104  	0.28134  	0.23417  	0.10828  	0.30817  	0.35800  	0.05849  	0.26159  	-0.0233  	-0.1498  	0.51813  	-0.1091  	-0.0022  	0.10160  	0.09681  	0.03472  	0.27075  	-0.3945  	0.34468  	0.74085  	-0.3617  	0.18646  	-0.5026  	0.09412  	0.45055  	0.23539  	0.07548  	-0.1830  	0.00631  	0.29860  	-0.0056  	0.27660  	0.09173  	-0.5737  	0.32211  	0.30627  	0.04482  	-0.1276  	0.35867  	0.01485  	-0.0658  	0.02023  	-0.0167  	0.03083  	-0.0922  	0.00816  	-0.0541  	-0.0355  	0.00874  	-0.0456  	-0.0482  	0.02256  	0.00533  	-0.0259  	0.01942  	-0.0081  	-0.0056  	0.07289  	-0.0132  	0.14880  	-0.0095  	0.03107  	0.00427  	-0.0398  	0.10221  	
-0.4885  	-0.0004  	-0.4001  	-1.4943  	-0.7688  	-1.2912  	0.27571  	0.23158  	0.09600  	0.28865  	0.24084  	-0.0481  	0.24013  	-0.0342  	-0.1048  	0.52528  	-0.0937  	-0.0560  	0.14959  	0.02354  	0.02586  	0.33196  	-0.3468  	0.32686  	0.80457  	-0.3881  	0.24946  	-0.5862  	0.07246  	0.45023  	0.20124  	0.08523  	-0.2041  	0.01641  	0.29830  	-0.0269  	0.33290  	0.12047  	-0.5901  	0.31447  	0.31474  	0.02211  	-0.0983  	0.39430  	0.00563  	-0.0701  	0.01840  	0.00782  	0.03203  	-0.0916  	-0.0041  	-0.0480  	-0.0334  	0.01239  	-0.0442  	-0.0509  	0.02792  	0.00595  	-0.0304  	0.01873  	-0.0077  	-0.0144  	0.07014  	-0.0161  	0.14880  	-0.0095  	0.03107  	0.00427  	-0.0398  	0.10221  	
-0.6573  	-0.0737  	-0.5047  	-1.7318  	-0.8322  	-1.4763  	0.27176  	0.13947  	0.07911  	0.38109  	0.44031  	-0.0760  	0.17987  	-0.2398  	-0.3635  	0.49003  	-0.1569  	0.01284  	0.11886  	0.10415  	0.00115  	0.26213  	-0.3934  	0.32687  	0.71951  	-0.3838  	0.16470  	-0.5163  	0.07073  	0.39281  	0.23693  	0.08905  	-0.1896  	0.02013  	0.28271  	0.02473  	0.30544  	0.11116  	-0.6084  	0.33338  	0.36080  	0.01510  	-0.1266  	0.39731  	0.01957  	-0.0708  	0.02550  	-0.0141  	0.02462  	-0.0944  	0.00769  	-0.0448  	-0.0276  	0.01354  	-0.0405  	-0.0588  	0.01752  	0.00758  	-0.0319  	0.02173  	-0.0013  	-0.0171  	0.07602  	-0.0118  	0.14880  	-0.0095  	0.03107  	0.00427  	-0.0398  	0.10221  	
-0.7807  	-0.1349  	-0.5742  	-1.9690  	-0.9657  	-1.5950  	0.29852  	0.10656  	0.05657  	0.40393  	0.57863  	-0.1498  	0.14936  	-0.3243  	-0.5527  	0.43950  	-0.1644  	0.04077  	0.12164  	0.13416  	-0.0365  	0.26359  	-0.3628  	0.34253  	0.70632  	-0.3688  	0.13295  	-0.5012  	0.07431  	0.36026  	0.25313  	0.07618  	-0.2092  	0.01124  	0.23960  	0.06083  	0.25712  	0.10747  	-0.5861  	0.31681  	0.35800  	0.03778  	-0.1150  	0.37649  	0.01435  	-0.0713  	0.01994  	-0.0105  	0.01814  	-0.0921  	-0.0024  	-0.0455  	-0.0285  	0.01293  	-0.0412  	-0.0683  	0.02242  	0.00729  	-0.0264  	0.01717  	-0.0009  	-0.0126  	0.07459  	-0.0063  	0.14880  	-0.0095  	0.03107  	0.00427  	-0.0398  	0.10221  	
-0.9683  	-0.1646  	-0.6327  	-2.0192  	-0.9897  	-1.7283  	0.32040  	0.07799  	0.04355  	0.44134  	0.66428  	-0.1737  	0.12330  	-0.3461  	-0.5879  	0.42693  	-0.1476  	0.00935  	0.10637  	0.09250  	-0.0788  	0.26291  	-0.3557  	0.30688  	0.70111  	-0.3697  	0.14360  	-0.5020  	0.08260  	0.36708  	0.25785  	0.08549  	-0.2224  	0.00326  	0.27243  	0.08829  	0.29902  	0.10519  	-0.6091  	0.29442  	0.38765  	0.03509  	-0.1252  	0.38141  	0.02004  	-0.0747  	0.02178  	-0.0138  	0.02061  	-0.0938  	-0.0062  	-0.0461  	-0.0293  	0.01495  	-0.0396  	-0.0584  	0.01616  	0.00293  	-0.0316  	0.01800  	0.00586  	-0.0045  	0.07584  	-0.0095  	0.14880  	-0.0095  	0.03107  	0.00427  	-0.0398  	0.10221  	
-1.0166  	-0.1637  	-0.6484  	-2.1202  	-1.0640  	-1.8053  	0.29407  	0.08295  	0.04580  	0.47302  	0.70634  	-0.1977  	0.10893  	-0.3970  	-0.6214  	0.42475  	-0.1433  	-0.0096  	0.12407  	0.05253  	-0.0351  	0.29389  	-0.3121  	0.29241  	0.66293  	-0.3553  	0.15337  	-0.5397  	0.07131  	0.35008  	0.27172  	0.08071  	-0.2221  	0.00320  	0.22566  	0.08907  	0.31520  	0.12352  	-0.6146  	0.29498  	0.39337  	0.03126  	-0.1204  	0.37911  	0.01131  	-0.0755  	0.02827  	-0.0169  	0.01864  	-0.0929  	-0.0086  	-0.0454  	-0.0320  	0.01614  	-0.0378  	-0.0632  	0.01444  	0.00601  	-0.0331  	0.01974  	0.00494  	-0.0045  	0.07480  	-0.0066  	0.14880  	-0.0095  	0.03107  	0.00427  	-0.0398  	0.10221  	
-1.0473  	-0.1699  	-0.5858  	-2.1436  	-1.0858  	-1.7877  	0.27409  	0.04675  	0.04578  	0.48539  	0.66875  	-0.1733  	0.10415  	-0.3833  	-0.7003  	0.41938  	-0.1332  	0.00221  	0.10632  	0.07255  	-0.0477  	0.25576  	-0.2861  	0.30988  	0.63007  	-0.3383  	0.11935  	-0.5547  	0.03592  	0.33664  	0.28270  	0.07460  	-0.2206  	0.00363  	0.21456  	0.05420  	0.30004  	0.11293  	-0.6051  	0.27503  	0.40587  	0.02504  	-0.1094  	0.39197  	0.02592  	-0.0759  	0.01886  	-0.0201  	0.01260  	-0.0939  	-0.0155  	-0.0441  	-0.0284  	0.00965  	-0.0448  	-0.0615  	0.01000  	0.00405  	-0.0321  	0.01563  	0.00588  	-0.0063  	0.07767  	-0.0083  	0.14880  	-0.0095  	0.03107  	0.00427  	-0.0398  	0.10221  	
-1.0099  	-0.1558  	-0.5450  	-2.0866  	-1.0635  	-1.7732  	0.23279  	0.11735  	0.03663  	0.41573  	0.65611  	-0.1454  	0.16176  	-0.4456  	-0.5922  	0.38297  	-0.0278  	-0.1714  	0.19344  	-0.1849  	0.02266  	0.01233  	-0.5217  	0.30225  	0.54936  	-0.2315  	0.09839  	-0.6423  	0.12728  	0.32151  	0.40903  	0.02878  	-0.3078  	-0.1571  	0.14960  	0.01791  	0.20904  	0.11608  	-0.7274  	0.19179  	0.49073  	0.15036  	-0.2234  	0.48209  	-0.0365  	-0.0543  	-0.0002  	-0.0048  	0.00305  	-0.1091  	-0.0120  	-0.0395  	-0.0237  	0.02925  	-0.0347  	-0.0651  	0.00661  	-0.0066  	-0.0325  	0.02211  	0.01153  	-0.0081  	0.06232  	-0.0089  	0.14880  	-0.0095  	0.03107  	0.00427  	-0.0398  	0.10221  	
-0.8854  	-0.1133  	-0.4831  	-1.9593  	-1.0422  	-1.6902  	0.19336  	0.17166  	0.01389  	0.37976  	0.61182  	-0.1025  	0.22387  	-0.4380  	-0.4785  	0.32337  	0.06423  	-0.3094  	0.24309  	-0.4144  	0.08734  	-0.1463  	-0.7452  	0.29752  	0.53493  	-0.1653  	0.09464  	-0.6843  	0.21134  	0.32236  	0.47606  	0.00104  	-0.3886  	-0.3002  	0.09060  	-0.0040  	0.13512  	0.11609  	-0.8102  	0.15236  	0.53174  	0.26101  	-0.3207  	0.54040  	-0.0881  	-0.0358  	-0.0156  	0.01546  	-0.0047  	-0.1148  	0.00122  	-0.0369  	-0.0215  	0.04783  	-0.0251  	-0.0679  	0.01394  	-0.0126  	-0.0287  	0.03797  	0.01177  	-0.0105  	0.04556  	-0.0091  	0.14880  	-0.0095  	0.03107  	0.00427  	-0.0398  	0.10221  	
-0.8099  	-0.1158  	-0.4913  	-1.8900  	-0.9901  	-1.6962  	0.21300  	0.15747  	-0.0097  	0.40279  	0.56843  	-0.0851  	0.24900  	-0.4821  	-0.4992  	0.34919  	0.06845  	-0.3241  	0.25181  	-0.4291  	0.02262  	-0.1908  	-0.9022  	0.26340  	0.56463  	-0.1403  	0.09223  	-0.6090  	0.26311  	0.32868  	0.49378  	-0.0108  	-0.4170  	-0.3271  	0.06062  	0.04712  	0.07341  	0.09588  	-0.8084  	0.14926  	0.53668  	0.27132  	-0.3425  	0.56229  	-0.1016  	-0.0339  	-0.0200  	0.02554  	-0.0052  	-0.1105  	0.01233  	-0.0315  	-0.0226  	0.04868  	-0.0208  	-0.0679  	0.01616  	-0.0130  	-0.0274  	0.03804  	0.00747  	-0.0123  	0.04408  	-0.0135  	0.14880  	-0.0095  	0.03107  	0.00427  	-0.0398  	0.10221  	
-0.6272  	-0.1094  	-0.4065  	-1.7118  	-0.9002  	-1.5347  	0.24350  	0.23597  	0.02376  	0.30492  	0.61880  	-0.1018  	0.27170  	-0.3916  	-0.3942  	0.45710  	0.03969  	-0.3492  	0.26531  	-0.3114  	0.07487  	-0.1183  	-0.9323  	0.45095  	0.66447  	-0.1903  	0.19558  	-0.6772  	0.16069  	0.34626  	0.39863  	0.03000  	-0.3984  	-0.3034  	0.23856  	0.04994  	0.17142  	0.11017  	-0.8570  	0.16555  	0.46840  	0.25986  	-0.3498  	0.52867  	-0.0818  	-0.0374  	-0.0228  	0.03740  	0.00885  	-0.1062  	0.02647  	-0.0366  	-0.0232  	0.03988  	-0.0304  	-0.0569  	0.02169  	-0.0135  	-0.0322  	0.03949  	0.00386  	-0.0335  	0.04661  	-0.0098  	0.14880  	-0.0095  	0.03107  	0.00427  	-0.0398  	0.10221  	
-0.2936  	0.03312  	-0.3134  	-1.2828  	-0.6239  	-1.3932  	0.28420  	0.26046  	0.04761  	0.33434  	0.24742  	-0.0107  	0.38159  	0.03999  	0.03745  	0.46004  	-0.0815  	-0.2592  	0.19609  	-0.1728  	0.07846  	0.09991  	-0.7692  	0.47754  	0.65543  	-0.2753  	0.27139  	-0.6650  	0.09428  	0.38463  	0.31418  	0.06346  	-0.2593  	-0.1478  	0.39251  	0.01327  	0.21292  	0.09098  	-0.7229  	0.29600  	0.35978  	0.20317  	-0.2741  	0.49174  	-0.0563  	-0.0364  	-0.0102  	0.03685  	0.01467  	-0.1012  	0.00986  	-0.0431  	-0.0314  	0.02672  	-0.0385  	-0.0579  	0.01743  	-0.0108  	-0.0178  	0.02097  	-0.0007  	-0.0114  	0.03285  	-0.0221  	0.14880  	-0.0095  	0.03107  	0.00427  	-0.0398  	0.10221  	
-0.1606  	0.09156  	-0.2735  	-1.2450  	-0.7015  	-1.2508  	0.34832  	0.27021  	0.11201  	0.34083  	0.13957  	-0.1275  	0.36039  	0.23359  	0.10482  	0.46846  	-0.1329  	-0.1618  	0.08469  	-0.0016  	0.05439  	0.42920  	-0.4432  	0.41167  	0.84496  	-0.4416  	0.38124  	-0.7419  	0.00885  	0.48205  	0.18815  	0.12572  	-0.2015  	0.00873  	0.44237  	-0.0063  	0.34312  	0.09995  	-0.5869  	0.34663  	0.27688  	0.05434  	-0.1371  	0.40079  	0.01763  	-0.0666  	0.00080  	0.03581  	0.05026  	-0.0942  	0.00546  	-0.0465  	-0.0280  	0.01154  	-0.0369  	-0.0368  	0.01208  	-0.0027  	-0.0378  	0.02188  	-0.0024  	-0.0013  	0.06794  	-0.0208  	0.14880  	-0.0095  	0.03107  	0.00427  	-0.0398  	0.10221  	
-0.2485  	0.04955  	-0.4043  	-0.9463  	-0.5102  	-1.2413  	0.34244  	0.28045  	0.13325  	0.27035  	0.12289  	-0.0897  	0.37920  	0.32018  	0.25770  	0.40754  	-0.1489  	-0.2119  	0.07725  	-0.0069  	0.06141  	0.44124  	-0.4374  	0.45741  	0.91921  	-0.4289  	0.42491  	-0.6387  	0.06727  	0.52657  	0.15615  	0.11044  	-0.1887  	0.02807  	0.49292  	-0.0230  	0.30984  	0.07229  	-0.5783  	0.34462  	0.17521  	0.08042  	-0.1564  	0.39360  	0.00828  	-0.0694  	0.01859  	0.01888  	0.04656  	-0.1007  	0.00219  	-0.0462  	-0.0243  	0.01557  	-0.0461  	-0.0374  	0.01547  	0.00067  	-0.0245  	0.02273  	0.00452  	-0.0182  	0.06274  	-0.0280  	0.14880  	-0.0095  	0.03107  	0.00427  	-0.0398  	0.10221  	
-0.4369  	-0.0417  	-0.5117  	-1.1553  	-0.5580  	-1.3280  	0.29750  	0.21077  	0.10210  	0.31618  	0.19821  	0.03372  	0.33332  	0.13025  	0.06997  	0.52173  	-0.1522  	-0.1281  	0.10695  	0.03623  	-0.0070  	0.37751  	-0.4211  	0.39235  	0.78172  	-0.3962  	0.28938  	-0.5684  	0.03529  	0.48183  	0.17247  	0.10950  	-0.1996  	0.00915  	0.41905  	-0.0381  	0.30571  	0.09599  	-0.5869  	0.35435  	0.25011  	0.04749  	-0.1513  	0.39767  	0.02009  	-0.0717  	0.01012  	-0.0030  	0.03138  	-0.0914  	-0.0019  	-0.0513  	-0.0272  	0.00815  	-0.0459  	-0.0420  	0.02593  	0.00439  	-0.0227  	0.02448  	-0.0105  	-0.0034  	0.06556  	-0.0200  	0.14880  	-0.0095  	0.03107  	0.00427  	-0.0398  	0.10221  	
-0.4619  	-0.0395  	-0.4129  	-1.4401  	-0.7565  	-1.3187  	0.32674  	0.20184  	0.05781  	0.29112  	0.30407  	-0.0608  	0.22299  	-0.1268  	-0.2057  	0.60406  	-0.1110  	-0.0719  	0.13200  	0.05671  	0.04102  	0.38746  	-0.4016  	0.42123  	0.76098  	-0.3894  	0.26073  	-0.6189  	0.00626  	0.41676  	0.18636  	0.11707  	-0.2056  	0.00626  	0.34306  	0.03403  	0.36700  	0.12636  	-0.6408  	0.32203  	0.28115  	0.04212  	-0.1163  	0.39389  	0.01608  	-0.0770  	0.02016  	0.01329  	0.03622  	-0.1059  	0.00751  	-0.0478  	-0.0376  	0.01037  	-0.0426  	-0.0477  	0.02458  	0.00495  	-0.0381  	0.01701  	-0.0146  	-0.0079  	0.07347  	-0.0147  	0.14880  	-0.0095  	0.03107  	0.00427  	-0.0398  	0.10221  	
-0.4295  	-0.0776  	-0.3110  	-1.6228  	-0.8244  	-1.3783  	0.26016  	0.11576  	0.07841  	0.36831  	0.52363  	-0.0614  	0.15587  	-0.3015  	-0.4616  	0.67568  	-0.1635  	-0.0913  	0.13734  	0.04830  	0.04531  	0.34208  	-0.3824  	0.47894  	0.78027  	-0.4131  	0.34754  	-0.6930  	-0.0451  	0.40323  	0.19995  	0.13909  	-0.2453  	-0.0159  	0.39218  	0.09773  	0.41044  	0.13813  	-0.6666  	0.31257  	0.29979  	0.05750  	-0.1230  	0.39515  	0.01273  	-0.0777  	0.01725  	0.00389  	0.03806  	-0.0975  	0.01072  	-0.0437  	-0.0228  	0.01592  	-0.0400  	-0.0528  	0.02464  	0.00395  	-0.0245  	0.02225  	-0.0037  	-0.0200  	0.07842  	-0.0183  	0.14880  	-0.0095  	0.03107  	0.00427  	-0.0398  	0.10221  	
-0.5010  	-0.0978  	-0.2572  	-1.7799  	-0.9544  	-1.4167  	0.23759  	0.13602  	0.06018  	0.39012  	0.65790  	-0.1850  	0.08342  	-0.3723  	-0.5959  	0.72994  	-0.1576  	-0.0921  	0.18304  	0.01537  	0.13877  	0.30875  	-0.3473  	0.50413  	0.82473  	-0.4460  	0.39941  	-0.7747  	-0.1177  	0.36812  	0.16193  	0.16790  	-0.2652  	-0.0307  	0.43806  	0.12739  	0.51150  	0.17718  	-0.6983  	0.28027  	0.28578  	0.06592  	-0.1205  	0.39194  	0.01952  	-0.0721  	0.01136  	-0.0082  	0.03245  	-0.1009  	-0.0002  	-0.0461  	-0.0221  	0.02270  	-0.0352  	-0.0552  	0.02436  	0.00437  	-0.0257  	0.01871  	-0.0045  	-0.0226  	0.07163  	-0.0156  	0.14880  	-0.0095  	0.03107  	0.00427  	-0.0398  	0.10221  	
-0.5538  	-0.1130  	-0.3595  	-1.8131  	-0.9445  	-1.4186  	0.28143  	0.10538  	0.04011  	0.45313  	0.66064  	-0.1752  	0.10163  	-0.3569  	-0.6171  	0.69753  	-0.1713  	-0.0636  	0.15136  	0.01360  	0.06257  	0.29033  	-0.3891  	0.40662  	0.80648  	-0.4300  	0.32720  	-0.6533  	-0.0458  	0.39494  	0.18333  	0.16474  	-0.2489  	-0.0167  	0.38171  	0.15118  	0.45709  	0.15373  	-0.6558  	0.30760  	0.31242  	0.05377  	-0.1104  	0.39593  	0.02239  	-0.0727  	0.01180  	-0.0098  	0.03826  	-0.1007  	0.00661  	-0.0477  	-0.0258  	0.02259  	-0.0308  	-0.0540  	0.01814  	0.00323  	-0.0284  	0.02297  	-0.0104  	-0.0143  	0.07208  	-0.0118  	0.14880  	-0.0095  	0.03107  	0.00427  	-0.0398  	0.10221  	
-0.6393  	-0.1314  	-0.3903  	-1.9170  	-0.9997  	-1.4225  	0.27722  	0.09300  	0.05034  	0.42847  	0.63797  	-0.1574  	0.12076  	-0.4106  	-0.6853  	0.67462  	-0.1584  	-0.0453  	0.13402  	0.04530  	-0.0106  	0.26575  	-0.3880  	0.37115  	0.77019  	-0.3962  	0.25938  	-0.5589  	-0.0099  	0.38375  	0.19877  	0.14994  	-0.2392  	-0.0076  	0.33878  	0.14145  	0.38437  	0.13950  	-0.6373  	0.32313  	0.34621  	0.05054  	-0.1102  	0.38570  	0.01328  	-0.0721  	0.02109  	-0.0189  	0.03712  	-0.0935  	0.00969  	-0.0478  	-0.0278  	0.02161  	-0.0321  	-0.0566  	0.01815  	0.00470  	-0.0314  	0.02282  	-0.0072  	-0.0154  	0.07369  	-0.0097  	0.14880  	-0.0095  	0.03107  	0.00427  	-0.0398  	0.10221  	
-0.6995  	-0.1204  	-0.4663  	-1.8678  	-0.9687  	-1.4992  	0.24395  	0.05857  	0.01841  	0.40151  	0.60234  	-0.1572  	0.07988  	-0.4219  	-0.6139  	0.60147  	-0.1095  	-0.0650  	0.13774  	0.07104  	0.01245  	0.24818  	-0.4051  	0.40408  	0.79542  	-0.4008  	0.26776  	-0.5682  	-0.0382  	0.40090  	0.20404  	0.15255  	-0.2606  	-0.0228  	0.33632  	0.13172  	0.39727  	0.11916  	-0.6541  	0.31212  	0.31159  	0.03036  	-0.1294  	0.39028  	0.01596  	-0.0710  	0.01666  	-0.0197  	0.02831  	-0.0846  	0.01072  	-0.0514  	-0.0250  	0.01673  	-0.0368  	-0.0536  	0.02462  	0.00869  	-0.0338  	0.02505  	-0.0062  	-0.0263  	0.08240  	-0.0046  	0.14880  	-0.0095  	0.03107  	0.00427  	-0.0398  	0.10221  	
-0.6466  	-0.1027  	-0.4398  	-1.5674  	-0.8163  	-1.4006  	0.25792  	0.13055  	0.02980  	0.29662  	0.40911  	-0.0766  	0.16636  	-0.1983  	-0.3191  	0.54895  	-0.1349  	-0.1065  	0.14948  	0.08191  	0.02110  	0.28886  	-0.4132  	0.45420  	0.79005  	-0.3823  	0.35437  	-0.5821  	-0.0007  	0.46860  	0.17365  	0.12644  	-0.2360  	0.00570  	0.36101  	0.09477  	0.34640  	0.12309  	-0.6544  	0.29296  	0.25827  	0.05540  	-0.1504  	0.38380  	0.02645  	-0.0770  	0.00924  	-0.0091  	0.03393  	-0.1011  	-0.0011  	-0.0487  	-0.0255  	0.01274  	-0.0507  	-0.0563  	0.02026  	0.00440  	-0.0256  	0.01668  	-0.0041  	-0.0203  	0.07182  	-0.0145  	0.14880  	-0.0095  	0.03107  	0.00427  	-0.0398  	0.10221  	
-0.3868  	-0.0052  	-0.3822  	-1.3801  	-0.6974  	-1.3142  	0.27966  	0.22588  	0.08870  	0.28326  	0.24093  	-0.0097  	0.30353  	0.04783  	-0.0413  	0.52385  	-0.1139  	-0.1047  	0.10846  	0.04009  	0.03143  	0.32631  	-0.4093  	0.34074  	0.82489  	-0.4070  	0.30032  	-0.6062  	0.01744  	0.47113  	0.21129  	0.09661  	-0.2029  	0.01104  	0.38253  	-0.0046  	0.32515  	0.11914  	-0.6088  	0.31680  	0.26633  	0.03199  	-0.1034  	0.39200  	0.02358  	-0.0760  	0.01915  	0.00524  	0.04251  	-0.0992  	0.01333  	-0.0470  	-0.0321  	0.01055  	-0.0469  	-0.0454  	0.02417  	0.00132  	-0.0349  	0.02050  	-0.0094  	-0.0127  	0.07523  	-0.0115  	0.14880  	-0.0095  	0.03107  	0.00427  	-0.0398  	0.10221  	
-0.3356  	0.03799  	-0.3662  	-1.3649  	-0.7581  	-1.2019  	0.28293  	0.28457  	0.13251  	0.26254  	0.27714  	-0.0257  	0.36689  	0.15209  	-0.0260  	0.56926  	-0.1362  	-0.1122  	0.10732  	0.02396  	0.08539  	0.35561  	-0.3755  	0.35819  	0.79753  	-0.4097  	0.28406  	-0.6550  	0.02346  	0.45819  	0.22626  	0.09755  	-0.1748  	0.00098  	0.37582  	-0.0388  	0.32292  	0.12865  	-0.6138  	0.29444  	0.29717  	0.02583  	-0.0926  	0.38375  	0.01413  	-0.0679  	0.01719  	0.01125  	0.02970  	-0.0917  	-0.0020  	-0.0493  	-0.0263  	0.01468  	-0.0450  	-0.0508  	0.00892  	0.00231  	-0.0329  	0.01753  	-0.0061  	-0.0096  	0.06163  	-0.0098  	0.14880  	-0.0095  	0.03107  	0.00427  	-0.0398  	0.10221  	
-0.4194  	0.02039  	-0.3821  	-1.4658  	-0.7618  	-1.3232  	0.29026  	0.25027  	0.11302  	0.29581  	0.35779  	-0.0320  	0.28457  	-0.0035  	-0.1723  	0.52281  	-0.1325  	-0.0799  	0.12202  	0.01321  	0.10757  	0.33201  	-0.3617  	0.37810  	0.75847  	-0.4098  	0.24833  	-0.6366  	-0.0098  	0.40687  	0.20298  	0.08329  	-0.1875  	-0.0018  	0.35696  	-0.0439  	0.36687  	0.11784  	-0.6086  	0.33321  	0.31946  	0.03257  	-0.1035  	0.39280  	0.00744  	-0.0688  	0.01685  	-0.0005  	0.02732  	-0.0963  	-0.0067  	-0.0498  	-0.0324  	0.01642  	-0.0478  	-0.0484  	0.02571  	0.00254  	-0.0306  	0.01934  	0.00213  	-0.0107  	0.06561  	-0.0153  	0.14880  	-0.0095  	0.03107  	0.00427  	-0.0398  	0.10221  	
-0.6649  	-0.0553  	-0.4310  	-1.9198  	-0.9717  	-1.4821  	0.32219  	0.13651  	0.07763  	0.33976  	0.54385  	-0.1618  	0.14096  	-0.2298  	-0.3631  	0.46128  	-0.1081  	-0.0632  	0.12449  	0.02391  	0.12819  	0.31144  	-0.2762  	0.41224  	0.70591  	-0.3755  	0.27581  	-0.6844  	-0.0549  	0.35396  	0.20106  	0.09173  	-0.2174  	-0.0082  	0.34534  	0.01266  	0.42154  	0.14158  	-0.6626  	0.32273  	0.33886  	0.03489  	-0.1307  	0.39258  	0.01498  	-0.0747  	0.02089  	-0.0081  	0.01484  	-0.0859  	-0.0045  	-0.0472  	-0.0256  	0.01894  	-0.0395  	-0.0550  	0.01476  	-0.0013  	-0.0277  	0.01787  	-0.0009  	-0.0087  	0.06782  	-0.0138  	0.14880  	-0.0095  	0.03107  	0.00427  	-0.0398  	0.10221  	
-0.7503  	-0.0909  	-0.4570  	-1.8351  	-1.0260  	-1.4813  	0.26716  	0.11745  	0.05006  	0.32662  	0.49855  	-0.1672  	0.15088  	-0.3182  	-0.4110  	0.45199  	-0.1041  	-0.0834  	0.11503  	0.02305  	0.00679  	0.32717  	-0.2432  	0.33426  	0.68511  	-0.3555  	0.19601  	-0.6694  	0.04486  	0.37309  	0.24880  	0.09606  	-0.2160  	0.00431  	0.25345  	0.03891  	0.36143  	0.14354  	-0.6350  	0.30934  	0.38314  	0.01820  	-0.0963  	0.40684  	0.01663  	-0.0734  	0.01936  	-0.0163  	0.01214  	-0.0862  	-0.0184  	-0.0444  	-0.0284  	0.02020  	-0.0362  	-0.0590  	0.01337  	0.00077  	-0.0292  	0.01740  	0.00441  	-0.0107  	0.06524  	-0.0073  	0.14880  	-0.0095  	0.03107  	0.00427  	-0.0398  	0.10221  	
-0.4410  	-0.0222  	-0.3492  	-1.6490  	-0.9049  	-1.4184  	0.32099  	0.17273  	0.11030  	0.36443  	0.47831  	-0.0968  	0.19962  	-0.1584  	-0.3781  	0.58091  	-0.1446  	-0.0445  	0.12472  	0.06759  	0.05735  	0.30793  	-0.3851  	0.34408  	0.76577  	-0.4099  	0.24064  	-0.6554  	-0.0154  	0.40196  	0.21469  	0.12919  	-0.1937  	-0.0030  	0.35698  	0.04152  	0.40300  	0.14115  	-0.6324  	0.32385  	0.33127  	0.03135  	-0.1217  	0.39609  	0.01826  	-0.0718  	0.01778  	0.00292  	0.03018  	-0.0895  	-0.0026  	-0.0489  	-0.0278  	0.01963  	-0.0391  	-0.0402  	0.01074  	0.00137  	-0.0361  	0.02370  	0.00551  	-0.0117  	0.06774  	-0.0126  	0.14880  	-0.0095  	0.03107  	0.00427  	-0.0398  	0.10221  	
-0.1799  	0.06116  	-0.1672  	-1.6421  	-0.9129  	-1.3035  	0.35995  	0.32683  	0.13390  	0.34166  	0.40852  	-0.2327  	0.26442  	0.10135  	-0.2299  	0.55249  	-0.1661  	-0.1216  	0.09700  	-0.0223  	0.22628  	0.33833  	-0.3382  	0.41917  	0.81319  	-0.4196  	0.39587  	-0.8044  	-0.1126  	0.39071  	0.23494  	0.13387  	-0.1813  	-0.0109  	0.43186  	-0.0237  	0.45455  	0.14565  	-0.6407  	0.30114  	0.29864  	0.04222  	-0.1075  	0.41139  	-0.0005  	-0.0723  	0.01679  	0.02694  	0.04546  	-0.0867  	-0.0005  	-0.0415  	-0.0252  	0.02035  	-0.0441  	-0.0453  	0.00068  	-0.0017  	-0.0289  	0.02307  	0.00498  	-0.0094  	0.08265  	-0.0178  	0.14880  	-0.0095  	0.03107  	0.00427  	-0.0398  	0.10221  	
-0.2282  	0.00671  	-0.2939  	-1.5347  	-0.8489  	-1.4104  	0.35585  	0.22294  	0.11930  	0.40077  	0.34670  	-0.3070  	0.29476  	0.10282  	-0.0482  	0.41076  	-0.1418  	-0.1697  	0.11363  	-0.0434  	0.14363  	0.39850  	-0.3329  	0.48652  	0.92880  	-0.4501  	0.48893  	-0.8379  	-0.0760  	0.48811  	0.19768  	0.15116  	-0.2295  	-0.0150  	0.46630  	-0.0264  	0.44608  	0.11352  	-0.6665  	0.34032  	0.24875  	0.06073  	-0.1326  	0.39175  	0.00337  	-0.0738  	0.00473  	0.02430  	0.04662  	-0.1018  	0.00288  	-0.0391  	-0.0327  	0.01801  	-0.0451  	-0.0434  	0.00638  	-0.0086  	-0.0264  	0.02784  	0.00216  	-0.0164  	0.06231  	-0.0281  	0.14880  	-0.0095  	0.03107  	0.00427  	-0.0398  	0.10221  	
-0.2187  	0.01329  	-0.3832  	-1.3042  	-0.6636  	-1.2722  	0.35998  	0.26195  	0.08550  	0.27157  	0.10167  	-0.2030  	0.38248  	0.22217  	0.20983  	0.33353  	-0.1450  	-0.1959  	0.09361  	-0.1029  	0.02185  	0.43092  	-0.3540  	0.42048  	0.85208  	-0.4145  	0.49725  	-0.7508  	0.04400  	0.48434  	0.17627  	0.10095  	-0.2121  	0.00046  	0.46450  	-0.0148  	0.35150  	0.10072  	-0.6402  	0.34108  	0.19320  	0.08314  	-0.1406  	0.39459  	0.02013  	-0.0763  	0.01227  	0.01664  	0.04986  	-0.0944  	0.00824  	-0.0484  	-0.0347  	0.01517  	-0.0388  	-0.0415  	0.00897  	0.00044  	-0.0243  	0.02159  	3.25583  	-0.0010  	0.06328  	-0.0209  	0.14880  	-0.0095  	0.03107  	0.00427  	-0.0398  	0.10221  	
-0.1567  	0.06679  	-0.3300  	-1.1646  	-0.6334  	-1.1126  	0.36442  	0.32115  	0.13981  	0.26328  	0.02435  	-0.2517  	0.43792  	0.33858  	0.16118  	0.42985  	-0.1355  	-0.1851  	0.08337  	-0.0944  	0.01560  	0.46352  	-0.3823  	0.40602  	0.93252  	-0.4328  	0.41577  	-0.6968  	0.13121  	0.54055  	0.16960  	0.09085  	-0.2123  	0.00493  	0.40649  	-0.0160  	0.30595  	0.07027  	-0.5449  	0.35990  	0.23736  	0.07432  	-0.1335  	0.40440  	0.01339  	-0.0657  	-0.0017  	0.03815  	0.05649  	-0.0932  	0.01712  	-0.0441  	-0.0242  	0.01148  	-0.0382  	-0.0289  	0.00302  	-0.0021  	-0.0312  	0.02424  	-0.0028  	0.00283  	0.06055  	-0.0204  	0.14880  	-0.0095  	0.03107  	0.00427  	-0.0398  	0.10221  	
-0.2528  	0.05410  	-0.3904  	-1.1593  	-0.6134  	-1.2009  	0.37252  	0.30785  	0.14345  	0.32533  	0.08865  	-0.1526  	0.44340  	0.40284  	0.14132  	0.41082  	-0.1383  	-0.1585  	0.07799  	-0.0426  	0.02045  	0.43704  	-0.4445  	0.38997  	0.95954  	-0.4330  	0.41474  	-0.7068  	0.08897  	0.52306  	0.20419  	0.06596  	-0.1916  	0.01698  	0.41842  	0.00514  	0.29412  	0.07195  	-0.5563  	0.35937  	0.19895  	0.07164  	-0.1538  	0.39293  	0.01802  	-0.0688  	0.01452  	0.01931  	0.05017  	-0.0964  	0.00464  	-0.0474  	-0.0268  	0.01228  	-0.0434  	-0.0343  	0.00226  	0.00228  	-0.0271  	0.02625  	0.00085  	-0.0016  	0.06287  	-0.0251  	0.14880  	-0.0095  	0.03107  	0.00427  	-0.0398  	0.10221  	
-0.5040  	-0.0382  	-0.5662  	-1.3493  	-0.6685  	-1.5307  	0.35236  	0.25746  	0.09568  	0.34901  	0.41869  	-0.0450  	0.33971  	0.25861  	-0.0722  	0.43891  	-0.1646  	-0.1077  	0.08938  	0.06289  	0.07123  	0.35152  	-0.5146  	0.44220  	0.85261  	-0.4119  	0.29568  	-0.6334  	0.03161  	0.46087  	0.20966  	0.06966  	-0.1825  	-0.0149  	0.44011  	0.00300  	0.32401  	0.06980  	-0.6121  	0.35594  	0.23855  	0.06227  	-0.1770  	0.37377  	0.01926  	-0.0701  	0.01771  	-0.0065  	0.03199  	-0.0843  	0.00412  	-0.0536  	-0.0391  	0.00962  	-0.0480  	-0.0464  	0.01171  	-0.0046  	-0.0268  	0.02907  	0.00575  	-0.0039  	0.05503  	-0.0143  	0.14880  	-0.0095  	0.03107  	0.00427  	-0.0398  	0.10221  	
-0.8201  	-0.1188  	-0.6516  	-1.6726  	-0.7783  	-1.7236  	0.28529  	0.15522  	0.07070  	0.44693  	0.54212  	-0.0229  	0.22747  	-0.1191  	-0.3256  	0.44999  	-0.1873  	-0.0302  	0.11116  	0.11884  	0.01184  	0.27890  	-0.4240  	0.39068  	0.70567  	-0.3885  	0.18710  	-0.5466  	0.07561  	0.40894  	0.24801  	0.08795  	-0.1783  	0.01316  	0.34992  	0.00482  	0.28388  	0.08266  	-0.6168  	0.34865  	0.28103  	0.04885  	-0.1779  	0.37108  	0.01713  	-0.0672  	0.02332  	-0.0178  	0.01480  	-0.0996  	0.00054  	-0.0487  	-0.0365  	0.01598  	-0.0464  	-0.0560  	0.02106  	0.00082  	-0.0335  	0.03143  	0.00713  	-0.0083  	0.06418  	-0.0153  	0.14880  	-0.0095  	0.03107  	0.00427  	-0.0398  	0.10221  	
-0.8542  	-0.1399  	-0.5532  	-1.9463  	-1.0045  	-1.6115  	0.28425  	0.12634  	0.02963  	0.44412  	0.53279  	-0.1725  	0.19766  	-0.2260  	-0.4304  	0.36684  	-0.1303  	-0.0147  	0.11753  	0.07991  	-0.0719  	0.30823  	-0.3062  	0.32794  	0.76327  	-0.3810  	0.18060  	-0.5688  	0.11803  	0.38276  	0.24488  	0.06398  	-0.2224  	0.00516  	0.24196  	0.06139  	0.29594  	0.10384  	-0.5994  	0.32756  	0.35380  	0.01553  	-0.1250  	0.38444  	0.02079  	-0.0717  	0.01927  	-0.0079  	0.01220  	-0.0907  	-0.0062  	-0.0439  	-0.0363  	0.01450  	-0.0411  	-0.0532  	0.02050  	-0.0032  	-0.0259  	0.02163  	0.00609  	-0.0059  	0.07108  	-0.0097  	0.14880  	-0.0095  	0.03107  	0.00427  	-0.0398  	0.10221  	
-0.7660  	-0.1008  	-0.4846  	-1.8415  	-0.9755  	-1.5294  	0.27490  	0.10083  	0.04456  	0.36890  	0.45617  	-0.1123  	0.17255  	-0.2918  	-0.4542  	0.42551  	-0.0948  	-0.0313  	0.10879  	0.06795  	-0.1033  	0.31126  	-0.2741  	0.32147  	0.70697  	-0.3584  	0.13368  	-0.4936  	0.12044  	0.39415  	0.24781  	0.07294  	-0.2144  	0.01596  	0.17096  	0.06050  	0.24684  	0.10634  	-0.5837  	0.32848  	0.40159  	0.01908  	-0.1001  	0.40771  	0.01025  	-0.0769  	0.02048  	0.00298  	0.02233  	-0.0920  	-0.0157  	-0.0428  	-0.0305  	0.01942  	-0.0416  	-0.0683  	0.01833  	0.00097  	-0.0301  	0.01441  	0.00023  	-0.0125  	0.06618  	-0.0100  	0.14880  	-0.0095  	0.03107  	0.00427  	-0.0398  	0.10221  	
-0.7333  	-0.1107  	-0.4864  	-1.7798  	-0.9101  	-1.4762  	0.28903  	0.13287  	0.07747  	0.36466  	0.41903  	-0.0908  	0.20060  	-0.2684  	-0.4198  	0.45368  	-0.1247  	0.01451  	0.11094  	0.11885  	-0.1620  	0.30874  	-0.3557  	0.29676  	0.69765  	-0.3490  	0.09162  	-0.4072  	0.15756  	0.38009  	0.26675  	0.07429  	-0.1989  	0.01156  	0.15393  	0.05452  	0.19469  	0.08908  	-0.5518  	0.35923  	0.38448  	0.02373  	-0.1080  	0.39579  	0.00809  	-0.0778  	0.01896  	0.00171  	0.02310  	-0.0832  	-0.0015  	-0.0451  	-0.0352  	0.01396  	-0.0414  	-0.0627  	0.02126  	0.00220  	-0.0281  	0.01698  	0.00095  	-0.0073  	0.07081  	-0.0111  	0.14880  	-0.0095  	0.03107  	0.00427  	-0.0398  	0.10221  	
-0.5186  	-0.0196  	-0.4721  	-1.3368  	-0.6689  	-1.2905  	0.25990  	0.21009  	0.09475  	0.27484  	0.24585  	0.01286  	0.28035  	-0.0514  	-0.1200  	0.53937  	-0.1367  	-0.0327  	0.12103  	0.12847  	-0.0694  	0.29894  	-0.4411  	0.35772  	0.75861  	-0.3933  	0.17436  	-0.4407  	0.11357  	0.47261  	0.20446  	0.09765  	-0.1858  	0.02118  	0.31786  	0.01312  	0.22081  	0.08806  	-0.5621  	0.36757  	0.30811  	0.03012  	-0.1292  	0.37423  	0.00712  	-0.0632  	0.01049  	-0.0040  	0.03504  	-0.0952  	0.01363  	-0.0523  	-0.0358  	0.00928  	-0.0396  	-0.0509  	0.02056  	0.00301  	-0.0210  	0.02186  	-0.0019  	-0.0129  	0.06833  	-0.0168  	0.14880  	-0.0095  	0.03107  	0.00427  	-0.0398  	0.10221  	
-0.3664  	0.01771  	-0.4987  	-1.0658  	-0.5377  	-1.2325  	0.32833  	0.25218  	0.11199  	0.33512  	0.12888  	0.00914  	0.40972  	0.20875  	0.11177  	0.41797  	-0.1707  	-0.1303  	0.11279  	0.10048  	-0.1241  	0.38596  	-0.4830  	0.31766  	0.85068  	-0.4074  	0.25339  	-0.4985  	0.19274  	0.54096  	0.18562  	0.07970  	-0.1899  	0.01687  	0.35390  	0.00685  	0.19002  	0.05395  	-0.5347  	0.34979  	0.26118  	0.03992  	-0.1235  	0.37502  	0.02974  	-0.0663  	0.01546  	-0.0001  	0.05019  	-0.1065  	0.00087  	-0.0435  	-0.0273  	0.00403  	-0.0433  	-0.0554  	0.00301  	-0.0017  	-0.0242  	0.02141  	6.02893  	-0.0220  	0.06302  	-0.0179  	0.14880  	-0.0095  	0.03107  	0.00427  	-0.0398  	0.10221  	
-0.3856  	0.00222  	-0.4304  	-1.2283  	-0.6105  	-1.3037  	0.29928  	0.20470  	0.10921  	0.26834  	0.12839  	-0.0019  	0.36330  	0.13281  	-0.0391  	0.49196  	-0.1308  	-0.0845  	0.12003  	0.01085  	-0.0416  	0.36283  	-0.4290  	0.36337  	0.82764  	-0.4159  	0.29071  	-0.5425  	0.09649  	0.49423  	0.19943  	0.09501  	-0.1896  	0.01669  	0.37258  	-0.0285  	0.29108  	0.10302  	-0.5797  	0.36335  	0.27725  	0.04183  	-0.1084  	0.39060  	0.01170  	-0.0726  	0.00975  	0.01934  	0.03830  	-0.0891  	0.00682  	-0.0535  	-0.0348  	0.01303  	-0.0374  	-0.0455  	0.01959  	0.00022  	-0.0236  	0.02570  	-0.0095  	-0.0028  	0.06190  	-0.0146  	0.14880  	-0.0095  	0.03107  	0.00427  	-0.0398  	0.10221  	
-0.7223  	-0.1006  	-0.4704  	-1.9555  	-0.9674  	-1.5205  	0.33013  	0.10590  	0.09898  	0.39717  	0.56406  	-0.2014  	0.17904  	-0.2925  	-0.5489  	0.49005  	-0.1396  	-0.0467  	0.11701  	0.09079  	0.03956  	0.26399  	-0.3683  	0.42387  	0.74666  	-0.3790  	0.21134  	-0.6310  	0.00252  	0.36383  	0.21498  	0.09603  	-0.2151  	-0.0003  	0.29841  	0.05654  	0.33435  	0.12643  	-0.6364  	0.35177  	0.32896  	0.03412  	-0.1414  	0.37948  	0.01418  	-0.0794  	0.01693  	0.00343  	0.02561  	-0.0844  	-0.0014  	-0.0476  	-0.0315  	0.02067  	-0.0433  	-0.0629  	0.01628  	0.00432  	-0.0260  	0.01680  	-0.0008  	-0.0183  	0.07703  	-0.0125  	0.14880  	-0.0095  	0.03107  	0.00427  	-0.0398  	0.10221  	
-1.1036  	-0.1598  	-0.6299  	-2.2991  	-1.1352  	-1.7903  	0.33742  	-0.0289  	-0.0216  	0.51880  	0.72845  	-0.2697  	0.14384  	-0.3274  	-0.7271  	0.36922  	-0.1484  	-0.0196  	0.12145  	0.03838  	-0.0435  	0.29962  	-0.3410  	0.34143  	0.76440  	-0.3658  	0.17749  	-0.6410  	0.02371  	0.36414  	0.29194  	0.05473  	-0.1896  	0.00796  	0.22615  	0.11190  	0.29903  	0.10922  	-0.5976  	0.29560  	0.38446  	0.05968  	-0.1289  	0.37941  	0.02254  	-0.0709  	0.01752  	-0.0092  	0.01775  	-0.0916  	-0.0098  	-0.0412  	-0.0320  	0.01360  	-0.0492  	-0.0604  	0.01572  	0.00905  	-0.0281  	0.01806  	0.00652  	-0.0066  	0.07592  	-0.0154  	0.14880  	-0.0095  	0.03107  	0.00427  	-0.0398  	0.10221  	
-1.2138  	-0.2176  	-0.6922  	-2.2535  	-1.1002  	-1.8775  	0.27407  	0.03343  	-0.0045  	0.47246  	0.83272  	-0.2313  	0.12943  	-0.3031  	-0.6258  	0.31986  	-0.0968  	-0.0754  	0.10605  	0.04455  	0.01028  	0.29258  	-0.2995  	0.44390  	0.68512  	-0.3547  	0.19612  	-0.6565  	-0.0461  	0.35038  	0.24939  	0.07416  	-0.2052  	-0.0009  	0.26734  	0.05046  	0.32419  	0.10127  	-0.6175  	0.28889  	0.33967  	0.05770  	-0.1786  	0.34854  	0.02680  	-0.0679  	0.02250  	-0.0338  	0.02552  	-0.0775  	-0.0098  	-0.0472  	-0.0289  	0.01006  	-0.0446  	-0.0691  	-0.0003  	0.00431  	-0.0230  	0.01927  	0.01087  	0.00497  	0.06865  	-0.0141  	0.14880  	-0.0095  	0.03107  	0.00427  	-0.0398  	0.10221  	
-0.9966  	-0.1252  	-0.5902  	-2.1224  	-1.0630  	-1.7792  	0.28454  	0.16189  	0.05038  	0.46304  	0.75843  	-0.1892  	0.20929  	-0.1756  	-0.4814  	0.33831  	-0.1111  	-0.1117  	0.09334  	0.03660  	0.07989  	0.27587  	-0.2902  	0.44028  	0.64682  	-0.3365  	0.21726  	-0.6903  	-0.0740  	0.36133  	0.27768  	0.05743  	-0.1890  	0.00310  	0.27814  	0.00684  	0.36088  	0.10444  	-0.6014  	0.28039  	0.35417  	0.05214  	-0.1637  	0.35112  	0.01383  	-0.0784  	0.01964  	-0.0114  	0.02257  	-0.0836  	-0.0082  	-0.0420  	-0.0296  	0.02248  	-0.0457  	-0.0655  	0.00402  	-0.0045  	-0.0332  	0.01746  	0.00644  	0.01420  	0.06739  	-0.0056  	0.14880  	-0.0095  	0.03107  	0.00427  	-0.0398  	0.10221  	
-0.7643  	-0.0707  	-0.4137  	-2.0188  	-1.0508  	-1.5484  	0.23964  	0.16672  	0.07852  	0.39190  	0.58980  	-0.1974  	0.13745  	-0.2687  	-0.5746  	0.47944  	-0.0975  	-0.0498  	0.15068  	0.04723  	0.08384  	0.26758  	-0.2553  	0.37509  	0.67748  	-0.3483  	0.21804  	-0.6360  	-0.0482  	0.37175  	0.25359  	0.10504  	-0.1912  	-0.0179  	0.24671  	0.02305  	0.38279  	0.11892  	-0.6311  	0.27137  	0.37118  	0.02786  	-0.1080  	0.38512  	0.01112  	-0.0775  	0.02874  	-0.0026  	0.02306  	-0.0846  	-0.0031  	-0.0489  	-0.0348  	0.02386  	-0.0417  	-0.0535  	0.02086  	0.00167  	-0.0251  	0.01491  	-0.0031  	-0.0036  	0.06893  	-0.0084  	0.14880  	-0.0095  	0.03107  	0.00427  	-0.0398  	0.10221  	
-0.6878  	-0.0829  	-0.4239  	-1.8915  	-0.9824  	-1.4764  	0.25863  	0.14218  	0.07033  	0.39104  	0.54853  	-0.1283  	0.13065  	-0.3415  	-0.5256  	0.52089  	-0.1215  	-0.0586  	0.12195  	0.07532  	0.00307  	0.25268  	-0.3186  	0.35487  	0.68035  	-0.3664  	0.20028  	-0.5680  	0.04850  	0.36290  	0.24706  	0.10524  	-0.2069  	-0.0120  	0.26882  	0.08184  	0.32656  	0.11401  	-0.6090  	0.32775  	0.38847  	0.01140  	-0.1098  	0.40821  	0.01809  	-0.0764  	0.02298  	-0.0017  	0.02856  	-0.0971  	-0.0026  	-0.0441  	-0.0278  	0.01699  	-0.0363  	-0.0603  	0.02020  	0.00483  	-0.0358  	0.01388  	0.00112  	-0.0129  	0.08118  	-0.0074  	0.14880  	-0.0095  	0.03107  	0.00427  	-0.0398  	0.10221  	
-0.5428  	-0.0719  	-0.3648  	-1.7559  	-0.8621  	-1.4507  	0.31797  	0.09853  	0.05559  	0.47254  	0.54252  	-0.1224  	0.14457  	-0.3360  	-0.5280  	0.64614  	-0.1745  	-0.0196  	0.11198  	0.13193  	-0.0724  	0.26143  	-0.4490  	0.33227  	0.76721  	-0.3903  	0.20901  	-0.4836  	0.05184  	0.38978  	0.20216  	0.11335  	-0.2295  	-0.0012  	0.31629  	0.14078  	0.31715  	0.11185  	-0.6101  	0.33285  	0.35053  	0.03776  	-0.1142  	0.39758  	0.01711  	-0.0734  	0.02069  	0.00323  	0.02863  	-0.0867  	0.01044  	-0.0435  	-0.0237  	0.01369  	-0.0325  	-0.0570  	0.02387  	0.00247  	-0.0366  	0.01988  	-0.0035  	-0.0225  	0.07630  	-0.0099  	0.14880  	-0.0095  	0.03107  	0.00427  	-0.0398  	0.10221  	
-0.4841  	-0.0764  	-0.3538  	-1.7204  	-0.8536  	-1.4058  	0.30974  	0.08981  	0.03911  	0.45285  	0.53695  	-0.1123  	0.15082  	-0.3302  	-0.5492  	0.69170  	-0.1912  	-0.0180  	0.10247  	0.12789  	-0.0470  	0.25174  	-0.4958  	0.38308  	0.75920  	-0.3978  	0.26014  	-0.5465  	-0.0150  	0.37987  	0.19446  	0.13297  	-0.2207  	0.00592  	0.37697  	0.16081  	0.33530  	0.12632  	-0.6337  	0.34194  	0.31598  	0.05304  	-0.1213  	0.38631  	0.01982  	-0.0729  	0.01973  	0.00194  	0.03438  	-0.0900  	0.00962  	-0.0477  	-0.0244  	0.01556  	-0.0341  	-0.0594  	0.02585  	0.00552  	-0.0349  	0.02068  	-0.0109  	-0.0235  	0.07937  	-0.0135  	0.14880  	-0.0095  	0.03107  	0.00427  	-0.0398  	0.10221  	
-0.4118  	-0.1012  	-0.3498  	-1.5858  	-0.7890  	-1.3334  	0.31200  	0.07756  	0.04958  	0.37063  	0.43925  	-0.0851  	0.16015  	-0.2400  	-0.4907  	0.66748  	-0.1430  	-0.0448  	0.10740  	0.08502  	-0.0329  	0.29879  	-0.5563  	0.42983  	0.83495  	-0.4108  	0.34776  	-0.5941  	-0.0150  	0.42019  	0.17650  	0.15481  	-0.2241  	-0.0281  	0.39596  	0.13765  	0.34193  	0.11577  	-0.6148  	0.32794  	0.29398  	0.07236  	-0.1081  	0.37317  	0.01998  	-0.0747  	0.00778  	0.00608  	0.04343  	-0.1017  	0.01591  	-0.0485  	-0.0300  	0.00935  	-0.0348  	-0.0542  	0.02973  	0.00508  	-0.0286  	0.01893  	-0.0110  	-0.0215  	0.07272  	-0.0170  	0.14880  	-0.0095  	0.03107  	0.00427  	-0.0398  	0.10221  	
-0.2651  	-0.0267  	-0.3343  	-1.3253  	-0.6944  	-1.3180  	0.31664  	0.18750  	0.07952  	0.34809  	0.21776  	-0.1028  	0.26120  	-0.0641  	-0.2045  	0.60878  	-0.1519  	-0.0882  	0.14574  	0.04802  	-0.0607  	0.30635  	-0.5359  	0.44108  	0.89600  	-0.4297  	0.30748  	-0.5860  	0.06347  	0.46716  	0.16799  	0.15283  	-0.2328  	-0.0062  	0.40684  	0.06550  	0.30630  	0.09567  	-0.5454  	0.36180  	0.29704  	0.06482  	-0.0846  	0.38049  	0.00804  	-0.0693  	0.00715  	0.02339  	0.03926  	-0.1045  	0.01899  	-0.0431  	-0.0309  	0.00435  	-0.0404  	-0.0502  	0.02150  	0.00363  	-0.0251  	0.01937  	-0.0076  	-0.0227  	0.08028  	-0.0190  	0.14880  	-0.0095  	0.03107  	0.00427  	-0.0398  	0.10221  	
-0.3078  	0.05814  	-0.4368  	-1.0240  	-0.5509  	-1.2217  	0.32642  	0.30693  	0.13228  	0.29568  	0.21709  	0.00081  	0.36028  	0.18641  	0.08045  	0.51100  	-0.1383  	-0.1510  	0.13506  	0.03744  	-0.0129  	0.40239  	-0.4658  	0.39287  	0.88997  	-0.4234  	0.33846  	-0.5524  	0.12336  	0.51222  	0.14150  	0.09506  	-0.1940  	0.01861  	0.44271  	0.02148  	0.25445  	0.06243  	-0.5543  	0.32729  	0.22564  	0.05145  	-0.1339  	0.36834  	0.02565  	-0.0671  	0.00921  	0.00740  	0.05618  	-0.1127  	-0.0061  	-0.0508  	-0.0226  	0.00503  	-0.0392  	-0.0472  	0.01725  	-0.0011  	-0.0223  	0.02267  	0.00387  	-0.0211  	0.07011  	-0.0182  	0.14880  	-0.0095  	0.03107  	0.00427  	-0.0398  	0.10221  	
-0.3889  	-0.0192  	-0.4262  	-1.1800  	-0.5584  	-1.3082  	0.31938  	0.22494  	0.11561  	0.28675  	0.13617  	0.03004  	0.35566  	0.14892  	0.03303  	0.51028  	-0.1406  	-0.1115  	0.12153  	0.03541  	0.00881  	0.38929  	-0.4223  	0.38992  	0.81884  	-0.4053  	0.31598  	-0.5579  	0.05625  	0.47622  	0.19030  	0.08874  	-0.1779  	0.02627  	0.40236  	-0.0280  	0.31822  	0.09640  	-0.5856  	0.34971  	0.24960  	0.05909  	-0.1430  	0.40098  	0.00913  	-0.0695  	0.00604  	0.01863  	0.03028  	-0.0922  	0.00110  	-0.0586  	-0.0323  	0.01100  	-0.0436  	-0.0433  	0.02956  	0.00420  	-0.0279  	0.01918  	-0.0034  	-0.0041  	0.06442  	-0.0120  	0.14880  	-0.0095  	0.03107  	0.00427  	-0.0398  	0.10221  	
-0.6180  	-0.0654  	-0.5111  	-1.7322  	-0.8426  	-1.5583  	0.34635  	0.13996  	0.09666  	0.35130  	0.39114  	-0.1004  	0.20085  	-0.1630  	-0.2596  	0.48640  	-0.1392  	0.00054  	0.11774  	0.10684  	0.06185  	0.30466  	-0.3926  	0.41737  	0.74755  	-0.3746  	0.22487  	-0.5608  	0.00172  	0.37712  	0.22560  	0.09569  	-0.2024  	0.00502  	0.34366  	0.03341  	0.35696  	0.10557  	-0.6176  	0.35516  	0.30749  	0.04240  	-0.1450  	0.38373  	0.00963  	-0.0668  	0.02040  	-0.0102  	0.03082  	-0.0903  	-0.0027  	-0.0488  	-0.0345  	0.01854  	-0.0442  	-0.0530  	0.02385  	0.00440  	-0.0221  	0.02576  	1.47772  	-0.0064  	0.06433  	-0.0167  	0.14880  	-0.0095  	0.03107  	0.00427  	-0.0398  	0.10221  	
-0.7642  	-0.1129  	-0.4615  	-1.9479  	-0.9754  	-1.5387  	0.30250  	0.09291  	0.06153  	0.36051  	0.54555  	-0.1882  	0.12856  	-0.3732  	-0.4804  	0.47453  	-0.1326  	-0.0068  	0.12715  	0.09332  	0.05533  	0.27381  	-0.3125  	0.39211  	0.72764  	-0.3698  	0.24258  	-0.6076  	0.00845  	0.36365  	0.21286  	0.09181  	-0.2414  	0.00191  	0.28990  	0.07827  	0.35884  	0.13242  	-0.6399  	0.33312  	0.34383  	0.04038  	-0.1321  	0.38759  	0.01486  	-0.0717  	0.01545  	-0.0192  	0.02208  	-0.0967  	-0.0032  	-0.0480  	-0.0278  	0.01652  	-0.0398  	-0.0638  	0.01910  	0.00718  	-0.0190  	0.01939  	-0.0030  	-0.0158  	0.06996  	-0.0088  	0.14880  	-0.0095  	0.03107  	0.00427  	-0.0398  	0.10221  	
-0.7991  	-0.1202  	-0.5000  	-1.9335  	-1.0466  	-1.5085  	0.25522  	0.06626  	0.04277  	0.33734  	0.48345  	-0.2154  	0.14172  	-0.3998  	-0.4837  	0.44121  	-0.0931  	-0.0537  	0.11526  	0.01864  	-0.0273  	0.31614  	-0.2549  	0.32095  	0.72585  	-0.3586  	0.22010  	-0.6020  	0.04046  	0.39744  	0.24167  	0.09736  	-0.2490  	0.00106  	0.21531  	0.07943  	0.34040  	0.12787  	-0.6249  	0.31531  	0.39932  	0.02565  	-0.1085  	0.40278  	0.01459  	-0.0719  	0.02318  	-0.0160  	0.01471  	-0.0883  	-0.0066  	-0.0431  	-0.0273  	0.01952  	-0.0369  	-0.0639  	0.01788  	0.00039  	-0.0280  	0.01710  	-0.0041  	-0.0089  	0.06596  	-0.0060  	0.14880  	-0.0095  	0.03107  	0.00427  	-0.0398  	0.10221  	
-0.5558  	-0.0153  	-0.3826  	-1.6999  	-0.9624  	-1.3728  	0.29406  	0.26782  	0.13571  	0.36582  	0.36712  	-0.0642  	0.28974  	-0.0804  	-0.2990  	0.49781  	-0.1037  	-0.0870  	0.10945  	0.05311  	-0.0074  	0.34323  	-0.2801  	0.34828  	0.64410  	-0.3600  	0.17366  	-0.5846  	0.01768  	0.36343  	0.27723  	0.09052  	-0.1482  	0.00303  	0.25828  	-0.0135  	0.32041  	0.13706  	-0.6182  	0.29987  	0.38053  	-0.0025  	-0.0833  	0.40127  	0.01016  	-0.0769  	0.01911  	0.00714  	0.02683  	-0.0874  	-0.0110  	-0.0479  	-0.0299  	0.01012  	-0.0414  	-0.0497  	0.00749  	-0.0026  	-0.0285  	0.02116  	0.01251  	-0.0004  	0.06972  	-0.0101  	0.14880  	-0.0095  	0.03107  	0.00427  	-0.0398  	0.10221  	
-0.4023  	0.01787  	-0.3680  	-1.8136  	-0.9099  	-1.4393  	0.31451  	0.22060  	0.11158  	0.38587  	0.43123  	-0.1854  	0.30812  	0.06460  	-0.2771  	0.38180  	-0.1194  	-0.1061  	0.11146  	-0.0059  	0.11569  	0.33490  	-0.3464  	0.43417  	0.74359  	-0.4031  	0.31522  	-0.7375  	-0.1038  	0.39623  	0.26025  	0.07828  	-0.1889  	0.00678  	0.40541  	-0.0192  	0.43226  	0.13282  	-0.6505  	0.30314  	0.35662  	0.02274  	-0.1092  	0.38092  	0.00585  	-0.0790  	0.01009  	0.01068  	0.03789  	-0.0721  	-0.0055  	-0.0514  	-0.0351  	0.02159  	-0.0400  	-0.0483  	0.00914  	-0.0015  	-0.0325  	0.01726  	-0.0020  	0.00126  	0.06790  	-0.0166  	0.14880  	-0.0095  	0.03107  	0.00427  	-0.0398  	0.10221  	
-0.8210  	-0.1076  	-0.6298  	-2.0368  	-0.9939  	-1.6261  	0.27667  	0.14550  	0.07243  	0.40401  	0.70837  	-0.1219  	0.15103  	-0.2431  	-0.5665  	0.43121  	-0.1474  	-0.0209  	0.12321  	0.07968  	0.09524  	0.21107  	-0.3520  	0.39291  	0.61868  	-0.3660  	0.16605  	-0.6541  	-0.0373  	0.33100  	0.25333  	0.08368  	-0.1788  	0.00070  	0.32591  	-0.0134  	0.34032  	0.11327  	-0.6321  	0.29748  	0.33005  	0.04349  	-0.1301  	0.38249  	0.02602  	-0.0729  	0.01674  	-0.0035  	0.02354  	-0.0874  	0.00658  	-0.0528  	-0.0354  	0.00586  	-0.0404  	-0.0547  	0.01073  	0.00585  	-0.0328  	0.01453  	0.00274  	-0.0052  	0.07699  	-0.0071  	0.14880  	-0.0095  	0.03107  	0.00427  	-0.0398  	0.10221  	
-0.9528  	-0.1665  	-0.6220  	-2.1055  	-1.0267  	-1.7131  	0.30609  	0.06363  	0.04658  	0.44903  	0.66721  	-0.1822  	0.14152  	-0.2926  	-0.6129  	0.36690  	-0.1346  	-0.0059  	0.11292  	0.06762  	-0.0402  	0.24135  	-0.3420  	0.33729  	0.71331  	-0.3643  	0.17323  	-0.5659  	0.02981  	0.36000  	0.26281  	0.06526  	-0.2101  	0.00247  	0.28627  	0.06792  	0.31103  	0.10020  	-0.6208  	0.27599  	0.36499  	0.04867  	-0.1166  	0.37270  	0.02362  	-0.0726  	0.01600  	-0.0085  	0.02298  	-0.0970  	-0.0067  	-0.0448  	-0.0338  	0.01447  	-0.0445  	-0.0617  	0.01400  	0.00399  	-0.0286  	0.01729  	0.00514  	-0.0041  	0.07654  	-0.0122  	0.14880  	-0.0095  	0.03107  	0.00427  	-0.0398  	0.10221  	
-1.0274  	-0.1702  	-0.6293  	-2.0842  	-1.0355  	-1.7940  	0.29482  	0.05728  	0.03920  	0.45316  	0.67855  	-0.1668  	0.12348  	-0.3599  	-0.6064  	0.41871  	-0.1589  	0.00463  	0.11303  	0.08077  	-0.0966  	0.26978  	-0.2969  	0.29078  	0.65678  	-0.3529  	0.09730  	-0.5137  	0.10992  	0.34919  	0.27585  	0.06981  	-0.2144  	0.00330  	0.23897  	0.08650  	0.29211  	0.10413  	-0.6129  	0.29952  	0.39767  	0.03347  	-0.1113  	0.39257  	0.01925  	-0.0776  	0.02187  	-0.0100  	0.02161  	-0.0956  	-0.0127  	-0.0449  	-0.0324  	0.01498  	-0.0402  	-0.0566  	0.01273  	0.00226  	-0.0297  	0.01917  	0.01002  	-5.6897  	0.07758  	-0.0124  	0.14880  	-0.0095  	0.03107  	0.00427  	-0.0398  	0.10221  	
-1.0485  	-0.1699  	-0.6398  	-2.1228  	-1.0746  	-1.7974  	0.28242  	0.04566  	0.03932  	0.45851  	0.68501  	-0.1819  	0.11200  	-0.4263  	-0.6507  	0.44106  	-0.1362  	-0.0045  	0.11986  	0.06791  	-0.0597  	0.27349  	-0.2884  	0.28213  	0.63548  	-0.3335  	0.10560  	-0.5155  	0.05309  	0.33802  	0.28392  	0.07493  	-0.2252  	0.00573  	0.20240  	0.07980  	0.30589  	0.11333  	-0.6053  	0.28144  	0.40838  	0.02860  	-0.1108  	0.38040  	0.01482  	-0.0761  	0.02521  	-0.0131  	0.01295  	-0.0923  	-0.0141  	-0.0430  	-0.0278  	0.01252  	-0.0426  	-0.0584  	0.00763  	0.00123  	-0.0314  	0.01697  	0.00797  	-0.0022  	0.07569  	-0.0089  	0.14880  	-0.0095  	0.03107  	0.00427  	-0.0398  	0.10221  	
-1.0665  	-0.1793  	-0.6090  	-2.1700  	-1.1023  	-1.8014  	0.26473  	0.03289  	0.03926  	0.47926  	0.69323  	-0.1857  	0.10347  	-0.4054  	-0.6921  	0.42589  	-0.1243  	-0.0061  	0.11463  	0.07255  	-0.0415  	0.25382  	-0.2880  	0.29796  	0.63259  	-0.3286  	0.11228  	-0.5509  	0.01936  	0.33554  	0.28979  	0.07562  	-0.2249  	0.00305  	0.21158  	0.05969  	0.31250  	0.11566  	-0.6193  	0.26201  	0.41767  	0.01938  	-0.1075  	0.38800  	0.02508  	-0.0755  	0.02044  	-0.0184  	0.00777  	-0.0922  	-0.0204  	-0.0418  	-0.0248  	0.00990  	-0.0446  	-0.0610  	0.00807  	0.00393  	-0.0337  	0.01546  	0.00746  	-0.0043  	0.07822  	-0.0096  	0.14880  	-0.0095  	0.03107  	0.00427  	-0.0398  	0.10221  	
-1.0252  	-0.1601  	-0.5805  	-2.1336  	-1.0677  	-1.7414  	0.27444  	0.07466  	0.06115  	0.44372  	0.65361  	-0.1638  	0.11194  	-0.3632  	-0.6567  	0.44135  	-0.1298  	-0.0073  	0.11570  	0.07383  	-0.0538  	0.25255  	-0.2788  	0.31066  	0.62202  	-0.3313  	0.10877  	-0.5546  	0.04110  	0.34208  	0.29161  	0.06751  	-0.2100  	0.00702  	0.21894  	0.04853  	0.29781  	0.11344  	-0.6079  	0.27260  	0.41462  	0.02210  	-0.1071  	0.40000  	0.02407  	-0.0762  	0.01904  	-0.0241  	0.01776  	-0.0946  	-0.0183  	-0.0453  	-0.0253  	0.00954  	-0.0425  	-0.0623  	0.00862  	0.00446  	-0.0326  	0.01465  	0.00802  	-0.0051  	0.08035  	-0.0082  	0.14880  	-0.0095  	0.03107  	0.00427  	-0.0398  	0.10221  	
-0.9116  	-0.1379  	-0.5676  	-2.0124  	-1.0235  	-1.6579  	0.27088  	0.11234  	0.07063  	0.40548  	0.57758  	-0.1235  	0.14946  	-0.2956  	-0.5189  	0.45009  	-0.1063  	-0.0159  	0.11477  	0.07438  	-0.0307  	0.26919  	-0.2646  	0.31322  	0.61220  	-0.3390  	0.08832  	-0.5502  	0.06003  	0.34083  	0.27630  	0.06831  	-0.2049  	0.00713  	0.23011  	0.02438  	0.29668  	0.11797  	-0.6056  	0.29153  	0.40071  	0.02388  	-0.1050  	0.39915  	0.01391  	-0.0752  	0.02762  	-0.0156  	0.02900  	-0.0966  	-0.0100  	-0.0451  	-0.0265  	0.01621  	-0.0370  	-0.0649  	0.01472  	0.00615  	-0.0320  	0.01768  	0.00383  	-0.0017  	0.07933  	-0.0066  	0.14880  	-0.0095  	0.03107  	0.00427  	-0.0398  	0.10221  	
-0.7242  	-0.0661  	-0.4532  	-1.8526  	-0.9609  	-1.6052  	0.22206  	0.18689  	0.04896  	0.34666  	0.56450  	-0.0865  	0.23428  	-0.2881  	-0.4230  	0.39935  	-0.0230  	-0.2146  	0.17668  	-0.1790  	0.08251  	0.07203  	-0.5650  	0.31878  	0.57234  	-0.2574  	0.11304  	-0.6171  	0.12045  	0.32909  	0.36732  	0.03438  	-0.2821  	-0.1587  	0.20705  	-0.0001  	0.25225  	0.11839  	-0.7367  	0.20761  	0.44776  	0.15608  	-0.2265  	0.46687  	-0.0445  	-0.0491  	0.00354  	0.00227  	0.00166  	-0.0967  	0.00178  	-0.0452  	-0.0275  	0.03018  	-0.0362  	-0.0634  	0.01973  	-0.0071  	-0.0278  	0.02771  	0.00647  	-0.0087  	0.05810  	-0.0090  	0.14880  	-0.0095  	0.03107  	0.00427  	-0.0398  	0.10221  	
-0.5374  	0.06104  	-0.2340  	-1.7932  	-0.9998  	-1.5055  	0.21259  	0.34161  	0.09137  	0.28525  	0.65451  	-0.0942  	0.28530  	-0.1382  	-0.2395  	0.43233  	0.02961  	-0.3816  	0.24121  	-0.4586  	0.33825  	-0.1405  	-0.7616  	0.38322  	0.51978  	-0.1911  	0.23670  	-0.8569  	0.03371  	0.31089  	0.46367  	0.01890  	-0.3233  	-0.3012  	0.28019  	-0.1060  	0.29326  	0.15791  	-0.8898  	0.11120  	0.49143  	0.26934  	-0.3306  	0.52972  	-0.1029  	-0.0319  	-0.0132  	0.01139  	-0.0183  	-0.1020  	-0.0032  	-0.0369  	-0.0200  	0.05359  	-0.0300  	-0.0612  	0.00646  	-0.0181  	-0.0352  	0.03591  	0.01520  	-0.0037  	0.04384  	-0.0084  	0.14880  	-0.0095  	0.03107  	0.00427  	-0.0398  	0.10221  	
-0.3470  	0.10693  	-0.1519  	-1.6406  	-0.9797  	-1.3773  	0.20788  	0.46064  	0.12704  	0.19907  	0.66826  	-0.0663  	0.30968  	-0.0708  	-0.0690  	0.45985  	0.08029  	-0.4976  	0.24349  	-0.5940  	0.50609  	-0.1548  	-0.7475  	0.46712  	0.49095  	-0.1907  	0.33263  	-1.0792  	-0.1085  	0.30783  	0.47047  	0.04624  	-0.3557  	-0.3409  	0.34321  	-0.1890  	0.40298  	0.21224  	-0.9723  	0.04660  	0.46147  	0.28577  	-0.3583  	0.54327  	-0.1154  	-0.0264  	-0.0241  	0.02625  	-0.0124  	-0.0940  	-0.0022  	-0.0345  	-0.0195  	0.05719  	-0.0297  	-0.0508  	-0.0029  	-0.0205  	-0.0319  	0.03913  	0.01503  	-0.0068  	0.03929  	-0.0173  	0.14880  	-0.0095  	0.03107  	0.00427  	-0.0398  	0.10221  	
-0.5613  	-0.0508  	-0.4020  	-1.7640  	-0.9546  	-1.5299  	0.21501  	0.23008  	0.03192  	0.32612  	0.59841  	-0.0805  	0.29616  	-0.3191  	-0.3460  	0.42940  	0.02425  	-0.3203  	0.23171  	-0.3590  	0.14666  	-0.1526  	-0.8334  	0.33683  	0.56955  	-0.1934  	0.18701  	-0.6906  	0.11586  	0.32357  	0.45513  	0.02454  	-0.3522  	-0.2964  	0.19946  	0.00162  	0.17694  	0.13103  	-0.8512  	0.14402  	0.49208  	0.26531  	-0.3255  	0.53188  	-0.0935  	-0.0325  	-0.0179  	0.02568  	-0.0097  	-0.1140  	0.01125  	-0.0337  	-0.0218  	0.05343  	-0.0309  	-0.0618  	0.01115  	-0.0169  	-0.0294  	0.03136  	0.00974  	-0.0135  	0.04869  	-0.0060  	0.14880  	-0.0095  	0.03107  	0.00427  	-0.0398  	0.10221  	
-0.5243  	-0.0902  	-0.4047  	-1.5908  	-0.8542  	-1.4128  	0.26627  	0.19468  	0.03353  	0.35220  	0.49454  	-0.1024  	0.23113  	-0.3226  	-0.4175  	0.54188  	-0.0609  	-0.2176  	0.18714  	-0.1418  	0.03881  	0.04315  	-0.7308  	0.41344  	0.76800  	-0.3008  	0.28115  	-0.6099  	0.09213  	0.40436  	0.29905  	0.09646  	-0.3213  	-0.1807  	0.29613  	0.08754  	0.22723  	0.11985  	-0.7394  	0.23280  	0.37934  	0.17232  	-0.2400  	0.48348  	-0.0366  	-0.0524  	-0.0140  	0.01326  	0.01912  	-0.1093  	0.02216  	-0.0427  	-0.0263  	0.02951  	-0.0313  	-0.0529  	0.03133  	-0.0024  	-0.0246  	0.02895  	-0.0058  	-0.0269  	0.06456  	-0.0103  	0.14880  	-0.0095  	0.03107  	0.00427  	-0.0398  	0.10221  	
-0.3664  	-0.0375  	-0.4083  	-1.4284  	-0.7053  	-1.3509  	0.31115  	0.20695  	0.06740  	0.33400  	0.34713  	-0.0858  	0.30259  	-0.0550  	-0.1057  	0.51614  	-0.1681  	-0.1448  	0.07929  	0.03829  	0.05731  	0.33809  	-0.4489  	0.46030  	0.79430  	-0.4286  	0.36469  	-0.6714  	-0.0533  	0.42979  	0.19153  	0.14017  	-0.2190  	0.00013  	0.44735  	0.01274  	0.36891  	0.11210  	-0.6371  	0.35447  	0.25733  	0.06009  	-0.1415  	0.38821  	0.01438  	-0.0717  	0.01031  	-0.0031  	0.05043  	-0.1005  	0.00634  	-0.0452  	-0.0333  	0.01267  	-0.0412  	-0.0490  	0.02217  	0.00633  	-0.0252  	0.02374  	-0.0001  	-0.0159  	0.07556  	-0.0157  	0.14880  	-0.0095  	0.03107  	0.00427  	-0.0398  	0.10221  	
-0.1603  	0.08259  	-0.1879  	-1.4222  	-0.8015  	-1.2035  	0.32437  	0.31100  	0.13983  	0.30620  	0.25627  	-0.1763  	0.36645  	0.15413  	0.00106  	0.49565  	-0.1097  	-0.0885  	0.13442  	-0.0200  	0.06984  	0.35925  	-0.3690  	0.35361  	0.80728  	-0.4221  	0.32661  	-0.7336  	0.02031  	0.45085  	0.20508  	0.09941  	-0.2105  	0.00991  	0.38747  	-0.0094  	0.34129  	0.10915  	-0.5734  	0.32279  	0.28640  	0.03832  	-0.0967  	0.40618  	0.00199  	-0.0773  	0.00617  	0.04136  	0.05506  	-0.0993  	-0.0012  	-0.0493  	-0.0241  	0.01813  	-0.0354  	-0.0411  	0.01819  	0.00178  	-0.0372  	0.02003  	-0.0009  	-0.0036  	0.06647  	-0.0241  	0.14880  	-0.0095  	0.03107  	0.00427  	-0.0398  	0.10221  	
-0.2223  	0.07798  	-0.2643  	-1.2685  	-0.6677  	-1.2956  	0.34861  	0.30277  	0.13934  	0.34410  	0.30178  	-0.0890  	0.38273  	0.25329  	0.00383  	0.52756  	-0.1003  	-0.1531  	0.10965  	0.00105  	0.08694  	0.38275  	-0.4557  	0.40256  	0.87145  	-0.4501  	0.39979  	-0.7147  	0.00335  	0.48593  	0.19054  	0.11370  	-0.1793  	-0.0062  	0.46984  	0.03013  	0.37042  	0.09954  	-0.5977  	0.34580  	0.25932  	0.05921  	-0.1152  	0.38551  	0.02097  	-0.0737  	0.01278  	0.01398  	0.05642  	-0.0913  	0.00057  	-0.0488  	-0.0237  	0.02121  	-0.0382  	-0.0413  	0.01559  	-0.0025  	-0.0327  	0.03700  	-0.0039  	-0.0071  	0.07400  	-0.0213  	0.14880  	-0.0095  	0.03107  	0.00427  	-0.0398  	0.10221  	
-0.4821  	-0.0764  	-0.4779  	-1.1946  	-0.5965  	-1.4139  	0.38759  	0.23374  	0.13436  	0.45482  	0.35211  	0.03048  	0.33843  	0.23883  	0.10287  	0.49013  	-0.1654  	-0.1411  	0.08763  	0.09461  	0.01917  	0.36319  	-0.4370  	0.44850  	0.77678  	-0.4150  	0.29638  	-0.6679  	-0.0649  	0.45756  	0.20026  	0.11709  	-0.1585  	0.02466  	0.47868  	-0.0396  	0.35408  	0.09718  	-0.6273  	0.35395  	0.23524  	0.05599  	-0.1518  	0.39124  	0.02787  	-0.0651  	0.01248  	0.00361  	0.03241  	-0.0842  	-0.0114  	-0.0464  	-0.0366  	0.01261  	-0.0462  	-0.0549  	0.01299  	-0.0043  	-0.0261  	0.02465  	-0.0034  	-0.0042  	0.06150  	-0.0156  	0.14880  	-0.0095  	0.03107  	0.00427  	-0.0398  	0.10221  	
-0.7601  	-0.0718  	-0.6371  	-1.7110  	-0.8216  	-1.6965  	0.32471  	0.09668  	0.08992  	0.44831  	0.48679  	-0.0092  	0.21011  	-0.1238  	-0.3320  	0.41614  	-0.1703  	0.03252  	0.09684  	0.13801  	0.02802  	0.28797  	-0.4195  	0.40305  	0.70446  	-0.3834  	0.11550  	-0.5373  	0.00661  	0.37419  	0.26506  	0.08696  	-0.1909  	0.01949  	0.34019  	0.03445  	0.29944  	0.08488  	-0.5954  	0.34024  	0.29178  	0.04612  	-0.1487  	0.37216  	0.00842  	-0.0692  	0.02317  	-0.0096  	0.02268  	-0.0891  	0.00341  	-0.0526  	-0.0308  	0.02143  	-0.0412  	-0.0595  	0.02798  	-0.0015  	-0.0251  	0.02452  	0.00253  	0.00171  	0.05819  	-0.0149  	0.14880  	-0.0095  	0.03107  	0.00427  	-0.0398  	0.10221  	
-0.8166  	-0.1101  	-0.5280  	-1.9192  	-0.9751  	-1.5890  	0.26897  	0.08465  	0.04927  	0.38287  	0.56652  	-0.1583  	0.11952  	-0.3271  	-0.4962  	0.41846  	-0.1477  	-0.0249  	0.11963  	0.10181  	0.04401  	0.26255  	-0.3152  	0.38726  	0.72976  	-0.3670  	0.22149  	-0.6100  	0.04045  	0.36322  	0.23951  	0.08044  	-0.2336  	0.00679  	0.27007  	0.07817  	0.34143  	0.11971  	-0.6151  	0.32787  	0.32620  	0.03469  	-0.1379  	0.38113  	0.02138  	-0.0722  	0.01495  	-0.0189  	0.01386  	-0.0892  	0.00277  	-0.0408  	-0.0302  	0.01544  	-0.0407  	-0.0591  	0.02259  	0.00258  	-0.0178  	0.02313  	0.00068  	-0.0116  	0.07941  	-0.0088  	0.14880  	-0.0095  	0.03107  	0.00427  	-0.0398  	0.10221  	
-0.8325  	-0.1207  	-0.5485  	-1.8382  	-0.9478  	-1.6027  	0.27885  	0.05730  	0.03105  	0.40822  	0.44501  	-0.0936  	0.19305  	-0.3457  	-0.4576  	0.43771  	-0.1205  	0.01693  	0.11955  	0.09548  	-0.1565  	0.27297  	-0.3273  	0.26590  	0.74010  	-0.3576  	0.08749  	-0.4304  	0.16887  	0.38728  	0.25493  	0.07400  	-0.2277  	0.02704  	0.18334  	0.09711  	0.21971  	0.09326  	-0.5525  	0.33145  	0.39982  	0.01615  	-0.1118  	0.40983  	0.00422  	-0.0773  	0.01879  	0.00158  	0.02035  	-0.0868  	-0.0098  	-0.0365  	-0.0282  	0.01883  	-0.0309  	-0.0616  	0.01920  	0.00123  	-0.0224  	0.01738  	0.00793  	-0.0070  	0.07450  	-0.0087  	0.14880  	-0.0095  	0.03107  	0.00427  	-0.0398  	0.10221  	
-0.7433  	-0.0859  	-0.5355  	-1.7356  	-0.8855  	-1.5469  	0.27611  	0.10715  	0.05716  	0.38331  	0.41362  	-0.0611  	0.20247  	-0.2672  	-0.3892  	0.46139  	-0.1190  	-0.0086  	0.11090  	0.11144  	-0.1635  	0.31606  	-0.3496  	0.28328  	0.71929  	-0.3599  	0.06687  	-0.4175  	0.15924  	0.39214  	0.25820  	0.06567  	-0.2082  	0.04234  	0.21750  	0.07614  	0.20975  	0.09843  	-0.5607  	0.32730  	0.39650  	0.00825  	-0.1041  	0.40811  	0.00366  	-0.0725  	0.02066  	0.00333  	0.01379  	-0.0790  	-0.0121  	-0.0441  	-0.0264  	0.01823  	-0.0396  	-0.0639  	0.01912  	0.00500  	-0.0279  	0.01439  	0.00571  	-0.0091  	0.07031  	-0.0098  	0.14880  	-0.0095  	0.03107  	0.00427  	-0.0398  	0.10221  	
-0.4822  	-0.0305  	-0.4381  	-1.4836  	-0.7980  	-1.4170  	0.30393  	0.25420  	0.11191  	0.29043  	0.35526  	-0.0541  	0.27717  	-0.0413  	-0.1567  	0.52018  	-0.1287  	-0.0760  	0.07736  	0.14074  	-0.0101  	0.32188  	-0.3749  	0.35729  	0.70638  	-0.3727  	0.17697  	-0.5341  	0.07100  	0.38938  	0.20862  	0.07853  	-0.1882  	0.02939  	0.34806  	-0.0045  	0.28798  	0.10017  	-0.5886  	0.33830  	0.31508  	0.02566  	-0.1218  	0.39517  	0.01739  	-0.0637  	0.02000  	0.02469  	0.01456  	-0.0659  	-0.0035  	-0.0507  	-0.0294  	0.01006  	-0.0490  	-0.0520  	0.01488  	0.00472  	-0.0293  	0.01423  	-0.0033  	-0.0085  	0.06525  	-0.0172  	0.14880  	-0.0095  	0.03107  	0.00427  	-0.0398  	0.10221  	
-0.3081  	0.02751  	-0.2894  	-1.4817  	-0.8370  	-1.2574  	0.31107  	0.30182  	0.12914  	0.25380  	0.35950  	-0.1042  	0.31174  	0.08192  	-0.0099  	0.51197  	-0.1327  	-0.1146  	0.11625  	0.05687  	0.16522  	0.35444  	-0.3600  	0.39874  	0.74873  	-0.4102  	0.27808  	-0.7290  	-0.0718  	0.41279  	0.22848  	0.10867  	-0.1797  	0.00435  	0.41259  	-0.0509  	0.42040  	0.14323  	-0.6272  	0.30822  	0.28337  	0.04029  	-0.1270  	0.38031  	0.01753  	-0.0698  	0.01472  	0.01410  	0.03060  	-0.0879  	-0.0041  	-0.0429  	-0.0304  	0.01113  	-0.0424  	-0.0438  	0.01306  	-0.0006  	-0.0349  	0.01666  	-0.0001  	-0.0035  	0.06872  	-0.0148  	0.14880  	-0.0095  	0.03107  	0.00427  	-0.0398  	0.10221  	
-0.3159  	0.03437  	-0.2925  	-1.5142  	-0.8230  	-1.2904  	0.31386  	0.24293  	0.12737  	0.28988  	0.39676  	-0.0855  	0.30199  	0.01675  	-0.1592  	0.52181  	-0.1668  	-0.0708  	0.08969  	0.08709  	0.16191  	0.32449  	-0.3912  	0.34418  	0.74983  	-0.3974  	0.22374  	-0.6768  	-0.0355  	0.40606  	0.21496  	0.10727  	-0.1656  	0.00997  	0.40640  	-0.0086  	0.35369  	0.13305  	-0.6110  	0.29813  	0.29337  	0.04704  	-0.1237  	0.37934  	0.02082  	-0.0762  	0.01914  	0.01798  	0.03439  	-0.0908  	0.00365  	-0.0441  	-0.0248  	0.01473  	-0.0396  	-0.0424  	0.01337  	-0.0009  	-0.0305  	0.01489  	0.00151  	-0.0172  	0.06991  	-0.0175  	0.14880  	-0.0095  	0.03107  	0.00427  	-0.0398  	0.10221  	
-0.5122  	-0.0362  	-0.4004  	-1.7094  	-0.8602  	-1.3972  	0.33547  	0.15644  	0.08703  	0.43143  	0.51643  	-0.1427  	0.20818  	-0.1733  	-0.4427  	0.54931  	-0.1650  	-0.0185  	0.07669  	0.13553  	-0.0561  	0.29156  	-0.4192  	0.33529  	0.73136  	-0.3916  	0.18816  	-0.5445  	0.03687  	0.37536  	0.22682  	0.09940  	-0.1788  	0.01211  	0.33595  	0.08294  	0.30691  	0.10714  	-0.5962  	0.33737  	0.33906  	0.02616  	-0.1237  	0.39895  	0.01275  	-0.0708  	0.02918  	0.01135  	0.03940  	-0.0794  	0.00723  	-0.0475  	-0.0281  	0.01288  	-0.0375  	-0.0574  	0.01435  	0.00059  	-0.0332  	0.01811  	-0.0047  	-0.0164  	0.07857  	-0.0116  	0.14880  	-0.0095  	0.03107  	0.00427  	-0.0398  	0.10221  	
-0.5912  	-0.0706  	-0.4205  	-1.7728  	-0.9228  	-1.4640  	0.32818  	0.13009  	0.05807  	0.43650  	0.59708  	-0.1598  	0.17188  	-0.2453  	-0.5255  	0.57881  	-0.1703  	-0.0388  	0.10628  	0.09436  	-0.0490  	0.30334  	-0.4119  	0.34058  	0.78198  	-0.3912  	0.25923  	-0.5475  	0.03111  	0.40245  	0.23601  	0.10161  	-0.2132  	0.01199  	0.34641  	0.11681  	0.33260  	0.11894  	-0.6172  	0.28086  	0.32286  	0.04458  	-0.1250  	0.38807  	0.01769  	-0.0784  	0.02607  	0.01188  	0.03370  	-0.0913  	0.00871  	-0.0438  	-0.0226  	0.01419  	-0.0355  	-0.0598  	0.01693  	0.00550  	-0.0333  	0.01469  	-0.0038  	-0.0212  	0.08676  	-0.0096  	0.14880  	-0.0095  	0.03107  	0.00427  	-0.0398  	0.10221  	
-0.6842  	-0.0798  	-0.4506  	-1.8557  	-0.9769  	-1.4913  	0.27795  	0.09934  	0.05073  	0.38373  	0.58096  	-0.1716  	0.13632  	-0.2910  	-0.5471  	0.52174  	-0.1201  	-0.0609  	0.12807  	0.07914  	0.01562  	0.26628  	-0.3667  	0.33535  	0.73720  	-0.3867  	0.22020  	-0.5486  	0.02524  	0.41779  	0.23096  	0.11507  	-0.2353  	0.00203  	0.30709  	0.11072  	0.36566  	0.12208  	-0.6323  	0.28900  	0.34389  	0.02752  	-0.1212  	0.38604  	0.01599  	-0.0738  	0.02366  	-0.0102  	0.02503  	-0.0935  	0.00579  	-0.0459  	-0.0257  	0.01473  	-0.0355  	-0.0603  	0.01856  	0.00795  	-0.0306  	0.01460  	-0.0043  	-0.0187  	0.08490  	-0.0093  	0.14880  	-0.0095  	0.03107  	0.00427  	-0.0398  	0.10221  	
-0.6614  	-0.0959  	-0.4813  	-1.8215  	-0.9507  	-1.4763  	0.23562  	0.12109  	0.05007  	0.33431  	0.51077  	-0.1568  	0.14930  	-0.2941  	-0.4528  	0.49450  	-0.1159  	-0.0704  	0.13774  	0.01822  	0.04485  	0.26643  	-0.2992  	0.35367  	0.69908  	-0.3699  	0.22954  	-0.6335  	-0.0466  	0.39384  	0.24219  	0.11922  	-0.2303  	-0.0022  	0.32250  	0.05943  	0.39233  	0.14490  	-0.6500  	0.26825  	0.35815  	0.04196  	-0.1149  	0.38194  	0.01062  	-0.0745  	0.02196  	-0.0204  	0.01703  	-0.0912  	-0.0005  	-0.0473  	-0.0218  	0.01385  	-0.0385  	-0.0553  	0.01996  	0.00405  	-0.0253  	0.01625  	-0.0055  	-0.0116  	0.07694  	-0.0093  	0.14880  	-0.0095  	0.03107  	0.00427  	-0.0398  	0.10221  	
-0.5700  	-0.0493  	-0.4072  	-1.8014  	-0.9384  	-1.4757  	0.25362  	0.21340  	0.10602  	0.30158  	0.55412  	-0.1028  	0.16279  	-0.1822  	-0.3499  	0.46845  	-0.1272  	-0.0988  	0.11837  	0.01624  	0.11502  	0.28459  	-0.2609  	0.36151  	0.62760  	-0.3597  	0.19393  	-0.6796  	-0.0589  	0.36342  	0.24280  	0.10379  	-0.1823  	-0.0026  	0.35194  	-0.0300  	0.41836  	0.14488  	-0.6588  	0.26708  	0.36603  	0.02578  	-0.1084  	0.39117  	0.00919  	-0.0704  	0.03007  	-0.0173  	0.01402  	-0.0899  	-0.0050  	-0.0478  	-0.0303  	0.01183  	-0.0435  	-0.0538  	0.01310  	-0.0023  	-0.0362  	0.01654  	-0.0016  	-0.0059  	0.06822  	-0.0115  	0.14880  	-0.0095  	0.03107  	0.00427  	-0.0398  	0.10221  	
-0.5316  	0.00969  	-0.3668  	-1.7363  	-0.9309  	-1.4532  	0.25674  	0.24961  	0.11364  	0.29115  	0.57035  	-0.0814  	0.19699  	-0.0698  	-0.2524  	0.51116  	-0.1324  	-0.1075  	0.10266  	0.02724  	0.19001  	0.28730  	-0.2973  	0.37224  	0.62690  	-0.3777  	0.21413  	-0.7025  	-0.1054  	0.35010  	0.25802  	0.09841  	-0.1694  	0.00638  	0.38611  	-0.0654  	0.44263  	0.15765  	-0.6779  	0.26154  	0.35703  	0.02642  	-0.1252  	0.38220  	0.00679  	-0.0674  	0.03290  	-0.0235  	0.01366  	-0.0825  	-0.0120  	-0.0437  	-0.0261  	0.01627  	-0.0458  	-0.0553  	0.00842  	-0.0021  	-0.0331  	0.01805  	0.00450  	-0.0009  	0.07144  	-0.0132  	0.14880  	-0.0095  	0.03107  	0.00427  	-0.0398  	0.10221  	
-0.3253  	0.09262  	-0.2407  	-1.6813  	-0.9637  	-1.3448  	0.29742  	0.30297  	0.16778  	0.27072  	0.62685  	-0.1074  	0.21841  	0.03322  	-0.2280  	0.58062  	-0.1228  	-0.1306  	0.10340  	-0.0189  	0.33554  	0.29065  	-0.3080  	0.40977  	0.64463  	-0.3955  	0.30615  	-0.8314  	-0.2250  	0.35452  	0.22745  	0.12886  	-0.1500  	-0.0083  	0.46193  	-0.0925  	0.52412  	0.18634  	-0.7143  	0.24065  	0.31787  	0.02442  	-0.1207  	0.37778  	0.00619  	-0.0686  	0.02362  	-0.0146  	0.02161  	-0.0786  	-0.0111  	-0.0461  	-0.0249  	0.02355  	-0.0435  	-0.0427  	0.00368  	0.00421  	-0.0368  	0.01851  	0.00270  	0.00378  	0.06614  	-0.0171  	0.14880  	-0.0095  	0.03107  	0.00427  	-0.0398  	0.10221  	
-0.2543  	0.07587  	-0.1439  	-1.6498  	-0.9869  	-1.2472  	0.32784  	0.37608  	0.17356  	0.26043  	0.60414  	-0.1117  	0.21545  	0.05588  	-0.1772  	0.61890  	-0.1122  	-0.1597  	0.12678  	-0.0395  	0.36668  	0.32861  	-0.2380  	0.47670  	0.69510  	-0.4097  	0.38953  	-0.8831  	-0.2399  	0.36795  	0.22544  	0.14955  	-0.1609  	-0.0114  	0.47560  	-0.0936  	0.57846  	0.21469  	-0.7123  	0.21919  	0.29400  	0.02452  	-0.0944  	0.38926  	0.01074  	-0.0698  	0.02028  	0.00800  	0.02931  	-0.0835  	-0.0175  	-0.0448  	-0.0254  	0.02239  	-0.0407  	-0.0428  	0.00807  	0.00072  	-0.0399  	0.02303  	0.00444  	-0.0077  	0.07304  	-0.0153  	0.14880  	-0.0095  	0.03107  	0.00427  	-0.0398  	0.10221  	
-0.2462  	0.08342  	-0.1338  	-1.6653  	-1.0003  	-1.2177  	0.32097  	0.39838  	0.17738  	0.25572  	0.65445  	-0.1202  	0.20126  	0.01170  	-0.2040  	0.63257  	-0.0889  	-0.1899  	0.11364  	-0.0529  	0.41685  	0.31889  	-0.1917  	0.52728  	0.67387  	-0.4084  	0.44067  	-0.9102  	-0.3188  	0.35506  	0.20765  	0.16399  	-0.1757  	-0.0168  	0.52059  	-0.1122  	0.62187  	0.21975  	-0.7384  	0.21071  	0.24600  	0.02911  	-0.1177  	0.39247  	0.00898  	-0.0653  	0.01650  	-0.0025  	0.03242  	-0.0766  	-0.0057  	-0.0428  	-0.0230  	0.02175  	-0.0400  	-0.0369  	0.00519  	-0.0005  	-0.0355  	0.02213  	0.00605  	-0.0037  	0.07374  	-0.0185  	0.14880  	-0.0095  	0.03107  	0.00427  	-0.0398  	0.10221  	
-0.2171  	0.10900  	-0.1116  	-1.6489  	-0.9665  	-1.2158  	0.30959  	0.39776  	0.17118  	0.25679  	0.67915  	-0.1081  	0.18880  	0.01387  	-0.2416  	0.67052  	-0.0940  	-0.2122  	0.11362  	-0.0685  	0.42613  	0.30553  	-0.1949  	0.55259  	0.69326  	-0.4125  	0.47212  	-0.9445  	-0.3643  	0.36773  	0.19506  	0.17473  	-0.1975  	-0.0107  	0.55965  	-0.1211  	0.62773  	0.22287  	-0.7296  	0.21653  	0.21610  	0.02898  	-0.1194  	0.40004  	0.00738  	-0.0647  	0.00552  	0.00048  	0.03488  	-0.0857  	-0.0001  	-0.0416  	-0.0215  	0.01933  	-0.0422  	-0.0333  	0.00428  	-0.0010  	-0.0376  	0.02181  	0.00547  	0.00098  	0.07703  	-0.0166  	0.14880  	-0.0095  	0.03107  	0.00427  	-0.0398  	0.10221  	
-0.2325  	0.09379  	-0.0559  	-1.7019  	-0.9481  	-1.2793  	0.27665  	0.46031  	0.15732  	0.30084  	0.71286  	-0.0237  	0.23183  	-0.0281  	-0.2741  	0.67889  	-0.0295  	-0.3220  	0.21326  	-0.2828  	0.46383  	0.05939  	-0.5206  	0.46097  	0.67434  	-0.3240  	0.38112  	-0.9781  	-0.2139  	0.33358  	0.32312  	0.11587  	-0.2732  	-0.1819  	0.45655  	-0.1233  	0.49508  	0.20480  	-0.7844  	0.14887  	0.35530  	0.15445  	-0.2221  	0.48446  	-0.0489  	-0.0501  	-0.0221  	0.03501  	0.02726  	-0.0977  	0.00303  	-0.0392  	-0.0180  	0.03934  	-0.0345  	-0.0371  	-0.0013  	-0.0152  	-0.0427  	0.04191  	0.00481  	-0.0006  	0.06275  	-0.0154  	0.14880  	-0.0095  	0.03107  	0.00427  	-0.0398  	0.10221  	
-0.2215  	0.09754  	-0.0360  	-1.7286  	-0.9069  	-1.3504  	0.29964  	0.49025  	0.16911  	0.34442  	0.66384  	0.01588  	0.32480  	-0.0430  	-0.2865  	0.64620  	0.01782  	-0.4146  	0.28466  	-0.4287  	0.45612  	-0.1199  	-0.8162  	0.38955  	0.68395  	-0.2668  	0.35228  	-0.9676  	-0.0182  	0.32539  	0.41251  	0.06321  	-0.3371  	-0.3049  	0.30773  	-0.0923  	0.33764  	0.17981  	-0.8220  	0.13634  	0.45255  	0.25632  	-0.3081  	0.55930  	-0.0858  	-0.0441  	-0.0404  	0.06363  	0.02304  	-0.1150  	0.00981  	-0.0372  	-0.0218  	0.05495  	-0.0283  	-0.0404  	0.00745  	-0.0185  	-0.0418  	0.04418  	0.00948  	-0.0148  	0.04832  	-0.0160  	0.14880  	-0.0095  	0.03107  	0.00427  	-0.0398  	0.10221  	
-0.3782  	0.02025  	-0.1533  	-1.6323  	-0.8769  	-1.4814  	0.29188  	0.39777  	0.16591  	0.40798  	0.55517  	0.02992  	0.35283  	0.03472  	-0.2449  	0.58820  	0.03549  	-0.4375  	0.28730  	-0.4319  	0.32167  	-0.1649  	-0.9713  	0.38030  	0.72710  	-0.2409  	0.38614  	-0.9003  	0.05192  	0.36067  	0.43018  	0.05489  	-0.3432  	-0.3296  	0.28586  	-0.0610  	0.26933  	0.13586  	-0.8452  	0.15107  	0.44032  	0.29236  	-0.3622  	0.57313  	-0.0864  	-0.0469  	-0.0303  	0.05534  	0.01868  	-0.1313  	0.00537  	-0.0442  	-0.0256  	0.05917  	-0.0282  	-0.0488  	0.01875  	-0.0267  	-0.0328  	0.04592  	0.01689  	-0.0297  	0.04774  	-0.0094  	0.14880  	-0.0095  	0.03107  	0.00427  	-0.0398  	0.10221  	
-0.6361  	-0.0741  	-0.4989  	-1.4581  	-0.7198  	-1.6092  	0.28848  	0.28816  	0.02171  	0.32936  	0.56590  	0.09113  	0.38440  	-0.0053  	-0.1347  	0.39967  	-0.0069  	-0.3515  	0.21806  	-0.3043  	0.20844  	-0.1208  	-0.9184  	0.41465  	0.60942  	-0.2215  	0.23272  	-0.7382  	0.15689  	0.35363  	0.44314  	-0.0229  	-0.3446  	-0.2903  	0.31232  	-0.0563  	0.18266  	0.07879  	-0.8559  	0.14538  	0.39575  	0.27725  	-0.3828  	0.54234  	-0.0742  	-0.0308  	-0.0198  	0.03233  	-0.0133  	-0.0997  	0.01823  	-0.0484  	-0.0276  	0.03624  	-0.0271  	-0.0450  	0.01515  	-0.0187  	-0.0300  	0.03954  	0.00970  	-0.0142  	0.03000  	-0.0115  	0.14880  	-0.0095  	0.03107  	0.00427  	-0.0398  	0.10221  	
-0.7696  	-0.1025  	-0.4433  	-1.8788  	-0.9021  	-1.6078  	0.21870  	0.09960  	0.03215  	0.33470  	0.60402  	-0.1762  	0.17817  	-0.3181  	-0.3812  	0.38692  	-0.0433  	-0.2333  	0.21665  	-0.2269  	0.18929  	0.04841  	-0.5743  	0.41458  	0.66103  	-0.2897  	0.25220  	-0.7877  	-0.0071  	0.35630  	0.33676  	0.07215  	-0.3078  	-0.1862  	0.26896  	0.00560  	0.31709  	0.11619  	-0.7936  	0.22442  	0.38117  	0.17597  	-0.2830  	0.45553  	-0.0375  	-0.0513  	0.00271  	-0.0119  	0.00129  	-0.0917  	0.00520  	-0.0455  	-0.0283  	0.03764  	-0.0379  	-0.0545  	0.01507  	-0.0118  	-0.0241  	0.03505  	0.00115  	-0.0113  	0.05039  	-0.0142  	0.14880  	-0.0095  	0.03107  	0.00427  	-0.0398  	0.10221  	
-0.5411  	-0.0762  	-0.3402  	-1.7359  	-0.8742  	-1.4487  	0.26507  	0.09991  	0.06085  	0.45149  	0.53267  	-0.1452  	0.12781  	-0.3385  	-0.5463  	0.64580  	-0.1339  	-0.0464  	0.14680  	0.07227  	-0.0030  	0.26179  	-0.3810  	0.41519  	0.75303  	-0.3861  	0.26014  	-0.5947  	-0.0159  	0.39819  	0.19826  	0.12093  	-0.2378  	-0.0228  	0.32877  	0.10868  	0.38103  	0.11331  	-0.6296  	0.33404  	0.33267  	0.03035  	-0.1238  	0.40700  	0.01452  	-0.0701  	0.02468  	0.00148  	0.03150  	-0.0927  	0.01011  	-0.0443  	-0.0233  	0.01458  	-0.0361  	-0.0611  	0.01598  	0.00066  	-0.0322  	0.02729  	-0.0038  	-0.0207  	0.08181  	-0.0147  	0.14880  	-0.0095  	0.03107  	0.00427  	-0.0398  	0.10221  	
-0.5381  	-0.0882  	-0.3419  	-1.7536  	-0.8461  	-1.4393  	0.28903  	0.09395  	0.02191  	0.47976  	0.56542  	-0.1405  	0.10045  	-0.3828  	-0.5919  	0.73721  	-0.1817  	-0.0420  	0.12788  	0.10039  	-0.0088  	0.24915  	-0.4780  	0.41026  	0.80589  	-0.4048  	0.30449  	-0.5633  	-0.0083  	0.39597  	0.17134  	0.14468  	-0.2435  	-0.0089  	0.37056  	0.16162  	0.36697  	0.12418  	-0.6376  	0.34504  	0.31127  	0.05358  	-0.1379  	0.39296  	0.01848  	-0.0663  	0.01313  	-0.0043  	0.03052  	-0.0880  	0.00621  	-0.0486  	-0.0274  	0.01513  	-0.0338  	-0.0553  	0.02544  	0.00266  	-0.0399  	0.02187  	-0.0057  	-0.0281  	0.07586  	-0.0106  	0.14880  	-0.0095  	0.03107  	0.00427  	-0.0398  	0.10221  	
-0.4744  	-0.0992  	-0.3427  	-1.5948  	-0.8418  	-1.3585  	0.27564  	0.13343  	0.04609  	0.38416  	0.51331  	-0.0904  	0.14206  	-0.2972  	-0.4805  	0.70912  	-0.1471  	-0.0877  	0.14437  	0.05826  	0.07267  	0.30312  	-0.4726  	0.46626  	0.79334  	-0.4125  	0.37697  	-0.6784  	-0.1033  	0.40077  	0.16850  	0.17924  	-0.2356  	-0.0366  	0.41144  	0.13656  	0.41720  	0.13843  	-0.6561  	0.32929  	0.27680  	0.06973  	-0.1361  	0.38609  	0.01481  	-0.0730  	0.01118  	-0.0084  	0.03556  	-0.0998  	0.00150  	-0.0517  	-0.0301  	0.01726  	-0.0402  	-0.0562  	0.02398  	0.00793  	-0.0298  	0.01918  	-0.0096  	-0.0238  	0.07010  	-0.0186  	0.14880  	-0.0095  	0.03107  	0.00427  	-0.0398  	0.10221  	
-0.1480  	0.04117  	-0.2049  	-1.4567  	-0.7369  	-1.2999  	0.37025  	0.29552  	0.12798  	0.32869  	0.42505  	-0.0585  	0.27879  	-0.0550  	-0.2162  	0.69236  	-0.1551  	-0.1346  	0.15048  	0.06554  	0.11834  	0.30150  	-0.4772  	0.43381  	0.82690  	-0.4341  	0.37889  	-0.7203  	-0.0232  	0.41722  	0.16737  	0.13359  	-0.2043  	-0.0066  	0.47580  	0.05151  	0.41486  	0.12631  	-0.6389  	0.31651  	0.27277  	0.06181  	-0.1211  	0.39542  	0.00331  	-0.0770  	0.00428  	0.02318  	0.04648  	-0.0973  	0.02522  	-0.0499  	-0.0253  	0.00941  	-0.0377  	-0.0398  	0.01785  	0.00092  	-0.0338  	0.02100  	-0.0035  	-0.0069  	0.07220  	-0.0151  	0.14880  	-0.0095  	0.03107  	0.00427  	-0.0398  	0.10221  	
-0.2158  	0.07440  	-0.2972  	-1.2459  	-0.6415  	-1.2618  	0.33242  	0.27451  	0.14114  	0.33179  	0.28896  	-0.0654  	0.35834  	0.09559  	-0.0336  	0.57971  	-0.1252  	-0.1793  	0.11842  	0.03886  	0.04407  	0.38072  	-0.4550  	0.40648  	0.89176  	-0.4457  	0.38703  	-0.6902  	0.01787  	0.51234  	0.14616  	0.10959  	-0.1975  	-0.0011  	0.43092  	0.04785  	0.36013  	0.10683  	-0.6043  	0.34437  	0.25533  	0.06649  	-0.1008  	0.38013  	0.01027  	-0.0780  	0.00865  	0.03041  	0.04827  	-0.1048  	0.00963  	-0.0512  	-0.0231  	0.01589  	-0.0418  	-0.0397  	0.02361  	-0.0028  	-0.0324  	0.02264  	-0.0011  	-0.0157  	0.07162  	-0.0178  	0.14880  	-0.0095  	0.03107  	0.00427  	-0.0398  	0.10221  	
-0.4650  	-0.0716  	-0.4356  	-1.3152  	-0.6401  	-1.3762  	0.33437  	0.20694  	0.12540  	0.37130  	0.28631  	0.03831  	0.33240  	0.11951  	-0.1083  	0.57322  	-0.1597  	-0.0949  	0.10131  	0.05644  	0.03746  	0.32431  	-0.4386  	0.40697  	0.78073  	-0.4018  	0.26915  	-0.6015  	-0.0086  	0.46401  	0.20155  	0.11064  	-0.1784  	0.01617  	0.41018  	-0.0162  	0.35631  	0.10079  	-0.5911  	0.33412  	0.27246  	0.04913  	-0.1291  	0.38287  	0.01668  	-0.0646  	0.00848  	0.00810  	0.02963  	-0.0910  	-0.0139  	-0.0585  	-0.0331  	0.00818  	-0.0471  	-0.0479  	0.02502  	0.00267  	-0.0338  	0.02196  	-0.0025  	-0.0111  	0.06852  	-0.0048  	0.14880  	-0.0095  	0.03107  	0.00427  	-0.0398  	0.10221  	
-0.7502  	-0.0844  	-0.4537  	-2.0043  	-0.9569  	-1.5096  	0.29395  	0.11200  	0.04354  	0.38251  	0.54658  	-0.2038  	0.12922  	-0.3184  	-0.4446  	0.47431  	-0.0965  	-0.0350  	0.14308  	0.06226  	0.10264  	0.26709  	-0.3173  	0.41475  	0.75037  	-0.3698  	0.25966  	-0.6624  	-0.0447  	0.36323  	0.21504  	0.10105  	-0.2321  	-0.0118  	0.33751  	0.05463  	0.40715  	0.12353  	-0.6616  	0.31880  	0.31279  	0.02496  	-0.1309  	0.39132  	0.02719  	-0.0736  	0.02204  	-0.0170  	0.01365  	-0.0799  	-0.0044  	-0.0514  	-0.0259  	0.02100  	-0.0346  	-0.0621  	0.01475  	-0.0021  	-0.0261  	0.02412  	-0.0070  	-0.0092  	0.07517  	-0.0065  	0.14880  	-0.0095  	0.03107  	0.00427  	-0.0398  	0.10221  	
-0.7552  	-0.1048  	-0.4481  	-1.9441  	-1.0197  	-1.5066  	0.25030  	0.03879  	0.04768  	0.36130  	0.53847  	-0.1861  	0.08941  	-0.3953  	-0.5848  	0.48741  	-0.1201  	-0.0512  	0.14584  	0.02929  	0.04789  	0.28087  	-0.2826  	0.38995  	0.71134  	-0.3662  	0.26229  	-0.6361  	-0.0070  	0.38448  	0.22552  	0.09907  	-0.2515  	-0.0146  	0.27526  	0.09764  	0.36571  	0.11601  	-0.6374  	0.32948  	0.36405  	0.03742  	-0.1326  	0.40162  	0.01532  	-0.0719  	0.02056  	-0.0152  	0.01610  	-0.0857  	0.00133  	-0.0446  	-0.0237  	0.01753  	-0.0396  	-0.0596  	0.01867  	0.00978  	-0.0301  	0.01505  	-0.0043  	-0.0083  	0.07299  	-0.0108  	0.14880  	-0.0095  	0.03107  	0.00427  	-0.0398  	0.10221  	
-0.7913  	-0.0902  	-0.4500  	-2.0366  	-1.0668  	-1.5447  	0.28853  	0.04522  	0.05306  	0.38356  	0.56008  	-0.2177  	0.09145  	-0.3868  	-0.6343  	0.46743  	-0.0920  	-0.0386  	0.15409  	0.01959  	0.01508  	0.27990  	-0.2834  	0.32502  	0.73357  	-0.3648  	0.23688  	-0.6175  	0.02726  	0.38364  	0.23244  	0.08779  	-0.2414  	-0.0133  	0.22767  	0.08470  	0.36766  	0.12501  	-0.6243  	0.31536  	0.39427  	0.02750  	-0.1095  	0.40860  	0.01595  	-0.0765  	0.02163  	-0.0076  	0.02402  	-0.0866  	-0.0046  	-0.0467  	-0.0308  	0.01959  	-0.0342  	-0.0590  	0.01388  	0.00322  	-0.0338  	0.01309  	-0.0032  	-0.0010  	0.07545  	-0.0119  	0.14880  	-0.0095  	0.03107  	0.00427  	-0.0398  	0.10221  	
-0.9130  	-0.1076  	-0.5137  	-2.0344  	-1.0902  	-1.6287  	0.27718  	0.03779  	0.03539  	0.42765  	0.61374  	-0.2131  	0.06527  	-0.4128  	-0.6412  	0.44164  	-0.1077  	-0.0387  	0.13803  	0.02484  	-0.0109  	0.27394  	-0.2839  	0.30499  	0.73087  	-0.3756  	0.21912  	-0.6040  	0.03735  	0.39118  	0.24464  	0.09451  	-0.2410  	0.00826  	0.22276  	0.10436  	0.35777  	0.12898  	-0.6218  	0.27020  	0.41152  	0.02780  	-0.1095  	0.40669  	0.01313  	-0.0797  	0.02150  	-0.0159  	0.01815  	-0.0877  	-0.0002  	-0.0447  	-0.0270  	0.02379  	-0.0371  	-0.0581  	0.01999  	0.00913  	-0.0260  	0.01777  	0.00173  	-0.0075  	0.07836  	-0.0098  	0.14880  	-0.0095  	0.03107  	0.00427  	-0.0398  	0.10221  	
-0.8514  	-0.1188  	-0.5233  	-2.0089  	-1.0696  	-1.5831  	0.23522  	0.08319  	0.04206  	0.37412  	0.58584  	-0.1718  	0.08297  	-0.4018  	-0.5576  	0.47174  	-0.1127  	-0.0779  	0.13835  	-0.0208  	-0.0066  	0.29558  	-0.2115  	0.35239  	0.69559  	-0.3482  	0.22175  	-0.6117  	0.00225  	0.37744  	0.26259  	0.09851  	-0.2419  	-0.0044  	0.23333  	0.07079  	0.37164  	0.13902  	-0.6427  	0.26866  	0.40133  	0.02752  	-0.1112  	0.41037  	0.00609  	-0.0783  	0.02355  	-0.0161  	0.01761  	-0.0871  	-0.0113  	-0.0490  	-0.0269  	0.01830  	-0.0357  	-0.0663  	0.01657  	0.00868  	-0.0340  	0.01500  	-0.0003  	-0.0062  	0.08180  	-0.0074  	0.14880  	-0.0095  	0.03107  	0.00427  	-0.0398  	0.10221  	
-0.7918  	-0.1019  	-0.4381  	-1.9660  	-1.0675  	-1.5162  	0.25797  	0.11940  	0.07399  	0.40538  	0.56940  	-0.1274  	0.13982  	-0.3177  	-0.5582  	0.47291  	-0.1201  	-0.0615  	0.11766  	0.03925  	-0.0176  	0.27810  	-0.2509  	0.29482  	0.64668  	-0.3413  	0.14376  	-0.5674  	0.02782  	0.35174  	0.25755  	0.08403  	-0.1886  	0.00232  	0.25526  	0.05222  	0.35544  	0.11629  	-0.6226  	0.28785  	0.39682  	0.02675  	-0.1053  	0.40178  	0.00988  	-0.0775  	0.02236  	-0.0049  	0.02366  	-0.0854  	-0.0038  	-0.0464  	-0.0256  	0.01455  	-0.0398  	-0.0633  	0.01409  	0.00264  	-0.0367  	0.01549  	0.00356  	-0.0045  	0.08455  	-0.0026  	0.14880  	-0.0095  	0.03107  	0.00427  	-0.0398  	0.10221  	
-0.8040  	-0.1078  	-0.4806  	-1.9330  	-1.0499  	-1.6042  	0.25140  	0.09874  	0.05912  	0.47291  	0.57051  	-0.1218  	0.15373  	-0.3034  	-0.6421  	0.48000  	-0.1450  	-0.0247  	0.12608  	0.11344  	-0.0578  	0.27389  	-0.3127  	0.29121  	0.65637  	-0.3373  	0.10668  	-0.5178  	0.07397  	0.35028  	0.26853  	0.09294  	-0.1915  	0.00323  	0.23080  	0.08400  	0.29355  	0.10691  	-0.6111  	0.32536  	0.40009  	0.00324  	-0.0888  	0.40751  	0.00720  	-0.0765  	0.02848  	0.00303  	0.02308  	-0.0946  	0.00192  	-0.0500  	-0.0245  	0.01279  	-0.0398  	-0.0684  	0.01610  	0.00357  	-0.0375  	0.02178  	0.00159  	-0.0113  	0.07928  	-0.0049  	0.14880  	-0.0095  	0.03107  	0.00427  	-0.0398  	0.10221  	
-0.8694  	-0.1245  	-0.5131  	-2.0118  	-1.0748  	-1.6694  	0.27570  	0.04538  	0.03979  	0.49466  	0.53168  	-0.1203  	0.15427  	-0.3248  	-0.6371  	0.45296  	-0.1245  	-0.0048  	0.11617  	0.08513  	-0.1160  	0.29006  	-0.2959  	0.28908  	0.69412  	-0.3414  	0.13517  	-0.5110  	0.07632  	0.36465  	0.28766  	0.08882  	-0.2211  	0.00926  	0.20748  	0.10149  	0.25247  	0.10177  	-0.6036  	0.32296  	0.39844  	0.01328  	-0.0969  	0.40996  	0.01635  	-0.0818  	0.02718  	9.86202  	0.02800  	-0.0796  	0.00267  	-0.0464  	-0.0290  	0.01667  	-0.0343  	-0.0606  	0.00927  	0.00423  	-0.0315  	0.01794  	0.00455  	0.00505  	0.07578  	-0.0112  	0.14880  	-0.0095  	0.03107  	0.00427  	-0.0398  	0.10221  	
-1.0091  	-0.1467  	-0.6162  	-2.0339  	-1.0157  	-1.7697  	0.32526  	0.08454  	0.05223  	0.46141  	0.64957  	-0.1684  	0.13153  	-0.3025  	-0.5673  	0.40321  	-0.1427  	-0.0136  	0.10227  	0.03162  	-0.0960  	0.28820  	-0.3187  	0.31540  	0.67314  	-0.3546  	0.14485  	-0.5463  	0.09060  	0.37139  	0.26482  	0.07458  	-0.2171  	0.00435  	0.26571  	0.08193  	0.29709  	0.10498  	-0.6055  	0.30579  	0.38782  	0.03886  	-0.1161  	0.37980  	0.01362  	-0.0764  	0.02222  	-0.0072  	0.02203  	-0.0906  	-0.0040  	-0.0445  	-0.0301  	0.01811  	-0.0394  	-0.0571  	0.01462  	0.00081  	-0.0325  	0.02226  	0.00825  	0.00165  	0.07632  	-0.0093  	0.14880  	-0.0095  	0.03107  	0.00427  	-0.0398  	0.10221  	
-1.0480  	-0.1633  	-0.6345  	-2.1126  	-1.0474  	-1.7983  	0.29675  	0.07206  	0.04887  	0.47605  	0.67343  	-0.1696  	0.11374  	-0.4022  	-0.6586  	0.43656  	-0.1539  	0.00959  	0.11238  	0.07520  	-0.0666  	0.28832  	-0.3171  	0.29278  	0.63290  	-0.3478  	0.12852  	-0.5190  	0.05915  	0.34523  	0.27312  	0.07573  	-0.2237  	0.00989  	0.20352  	0.08253  	0.28695  	0.10989  	-0.5936  	0.29116  	0.40791  	0.02611  	-0.1154  	0.37962  	0.01312  	-0.0767  	0.02460  	-0.0099  	0.01789  	-0.0953  	-0.0066  	-0.0434  	-0.0287  	0.01378  	-0.0413  	-0.0614  	0.01019  	0.00270  	-0.0322  	0.01725  	0.00614  	-0.0081  	0.07573  	-0.0079  	0.14880  	-0.0095  	0.03107  	0.00427  	-0.0398  	0.10221  	
-1.0373  	-0.1663  	-0.5983  	-2.1255  	-1.0551  	-1.7831  	0.29372  	0.05711  	0.05049  	0.47918  	0.68529  	-0.1528  	0.12387  	-0.3626  	-0.7011  	0.41289  	-0.1449  	0.00505  	0.10051  	0.08825  	-0.0553  	0.26507  	-0.2933  	0.32474  	0.61800  	-0.3388  	0.11458  	-0.5480  	0.04518  	0.32880  	0.27293  	0.06766  	-0.2153  	0.00792  	0.21970  	0.05348  	0.29390  	0.10791  	-0.6041  	0.26959  	0.40208  	0.02690  	-0.1112  	0.38863  	0.02719  	-0.0760  	0.01708  	-0.0154  	0.02013  	-0.0952  	-0.0124  	-0.0452  	-0.0276  	0.01078  	-0.0426  	-0.0616  	0.01084  	0.00296  	-0.0286  	0.01457  	0.00732  	-0.0078  	0.07744  	-0.0098  	0.14880  	-0.0095  	0.03107  	0.00427  	-0.0398  	0.10221  	
-0.9353  	-0.1427  	-0.5706  	-2.0471  	-1.0312  	-1.7003  	0.27142  	0.11827  	0.08432  	0.43014  	0.58967  	-0.1219  	0.13908  	-0.3313  	-0.5942  	0.45075  	-0.1154  	-0.0033  	0.13278  	0.07568  	-0.0469  	0.26624  	-0.2550  	0.30280  	0.60756  	-0.3414  	0.08266  	-0.5405  	0.08240  	0.34353  	0.27353  	0.06869  	-0.2101  	0.01221  	0.20831  	0.03128  	0.28775  	0.11875  	-0.5951  	0.28821  	0.40526  	0.02049  	-0.1026  	0.40071  	0.01388  	-0.0742  	0.02492  	-0.0083  	0.03226  	-0.1003  	-0.0092  	-0.0466  	-0.0300  	0.01465  	-0.0361  	-0.0665  	0.01280  	0.00434  	-0.0317  	0.01321  	0.00298  	-0.0045  	0.07912  	-0.0058  	0.14880  	-0.0095  	0.03107  	0.00427  	-0.0398  	0.10221  	
-0.8424  	-0.1067  	-0.5216  	-1.9348  	-1.0084  	-1.6364  	0.25746  	0.13028  	0.08208  	0.38618  	0.56889  	-0.1074  	0.15721  	-0.2801  	-0.4785  	0.45428  	-0.1031  	-0.0197  	0.11195  	0.06844  	0.00039  	0.27361  	-0.2697  	0.29844  	0.61064  	-0.3453  	0.09155  	-0.5522  	0.05133  	0.35089  	0.26959  	0.07942  	-0.1947  	0.01148  	0.23595  	0.00603  	0.32404  	0.12765  	-0.6100  	0.29156  	0.40108  	0.01934  	-0.1040  	0.39447  	0.01449  	-0.0685  	0.02943  	-0.0186  	0.01840  	-0.0879  	-0.0113  	-0.0452  	-0.0280  	0.01974  	-0.0389  	-0.0610  	0.01065  	0.00448  	-0.0337  	0.01971  	0.00359  	-0.0031  	0.07071  	-0.0119  	0.14880  	-0.0095  	0.03107  	0.00427  	-0.0398  	0.10221  	
-0.8404  	-0.1034  	-0.5070  	-2.0192  	-1.0312  	-1.6631  	0.23684  	0.09775  	0.08132  	0.46800  	0.55277  	-0.1222  	0.19646  	-0.2703  	-0.6139  	0.48409  	-0.1276  	0.00761  	0.10914  	0.10844  	-0.0390  	0.24335  	-0.3032  	0.24884  	0.58359  	-0.3278  	0.03502  	-0.4881  	0.03749  	0.32515  	0.27956  	0.07136  	-0.1764  	0.01620  	0.22736  	0.02803  	0.28527  	0.11003  	-0.5924  	0.29414  	0.41511  	0.01234  	-0.0872  	0.40157  	0.01120  	-0.0723  	0.03277  	-0.0112  	0.02362  	-0.0886  	-0.0024  	-0.0457  	-0.0331  	0.01466  	-0.0373  	-0.0628  	0.01223  	0.00517  	-0.0331  	0.01134  	0.00290  	-0.0038  	0.07089  	-0.0073  	0.14880  	-0.0095  	0.03107  	0.00427  	-0.0398  	0.10221  	
-0.9545  	-0.1517  	-0.5542  	-2.0981  	-1.0786  	-1.6815  	0.26860  	0.05952  	0.04892  	0.47401  	0.59410  	-0.1745  	0.12924  	-0.3687  	-0.6884  	0.42697  	-0.1138  	0.00132  	0.11227  	0.06580  	-0.0787  	0.25396  	-0.3109  	0.27405  	0.6625  	-0.3376  	0.11269  	-0.5124  	0.04411  	0.35248  	0.26408  	0.08296  	-0.2302  	-0.0114  	0.19938  	0.08369  	0.28025  	0.11789  	-0.5968  	0.28972  	0.40261  	0.02761  	-0.1036  	0.39743  	0.01745  	-0.0777  	0.02802  	-0.0089  	0.02376  	-0.0874  	-0.0068  	-0.0454  	-0.0232  	0.01989  	-0.0385  	-0.0637  	0.01874  	0.00929  	-0.0312  	0.02024  	0.00416  	-0.0021  	0.07549  	-0.0092  	0.14880  	-0.0095  	0.03107  	0.00427  	-0.0398  	0.10221  	
-0.7860  	-0.1135  	-0.5115  	-1.9355  	-1.0340  	-1.5841  	0.25745  	0.10940  	0.04158  	0.39451  	0.57364  	-0.1542  	0.11738  	-0.3024  	-0.4934  	0.46689  	-0.1007  	-0.0592  	0.10907  	0.03461  	0.01482  	0.28612  	-0.2751  	0.39054  	0.68386  	-0.3486  	0.22355  	-0.6263  	-0.0230  	0.36402  	0.22657  	0.11388  	-0.2262  	-0.0093  	0.27395  	0.03837  	0.36756  	0.14527  	-0.6401  	0.29954  	0.36632  	0.03894  	-0.1138  	0.40620  	0.01227  	-0.0746  	0.03192  	-0.0138  	0.01515  	-0.0844  	-0.0121  	-0.0409  	-0.0297  	0.02117  	-0.0440  	-0.0675  	0.01861  	0.00879  	-0.0344  	0.01355  	-0.0024  	-0.0075  	0.06667  	-0.0122  	0.14880  	-0.0095  	0.03107  	0.00427  	-0.0398  	0.10221  	
-0.8311  	-0.1591  	-0.5453  	-1.9117  	-1.0111  	-1.5514  	0.29834  	0.06270  	0.04300  	0.39159  	0.50494  	-0.1714  	0.15416  	-0.3668  	-0.5196  	0.43121  	-0.0985  	-0.0333  	0.10706  	0.07712  	-0.1065  	0.27995  	-0.2915  	0.28662  	0.69547  	-0.3522  	0.12738  	-0.5421  	0.11274  	0.37711  	0.25895  	0.06833  	-0.2248  	0.01443  	0.18149  	0.07004  	0.27082  	0.12989  	-0.6121  	0.30537  	0.40995  	0.01079  	-0.0974  	0.42175  	0.01053  	-0.0764  	0.02296  	0.00402  	0.02675  	-0.0972  	-0.0079  	-0.0394  	-0.0321  	0.01669  	-0.0371  	-0.0672  	0.01942  	0.00838  	-0.0354  	0.01360  	0.00149  	-0.0148  	0.07538  	-0.0116  	0.14880  	-0.0095  	0.03107  	0.00427  	-0.0398  	0.10221  	
-0.7881  	-0.1627  	-0.5344  	-1.9907  	-1.0470  	-1.4978  	0.31169  	0.04497  	0.06353  	0.39739  	0.47584  	-0.1715  	0.17945  	-0.3690  	-0.5832  	0.43959  	-0.1335  	-0.0098  	0.10832  	0.07623  	-0.1630  	0.31157  	-0.3297  	0.28069  	0.71390  	-0.3418  	0.12380  	-0.4478  	0.11803  	0.36208  	0.26877  	0.08771  	-0.2227  	0.00769  	0.15061  	0.08368  	0.25561  	0.11650  	-0.5888  	0.31782  	0.44334  	0.00710  	-0.0822  	0.41181  	0.00464  	-0.0809  	0.02715  	0.00117  	0.02836  	-0.0887  	-0.0117  	-0.0420  	-0.0255  	0.01870  	-0.0411  	-0.0660  	0.00958  	0.00127  	-0.0319  	0.01439  	0.00984  	-0.0076  	0.07570  	-0.0108  	0.14880  	-0.0095  	0.03107  	0.00427  	-0.0398  	0.10221  	
-0.7293  	-0.1428  	-0.5318  	-1.7091  	-0.8586  	-1.4932  	0.25163  	0.18206  	0.07809  	0.33255  	0.47891  	-0.0426  	0.16479  	-0.2558  	-0.3539  	0.49344  	-0.1312  	-0.0314  	0.12872  	0.09905  	-0.0241  	0.29792  	-0.3918  	0.38160  	0.71228  	-0.3517  	0.21132  	-0.5595  	0.04769  	0.38916  	0.23262  	0.10133  	-0.1897  	0.00631  	0.28096  	0.02665  	0.31505  	0.10607  	-0.6121  	0.33120  	0.32944  	0.03933  	-0.1365  	0.38471  	0.02238  	-0.0729  	0.02829  	-0.0220  	0.01898  	-0.0861  	0.00323  	-0.0512  	-0.0353  	0.01803  	-0.0426  	-0.0574  	0.02652  	0.00473  	-0.0317  	0.02795  	-0.0044  	-0.0107  	0.07313  	-0.0038  	0.14880  	-0.0095  	0.03107  	0.00427  	-0.0398  	0.10221  	
-0.3568  	0.02764  	-0.3429  	-1.4975  	-0.7906  	-1.4047  	0.32381  	0.24884  	0.10109  	0.36088  	0.26215  	-0.0803  	0.34126  	0.14246  	-0.0419  	0.44066  	-0.1367  	-0.1142  	0.08428  	0.00040  	0.03680  	0.34360  	-0.3578  	0.43395  	0.68949  	-0.3990  	0.27579  	-0.6865  	-0.0347  	0.44743  	0.22001  	0.12180  	-0.1902  	-0.0030  	0.39916  	-0.0296  	0.35911  	0.10871  	-0.6288  	0.34550  	0.31266  	0.04003  	-0.1158  	0.38710  	0.01115  	-0.0649  	0.01803  	0.00492  	0.03247  	-0.0969  	-0.0016  	-0.0497  	-0.0301  	0.00570  	-0.0447  	-0.0475  	0.01431  	-0.0048  	-0.0283  	0.02740  	0.00066  	-0.0002  	0.05400  	-0.0190  	0.14880  	-0.0095  	0.03107  	0.00427  	-0.0398  	0.10221  	
-0.2043  	0.06366  	-0.2497  	-1.4138  	-0.7813  	-1.1556  	0.33342  	0.30996  	0.13432  	0.26776  	0.21241  	-0.1670  	0.37764  	0.23325  	0.05039  	0.41836  	-0.1121  	-0.1647  	0.09822  	-0.0803  	0.15433  	0.36501  	-0.3180  	0.43863  	0.74075  	-0.4136  	0.41361  	-0.7836  	-0.0613  	0.44167  	0.21240  	0.11071  	-0.1822  	-0.0060  	0.45556  	-0.0622  	0.41516  	0.11222  	-0.6186  	0.32354  	0.27365  	0.04719  	-0.1231  	0.39723  	0.00974  	-0.0716  	0.00487  	0.02354  	0.05229  	-0.0753  	0.00776  	-0.0436  	-0.0307  	0.01507  	-0.0399  	-0.0357  	0.00979  	1.39631  	-0.0372  	0.02132  	-0.0043  	-0.0016  	0.06308  	-0.0176  	0.14880  	-0.0095  	0.03107  	0.00427  	-0.0398  	0.10221  	
-0.1811  	0.04302  	-0.2175  	-1.4637  	-0.8101  	-1.1795  	0.38291  	0.29399  	0.12030  	0.31011  	0.18478  	-0.2518  	0.36734  	0.20071  	0.03065  	0.39229  	-0.1109  	-0.1625  	0.08373  	-0.0521  	0.10301  	0.41950  	-0.3311  	0.44484  	0.86983  	-0.4149  	0.40112  	-0.7782  	0.00630  	0.47768  	0.22677  	0.09109  	-0.2146  	0.00146  	0.37924  	-0.0455  	0.40347  	0.11153  	-0.6123  	0.33731  	0.27073  	0.05512  	-0.1184  	0.41012  	-0.0032  	-0.0715  	0.00217  	0.03385  	0.04946  	-0.0905  	-0.0049  	-0.0469  	-0.0338  	0.01095  	-0.0438  	-0.0436  	0.00435  	-0.0031  	-0.0352  	0.02435  	-0.0006  	-0.0039  	0.06774  	-0.0197  	0.14880  	-0.0095  	0.03107  	0.00427  	-0.0398  	0.10221  	
-0.3382  	0.02313  	-0.3416  	-1.5522  	-0.8133  	-1.3504  	0.35747  	0.28158  	0.09914  	0.32988  	0.37217  	-0.2326  	0.30308  	0.07050  	-0.0940  	0.46207  	-0.1313  	-0.1588  	0.10273  	-0.0053  	0.17472  	0.40011  	-0.3494  	0.48804  	0.89863  	-0.4167  	0.44857  	-0.7888  	-0.0716  	0.44980  	0.20435  	0.12338  	-0.2126  	-0.0107  	0.47715  	-0.0298  	0.44800  	0.14166  	-0.6483  	0.32318  	0.25957  	0.05744  	-0.1256  	0.39614  	-0.0002  	-0.0740  	0.01280  	0.01314  	0.03869  	-0.0958  	-0.0098  	-0.0460  	-0.0355  	0.01721  	-0.0370  	-0.0436  	0.00785  	-0.0022  	-0.0326  	0.02551  	-0.0009  	-0.0057  	0.07416  	-0.0190  	0.14880  	-0.0095  	0.03107  	0.00427  	-0.0398  	0.10221  	
-0.3093  	0.00864  	-0.3066  	-1.4648  	-0.7776  	-1.2995  	0.32328  	0.28287  	0.11544  	0.31908  	0.42053  	-0.1291  	0.28162  	-0.0528  	-0.1625  	0.57025  	-0.1391  	-0.1350  	0.10485  	0.02243  	0.12661  	0.32869  	-0.3947  	0.42519  	0.85146  	-0.4001  	0.34365  	-0.7224  	-0.0194  	0.44330  	0.17551  	0.13698  	-0.2082  	-0.0193  	0.44311  	-0.0223  	0.39808  	0.15367  	-0.6163  	0.32260  	0.25510  	0.06074  	-0.1242  	0.38491  	0.01356  	-0.0751  	0.01609  	0.01273  	0.04340  	-0.0960  	-0.0001  	-0.0522  	-0.0339  	0.02007  	-0.0336  	-0.0456  	0.01282  	0.00056  	-0.0295  	0.02095  	-0.0050  	-0.0046  	0.07601  	-0.0199  	0.14880  	-0.0095  	0.03107  	0.00427  	-0.0398  	0.10221  	
-0.2842  	0.01882  	-0.2922  	-1.5440  	-0.8276  	-1.3537  	0.30739  	0.27922  	0.12942  	0.31856  	0.52202  	-0.0990  	0.25127  	-0.0407  	-0.2174  	0.61175  	-0.1664  	-0.1204  	0.11913  	0.03264  	0.21319  	0.30042  	-0.4184  	0.43572  	0.81505  	-0.4529  	0.38001  	-0.7304  	-0.1078  	0.41024  	0.18872  	0.14001  	-0.1879  	-0.0263  	0.48002  	-0.0334  	0.46281  	0.16622  	-0.6615  	0.31644  	0.26656  	0.05050  	-0.1315  	0.36892  	0.00827  	-0.0722  	0.01461  	0.00153  	0.04025  	-0.0837  	0.00712  	-0.0453  	-0.0337  	0.02130  	-0.0356  	-0.0484  	0.02178  	0.00176  	-0.0255  	0.02785  	-0.0053  	-0.0037  	0.08206  	-0.0216  	0.14880  	-0.0095  	0.03107  	0.00427  	-0.0398  	0.10221  	
-0.2524  	0.05217  	-0.2874  	-1.4925  	-0.8152  	-1.2783  	0.29290  	0.33062  	0.11634  	0.27349  	0.40428  	-0.0718  	0.30627  	0.10411  	-0.1165  	0.58775  	-0.1623  	-0.1090  	0.14745  	-0.0010  	0.18087  	0.29753  	-0.3716  	0.40015  	0.74515  	-0.4350  	0.33876  	-0.7371  	-0.0700  	0.42508  	0.19814  	0.13147  	-0.1853  	-0.0121  	0.44839  	-0.0394  	0.43782  	0.16090  	-0.6594  	0.27030  	0.27580  	0.04071  	-0.1280  	0.36979  	0.01474  	-0.0661  	0.01672  	0.00856  	0.03715  	-0.0831  	-0.0038  	-0.0457  	-0.0272  	0.02117  	-0.0395  	-0.0466  	0.00535  	0.00209  	-0.0284  	0.01960  	-0.0006  	-0.0037  	0.07169  	-0.0229  	0.14880  	-0.0095  	0.03107  	0.00427  	-0.0398  	0.10221  	
-0.2987  	0.02773  	-0.3954  	-1.2135  	-0.6579  	-1.2291  	0.32013  	0.27514  	0.09112  	0.27861  	0.15199  	-0.0997  	0.36922  	0.20712  	0.10282  	0.43977  	-0.1433  	-0.1404  	0.10191  	0.03598  	0.06251  	0.37087  	-0.4531  	0.35435  	0.90071  	-0.4401  	0.39047  	-0.6364  	0.08486  	0.52766  	0.15236  	0.09030  	-0.2076  	0.01556  	0.42901  	0.00565  	0.31110  	0.08584  	-0.5680  	0.34172  	0.22521  	0.07295  	-0.1426  	0.37304  	0.02884  	-0.0644  	0.00925  	0.01548  	0.04466  	-0.1020  	0.00572  	-0.0475  	-0.0281  	0.01234  	-0.0411  	-0.0373  	0.01462  	-0.0007  	-0.0271  	0.02081  	-0.0055  	-0.0135  	0.05914  	-0.0212  	0.14880  	-0.0095  	0.03107  	0.00427  	-0.0398  	0.10221  	
-0.3433  	0.00627  	-0.4439  	-1.1778  	-0.6666  	-1.1983  	0.30792  	0.27134  	0.09292  	0.29071  	0.12886  	-0.0908  	0.36894  	0.16245  	0.06719  	0.42726  	-0.1362  	-0.1357  	0.08857  	0.03293  	0.00661  	0.36845  	-0.4388  	0.34002  	0.87691  	-0.4277  	0.34591  	-0.6200  	0.11575  	0.52997  	0.16627  	0.08309  	-0.2113  	0.02636  	0.38846  	0.00403  	0.26208  	0.07123  	-0.5270  	0.32981  	0.23713  	0.06312  	-0.1418  	0.38262  	0.03284  	-0.0671  	0.00528  	0.01196  	0.04769  	-0.0963  	0.00284  	-0.0466  	-0.0258  	0.01230  	-0.0374  	-0.0413  	0.01187  	-0.0017  	-0.0272  	0.02308  	-0.0039  	-0.0076  	0.05982  	-0.0180  	0.14880  	-0.0095  	0.03107  	0.00427  	-0.0398  	0.10221  	
-0.3590  	-0.0094  	-0.3704  	-1.3947  	-0.7181  	-1.3324  	0.32172  	0.24460  	0.10061  	0.29021  	0.24957  	-0.1071  	0.30954  	0.04125  	-0.1267  	0.51553  	-0.1312  	-0.1038  	0.10169  	0.03343  	0.09143  	0.36643  	-0.4052  	0.41893  	0.81898  	-0.4256  	0.31977  	-0.6407  	0.03537  	0.43478  	0.17492  	0.09961  	-0.2016  	-0.0087  	0.38888  	-0.0061  	0.35229  	0.10343  	-0.6102  	0.34381  	0.28047  	0.06816  	-0.1326  	0.39281  	0.00428  	-0.0727  	0.01734  	0.01881  	0.04562  	-0.0962  	-0.0047  	-0.0453  	-0.0328  	0.01909  	-0.0416  	-0.0550  	0.01369  	-0.0008  	-0.0248  	0.02305  	-0.0069  	-0.0069  	0.06675  	-0.0138  	0.14880  	-0.0095  	0.03107  	0.00427  	-0.0398  	0.10221  	
-0.6789  	-0.1323  	-0.3874  	-1.8168  	-0.9505  	-1.4586  	0.28154  	0.08615  	0.07274  	0.31543  	0.50398  	-0.1923  	0.17071  	-0.3618  	-0.4827  	0.54345  	-0.1388  	-0.0678  	0.12529  	0.06124  	0.01554  	0.26637  	-0.3431  	0.42853  	0.71463  	-0.3861  	0.26346  	-0.6150  	0.03153  	0.37424  	0.20292  	0.12435  	-0.2348  	-0.0051  	0.32731  	0.08045  	0.34705  	0.12099  	-0.6703  	0.33516  	0.32728  	0.03896  	-0.1311  	0.39220  	0.00760  	-0.0783  	0.01448  	-0.0043  	0.02792  	-0.1003  	-0.0086  	-0.0464  	-0.0290  	0.01343  	-0.0460  	-0.0639  	0.02422  	0.00608  	-0.0177  	0.01475  	-0.0060  	-0.0118  	0.07753  	-0.0115  	0.14880  	-0.0095  	0.03107  	0.00427  	-0.0398  	0.10221  	
-0.4470  	-0.0203  	-0.3129  	-1.5214  	-0.7778  	-1.4007  	0.23544  	0.23420  	0.08477  	0.30805  	0.29441  	-0.0990  	0.30796  	-0.1853  	-0.1580  	0.45754  	-0.0250  	-0.2660  	0.21312  	-0.2117  	0.09851  	0.06373  	-0.6010  	0.41965  	0.72117  	-0.3043  	0.30181  	-0.7240  	0.05659  	0.40711  	0.32672  	0.07002  	-0.3022  	-0.1629  	0.29443  	-0.0137  	0.28072  	0.12183  	-0.7396  	0.26974  	0.35761  	0.17874  	-0.2466  	0.47408  	-0.0457  	-0.0481  	-0.0134  	0.02738  	0.00628  	-0.0981  	0.00807  	-0.0364  	-0.0288  	0.03631  	-0.0383  	-0.0491  	0.01534  	-0.0131  	-0.0251  	0.02922  	0.00702  	-0.0098  	0.05550  	-0.0206  	0.14880  	-0.0095  	0.03107  	0.00427  	-0.0398  	0.10221  	
-0.4234  	0.05805  	-0.3227  	-1.4406  	-0.7400  	-1.4598  	0.25292  	0.32964  	0.07711  	0.26791  	0.25979  	-0.0392  	0.39474  	-0.0486  	-0.0100  	0.34378  	0.02932  	-0.3755  	0.20856  	-0.3866  	0.12180  	-0.0818  	-0.8815  	0.33927  	0.63371  	-0.2043  	0.21135  	-0.7132  	0.21508  	0.39865  	0.42432  	0.00315  	-0.3400  	-0.2704  	0.21984  	-0.0478  	0.11839  	0.08577  	-0.7799  	0.19481  	0.44380  	0.28620  	-0.3197  	0.53964  	-0.0892  	-0.0331  	-0.0237  	0.05196  	-0.0042  	-0.1097  	0.01611  	-0.0400  	-0.0298  	0.04678  	-0.0386  	-0.0506  	0.01334  	-0.0219  	-0.0312  	0.02916  	0.00699  	-0.0085  	0.03729  	-0.0158  	0.14880  	-0.0095  	0.03107  	0.00427  	-0.0398  	0.10221  	
-0.3963  	0.04609  	-0.3870  	-1.1759  	-0.6123  	-1.3791  	0.23769  	0.34810  	0.07608  	0.24283  	0.21498  	0.01214  	0.45427  	-0.0126  	0.13639  	0.35808  	0.02670  	-0.4154  	0.24060  	-0.4192  	0.09223  	-0.0909  	-0.9817  	0.34061  	0.69314  	-0.2022  	0.21819  	-0.6840  	0.30066  	0.47511  	0.43125  	-0.0140  	-0.3914  	-0.3098  	0.21399  	-0.0595  	0.07018  	0.06645  	-0.7748  	0.17802  	0.42275  	0.30144  	-0.3627  	0.53166  	-0.0948  	-0.0299  	-0.0394  	0.03666  	0.01259  	-0.1268  	0.01967  	-0.0402  	-0.0252  	0.03815  	-0.0349  	-0.0471  	0.01296  	-0.0220  	-0.0264  	0.04094  	0.00750  	-0.0167  	0.03638  	-0.0123  	0.14880  	-0.0095  	0.03107  	0.00427  	-0.0398  	0.10221  	
-0.4256  	0.05078  	-0.3763  	-1.2555  	-0.6224  	-1.3823  	0.24482  	0.30215  	0.03763  	0.20996  	0.15157  	-0.0212  	0.42733  	-0.0217  	0.09090  	0.34679  	0.05989  	-0.3871  	0.24050  	-0.4582  	0.10991  	-0.0560  	-0.8659  	0.36705  	0.70182  	-0.2302  	0.29730  	-0.6906  	0.25442  	0.45411  	0.41286  	-0.0036  	-0.3761  	-0.2864  	0.23811  	-0.0618  	0.13349  	0.08221  	-0.7917  	0.23714  	0.40773  	0.28011  	-0.3378  	0.52661  	-0.0886  	-0.0340  	-0.0356  	0.04251  	0.00460  	-0.1110  	0.01831  	-0.0435  	-0.0305  	0.04301  	-0.0276  	-0.0464  	0.02034  	-0.0218  	-0.0231  	0.03880  	0.00555  	-0.0030  	0.03022  	-0.0140  	0.14880  	-0.0095  	0.03107  	0.00427  	-0.0398  	0.10221  	
-0.6841  	-0.0556  	-0.4085  	-1.8933  	-0.9640  	-1.5039  	0.27272  	0.16910  	0.05921  	0.32945  	0.53152  	-0.1709  	0.22288  	-0.3433  	-0.4958  	0.41950  	-0.0515  	-0.2210  	0.19323  	-0.1757  	0.07603  	0.05807  	-0.6302  	0.40744  	0.67911  	-0.2827  	0.21179  	-0.7156  	0.12002  	0.34847  	0.35899  	0.05331  	-0.3225  	-0.1650  	0.23239  	0.06568  	0.24620  	0.12918  	-0.7435  	0.26649  	0.43753  	0.15134  	-0.2317  	0.47955  	-0.0556  	-0.0608  	-0.0024  	0.02300  	0.01553  	-0.1001  	0.01181  	-0.0396  	-0.0282  	0.03471  	-0.0341  	-0.0632  	0.01010  	-0.0015  	-0.0253  	0.02333  	0.00221  	-0.0150  	0.05874  	-0.0153  	0.14880  	-0.0095  	0.03107  	0.00427  	-0.0398  	0.10221  	
-0.9909  	-0.1517  	-0.5951  	-2.2135  	-1.0931  	-1.7516  	0.34919  	-0.0276  	0.00204  	0.49414  	0.70084  	-0.2412  	0.13429  	-0.3607  	-0.6871  	0.40307  	-0.1262  	-0.0176  	0.12386  	0.04565  	0.00018  	0.26787  	-0.3763  	0.39295  	0.77630  	-0.4042  	0.23383  	-0.6579  	0.00615  	0.37513  	0.26899  	0.07393  	-0.2116  	0.01176  	0.27920  	0.10856  	0.30706  	0.10994  	-0.6290  	0.31915  	0.37054  	0.03169  	-0.1520  	0.38427  	0.03125  	-0.0727  	0.01791  	-0.0192  	0.02089  	-0.0821  	0.00399  	-0.0438  	-0.0332  	0.00961  	-0.0415  	-0.0578  	0.01886  	0.01389  	-0.0284  	0.01992  	0.00089  	-0.0096  	0.07888  	-0.0163  	0.14880  	-0.0095  	0.03107  	0.00427  	-0.0398  	0.10221  	
-1.2445  	-0.2148  	-0.6835  	-2.3464  	-1.1491  	-1.9335  	0.27526  	0.06249  	-0.0054  	0.46391  	0.86283  	-0.2519  	0.11630  	-0.3197  	-0.6663  	0.32981  	-0.0982  	-0.1075  	0.11282  	0.02789  	0.04050  	0.31556  	-0.2793  	0.45800  	0.67289  	-0.3512  	0.24288  	-0.6823  	-0.0727  	0.34398  	0.25959  	0.07462  	-0.2053  	-0.0072  	0.27400  	0.03661  	0.34725  	0.11110  	-0.6217  	0.28168  	0.34907  	0.06463  	-0.1789  	0.35890  	0.01812  	-0.0697  	0.02185  	-0.0236  	0.02373  	-0.0742  	-0.0140  	-0.0456  	-0.0311  	0.01391  	-0.0464  	-0.0686  	0.00128  	0.00584  	-0.0252  	0.01805  	0.01183  	0.00790  	0.06546  	-0.0147  	0.14880  	-0.0095  	0.03107  	0.00427  	-0.0398  	0.10221  	
-1.0882  	-0.1703  	-0.5951  	-2.0391  	-0.9655  	-1.8364  	0.27984  	0.15482  	0.04272  	0.37968  	0.85517  	-0.1585  	0.15256  	-0.2246  	-0.4851  	0.28359  	-0.1055  	-0.1103  	0.08990  	0.11911  	0.17657  	0.22301  	-0.3264  	0.47619  	0.58579  	-0.3458  	0.20884  	-0.6547  	-0.1297  	0.32438  	0.25996  	0.04518  	-0.1972  	0.01343  	0.34655  	-0.0557  	0.39179  	0.09022  	-0.6067  	0.25476  	0.31257  	0.05967  	-0.1774  	0.36004  	0.02198  	-0.0665  	0.02344  	-0.0270  	0.01749  	-0.0835  	-0.0079  	-0.0495  	-0.0425  	0.01666  	-0.0591  	-0.0570  	0.01178  	0.00506  	-0.0397  	0.01045  	0.00574  	0.00372  	0.06546  	-0.0192  	0.14880  	-0.0095  	0.03107  	0.00427  	-0.0398  	0.10221  	
-0.6357  	-0.0268  	-0.3789  	-1.6936  	-0.9059  	-1.5084  	0.26012  	0.32264  	0.08464  	0.25129  	0.48860  	0.04471  	0.27632  	0.08474  	-0.2102  	0.44744  	-0.0995  	-0.0568  	0.10697  	0.10490  	0.15290  	0.27517  	-0.3749  	0.46468  	0.60391  	-0.3626  	0.17771  	-0.6284  	-0.0620  	0.34813  	0.28067  	0.03915  	-0.1767  	-0.0104  	0.32247  	-0.0327  	0.28185  	0.10720  	-0.5743  	0.31224  	0.31308  	0.03923  	-0.1231  	0.37114  	0.01861  	-0.0745  	0.02488  	0.00317  	0.02666  	-0.0885  	-0.0098  	-0.0557  	-0.0433  	0.01032  	-0.0538  	-0.0642  	0.02201  	0.01191  	-0.0419  	0.00533  	0.00334  	-0.0033  	0.07403  	-0.0164  	0.14880  	-0.0095  	0.03107  	0.00427  	-0.0398  	0.10221  	
-0.4932  	0.01414  	-0.3413  	-1.4716  	-0.7860  	-1.2819  	0.29382  	0.30447  	0.11930  	0.21111  	0.31114  	-0.0125  	0.28969  	0.09755  	-0.0458  	0.51595  	-0.1223  	-0.1268  	0.11055  	0.06935  	0.10476  	0.34673  	-0.3647  	0.48550  	0.67206  	-0.3755  	0.30945  	-0.6672  	-0.0622  	0.38050  	0.23755  	0.10322  	-0.1648  	0.00184  	0.40929  	-0.0361  	0.34979  	0.13891  	-0.6466  	0.30434  	0.29387  	0.01876  	-0.1259  	0.41055  	0.00339  	-0.0763  	0.02042  	0.00864  	0.03467  	-0.0935  	-0.0049  	-0.0416  	-0.0301  	0.01665  	-0.0462  	-0.0564  	0.01651  	0.00382  	-0.0269  	0.01837  	-0.0001  	0.00108  	0.07490  	-0.0087  	0.14880  	-0.0095  	0.03107  	0.00427  	-0.0398  	0.10221  	
-0.3038  	0.07157  	-0.2366  	-1.4997  	-0.8161  	-1.2000  	0.28470  	0.31933  	0.15898  	0.22012  	0.31545  	-0.0325  	0.30310  	0.11491  	0.02120  	0.53371  	-0.0869  	-0.1835  	0.12634  	0.02877  	0.23240  	0.33255  	-0.2596  	0.46166  	0.62035  	-0.3935  	0.35237  	-0.7768  	-0.1575  	0.37692  	0.22052  	0.12164  	-0.1568  	-0.0168  	0.42742  	-0.0785  	0.46415  	0.15705  	-0.6594  	0.28515  	0.28561  	0.02947  	-0.1127  	0.40642  	0.01276  	-0.0711  	0.01697  	0.01674  	0.04003  	-0.0995  	-0.0187  	-0.0536  	-0.0289  	0.01653  	-0.0445  	-0.0398  	0.00690  	-0.0083  	-0.0364  	0.02012  	0.00519  	0.00078  	0.06715  	-0.0094  	0.14880  	-0.0095  	0.03107  	0.00427  	-0.0398  	0.10221  	
-0.1660  	0.05653  	-0.1346  	-1.6788  	-0.9671  	-1.3154  	0.28870  	0.35374  	0.17118  	0.31571  	0.57767  	-0.0706  	0.22971  	0.02348  	-0.2699  	0.71056  	-0.1331  	-0.1327  	0.13984  	-0.0186  	0.31312  	0.27542  	-0.2864  	0.44200  	0.70939  	-0.4100  	0.40852  	-0.8818  	-0.2494  	0.37623  	0.21579  	0.15965  	-0.1613  	-0.0050  	0.47271  	-0.0806  	0.54202  	0.19448  	-0.6837  	0.23330  	0.25719  	0.03343  	-0.1057  	0.39537  	0.01834  	-0.0699  	0.00613  	0.01477  	0.03842  	-0.0842  	-0.0079  	-0.0423  	-0.0218  	0.02066  	-0.0390  	-0.0408  	-0.0006  	-0.0005  	-0.0383  	0.02207  	-0.0014  	-0.0083  	0.07480  	-0.0169  	0.14880  	-0.0095  	0.03107  	0.00427  	-0.0398  	0.10221  	
-0.1281  	0.06259  	-0.0443  	-1.7018  	-1.0056  	-1.2773  	0.36649  	0.37377  	0.19778  	0.32317  	0.65313  	-0.0314  	0.21667  	-0.0010  	-0.3108  	0.67915  	-0.1323  	-0.1392  	0.14076  	0.01905  	0.35196  	0.29862  	-0.2742  	0.39084  	0.70580  	-0.4243  	0.31774  	-0.8354  	-0.2106  	0.33410  	0.20826  	0.14430  	-0.1539  	-0.0127  	0.40971  	-0.1020  	0.57587  	0.19269  	-0.6601  	0.23658  	0.29095  	0.02732  	-0.0888  	0.40762  	0.01728  	-0.0734  	0.00859  	0.02300  	0.05003  	-0.0832  	-0.0059  	-0.0457  	-0.0278  	0.02227  	-0.0424  	-0.0330  	0.00080  	-0.0018  	-0.0406  	0.02463  	0.00185  	-0.0061  	0.07434  	-0.0180  	0.14880  	-0.0095  	0.03107  	0.00427  	-0.0398  	0.10221  	
-0.3541  	-0.0041  	-0.1032  	-1.7893  	-1.0178  	-1.4204  	0.34487  	0.32216  	0.18552  	0.43882  	0.66617  	-0.1353  	0.22963  	0.08571  	-0.2976  	0.70567  	-0.1344  	-0.1283  	0.15164  	0.10965  	0.31081  	0.25441  	-0.4548  	0.41013  	0.85299  	-0.4421  	0.39494  	-0.8631  	-0.1593  	0.38345  	0.20709  	0.16286  	-0.1737  	-0.0075  	0.44393  	-0.0057  	0.49607  	0.16105  	-0.6351  	0.28702  	0.26729  	0.04162  	-0.1265  	0.40483  	0.01766  	-0.0773  	0.01439  	0.01333  	0.04686  	-0.0935  	0.00763  	-0.0442  	-0.0286  	0.02621  	-0.0345  	-0.0485  	0.00138  	0.00477  	-0.0337  	0.03278  	0.00349  	-0.0165  	0.06963  	-0.0145  	0.14880  	-0.0095  	0.03107  	0.00427  	-0.0398  	0.10221  	
-0.5584  	-0.0847  	-0.4813  	-1.2259  	-0.6455  	-1.3850  	0.31686  	0.18525  	0.09688  	0.32955  	0.32000  	0.03895  	0.25516  	0.06623  	-0.0484  	0.59822  	-0.1182  	-0.1276  	0.11236  	0.10658  	0.02066  	0.34167  	-0.4396  	0.49452  	0.78560  	-0.3967  	0.37342  	-0.6163  	-0.0234  	0.45986  	0.16717  	0.10087  	-0.2343  	0.00796  	0.44903  	0.00569  	0.34373  	0.12335  	-0.6549  	0.33011  	0.22776  	0.06688  	-0.1877  	0.40031  	0.02644  	-0.0820  	0.02276  	-0.0123  	0.02963  	-0.0919  	0.00060  	-0.0522  	-0.0331  	0.02719  	-0.0410  	-0.0554  	0.02313  	0.01432  	-0.0244  	0.01517  	-0.0110  	-0.0038  	0.05350  	-0.0194  	0.14880  	-0.0095  	0.03107  	0.00427  	-0.0398  	0.10221  	
-0.4490  	0.01095  	-0.4756  	-1.2077  	-0.5848  	-1.2870  	0.28952  	0.16158  	0.08574  	0.21995  	0.12114  	-0.0814  	0.31372  	0.14516  	0.09268  	0.47856  	-0.1145  	-0.1094  	0.07329  	0.07337  	-0.0317  	0.35569  	-0.4699  	0.38527  	0.87264  	-0.3942  	0.30785  	-0.5078  	0.13601  	0.52532  	0.19206  	0.06203  	-0.1970  	0.03936  	0.41077  	0.00812  	0.25121  	0.08028  	-0.5802  	0.35045  	0.21392  	0.03711  	-0.1358  	0.37266  	0.02701  	-0.0739  	0.02497  	0.00036  	0.03147  	-0.0964  	0.00556  	-0.0573  	-0.0321  	0.00945  	-0.0398  	-0.0469  	0.01538  	0.00337  	-0.0293  	0.02536  	-0.0055  	-0.0160  	0.07540  	-0.0166  	0.14880  	-0.0095  	0.03107  	0.00427  	-0.0398  	0.10221  	
-0.4723  	0.00796  	-0.4437  	-1.4902  	-0.7248  	-1.4278  	0.35032  	0.16926  	0.12348  	0.33719  	0.18673  	-0.1522  	0.33460  	0.03483  	-0.0988  	0.48036  	-0.1404  	-0.0248  	0.10758  	0.05486  	-0.0984  	0.34580  	-0.4490  	0.30406  	0.83716  	-0.3840  	0.17241  	-0.5216  	0.19198  	0.45578  	0.24313  	0.04641  	-0.1857  	0.02137  	0.32461  	0.03652  	0.22857  	0.07504  	-0.5477  	0.41551  	0.30418  	0.00450  	-0.1110  	0.39347  	0.00534  	-0.0804  	0.01902  	0.01380  	0.03564  	-0.1021  	0.01889  	-0.0562  	-0.0330  	0.01126  	-0.0327  	-0.0517  	0.01496  	-0.0022  	-0.0319  	0.03079  	-0.0069  	-0.0069  	0.07489  	-0.0082  	0.14880  	-0.0095  	0.03107  	0.00427  	-0.0398  	0.10221  	
-0.7248  	-0.1190  	-0.5479  	-2.0523  	-0.9921  	-1.6083  	0.33215  	0.07589  	0.06711  	0.42243  	0.53427  	-0.2222  	0.20462  	-0.2133  	-0.4549  	0.36223  	-0.1168  	0.00565  	0.07555  	0.13754  	-0.0334  	0.27848  	-0.4224  	0.37166  	0.83323  	-0.3750  	0.19736  	-0.5608  	0.01029  	0.39702  	0.27032  	0.07592  	-0.1890  	0.00236  	0.27537  	0.05455  	0.31327  	0.09744  	-0.6121  	0.33874  	0.31084  	0.04001  	-0.1333  	0.38143  	0.02522  	-0.0763  	0.02460  	-0.0122  	0.01853  	-0.0883  	0.01384  	-0.0442  	-0.0330  	0.01880  	-0.0465  	-0.0615  	0.01573  	0.00203  	-0.0334  	0.01792  	-0.0117  	-0.0088  	0.07214  	-0.0031  	0.14880  	-0.0095  	0.03107  	0.00427  	-0.0398  	0.10221  	
-1.0164  	-0.1669  	-0.6244  	-2.2397  	-1.1059  	-1.7770  	0.27249  	0.08670  	0.05016  	0.46307  	0.77782  	-0.2167  	0.11277  	-0.3257  	-0.5340  	0.34799  	-0.1007  	-0.0757  	0.11223  	0.05484  	0.10420  	0.27957  	-0.3094  	0.40177  	0.72849  	-0.3641  	0.25407  	-0.7047  	-0.0765  	0.35809  	0.25771  	0.07862  	-0.1757  	-0.0096  	0.33229  	0.03727  	0.39826  	0.10737  	-0.6529  	0.28882  	0.35344  	0.06133  	-0.1587  	0.37397  	0.03838  	-0.0695  	0.02935  	-0.0426  	0.01506  	-0.0762  	-0.0063  	-0.0403  	-0.0273  	0.02496  	-0.0418  	-0.0631  	0.00744  	0.00068  	-0.0337  	0.02492  	-0.0021  	0.00403  	0.06487  	-0.0108  	0.14880  	-0.0095  	0.03107  	0.00427  	-0.0398  	0.10221  	
-0.8745  	-0.1358  	-0.4987  	-2.1094  	-1.0740  	-1.6708  	0.27989  	0.04347  	0.05198  	0.37410  	0.70784  	-0.2076  	0.14273  	-0.2978  	-0.5434  	0.43615  	-0.0940  	-0.0909  	0.13670  	-0.0091  	0.01403  	0.26816  	-0.2627  	0.37034  	0.69271  	-0.3270  	0.23535  	-0.6383  	-0.0340  	0.37973  	0.29183  	0.08561  	-0.2042  	0.00633  	0.26521  	0.06090  	0.38766  	0.11871  	-0.6507  	0.26310  	0.39197  	0.04836  	-0.1230  	0.38487  	0.01949  	-0.0858  	0.02050  	-0.0204  	0.00699  	-0.0793  	-0.0018  	-0.0478  	-0.0328  	0.01947  	-0.0402  	-0.0546  	0.01307  	0.00187  	-0.0393  	0.02151  	0.00955  	0.00027  	0.07895  	-0.0048  	0.14880  	-0.0095  	0.03107  	0.00427  	-0.0398  	0.10221  	
-0.6282  	-0.0691  	-0.3861  	-1.9498  	-1.0085  	-1.5174  	0.25697  	0.15534  	0.08437  	0.43902  	0.59277  	-0.1411  	0.14828  	-0.3374  	-0.6082  	0.52745  	-0.1295  	-0.0565  	0.13453  	0.07936  	-0.0006  	0.25853  	-0.2942  	0.30848  	0.66330  	-0.3499  	0.15357  	-0.5732  	0.00054  	0.35255  	0.24766  	0.09071  	-0.1991  	-0.0021  	0.27531  	0.05536  	0.39267  	0.13750  	-0.6323  	0.29073  	0.38847  	0.01516  	-0.0956  	0.40796  	0.01942  	-0.0777  	0.02650  	-0.0002  	0.03062  	-0.0931  	-0.0018  	-0.0470  	-0.0334  	0.01979  	-0.0349  	-0.0631  	0.01617  	0.00280  	-0.0350  	0.01461  	-0.0016  	-0.0162  	0.08675  	-0.0015  	0.14880  	-0.0095  	0.03107  	0.00427  	-0.0398  	0.10221  	
-0.5854  	-0.0311  	-0.3247  	-1.8706  	-0.9916  	-1.5037  	0.24428  	0.15203  	0.08006  	0.50253  	0.67319  	-0.0681  	0.12328  	-0.3198  	-0.6165  	0.61589  	-0.1685  	-0.0309  	0.12242  	0.11378  	0.00450  	0.25518  	-0.3731  	0.30476  	0.66195  	-0.3754  	0.15030  	-0.5780  	0.01277  	0.36652  	0.21584  	0.11836  	-0.1958  	0.00610  	0.31453  	0.08545  	0.36138  	0.13748  	-0.6189  	0.30573  	0.36763  	0.01940  	-0.1009  	0.39318  	0.00435  	-0.0786  	0.02487  	0.00360  	0.03384  	-0.0948  	0.00585  	-0.0519  	-0.0252  	0.01786  	-0.0384  	-0.0575  	0.01852  	0.00146  	-0.0369  	0.01457  	-0.0041  	-0.0107  	0.07821  	-0.0107  	0.14880  	-0.0095  	0.03107  	0.00427  	-0.0398  	0.10221  	
-0.6194  	-0.0655  	-0.3325  	-1.9473  	-1.0487  	-1.4948  	0.26990  	0.11147  	0.07494  	0.48568  	0.66390  	-0.1380  	0.11577  	-0.3441  	-0.6656  	0.63142  	-0.1647  	-0.0252  	0.12864  	0.10860  	-0.0293  	0.23028  	-0.3964  	0.30498  	0.66963  	-0.3782  	0.14838  	-0.5514  	0.01076  	0.35355  	0.22346  	0.11786  	-0.2004  	-0.0031  	0.32414  	0.11657  	0.34482  	0.12361  	-0.6181  	0.31561  	0.36609  	0.03857  	-0.1039  	0.37992  	0.01188  	-0.0734  	0.02008  	-0.0044  	0.03565  	-0.0795  	0.00224  	-0.0506  	-0.0284  	0.01568  	-0.0359  	-0.0561  	0.01763  	0.00109  	-0.0395  	0.01492  	-0.0045  	-0.0067  	0.07848  	-0.0082  	0.14880  	-0.0095  	0.03107  	0.00427  	-0.0398  	0.10221  	
-0.7311  	-0.0898  	-0.4583  	-1.9514  	-1.0479  	-1.6030  	0.26931  	0.05283  	0.01971  	0.50384  	0.57554  	-0.1553  	0.12537  	-0.3348  	-0.6447  	0.54704  	-0.1800  	-0.0163  	0.10881  	0.08957  	-0.0713  	0.25663  	-0.3741  	0.29910  	0.67925  	-0.3457  	0.14715  	-0.5135  	0.07012  	0.36825  	0.24589  	0.12330  	-0.2077  	0.00775  	0.31652  	0.14630  	0.29284  	0.11496  	-0.6036  	0.33222  	0.38239  	0.03759  	-0.0956  	0.39635  	0.02088  	-0.0828  	0.02316  	-0.0209  	0.02728  	-0.0951  	0.00267  	-0.0486  	-0.0282  	0.02087  	-0.0335  	-0.0624  	0.01698  	0.00399  	-0.0299  	0.01710  	-0.0037  	-0.0026  	0.07670  	-0.0077  	0.14880  	-0.0095  	0.03107  	0.00427  	-0.0398  	0.10221  	
-1.0033  	-0.1010  	-0.6060  	-2.1354  	-1.0739  	-1.7750  	0.28428  	0.00017  	0.02513  	0.51442  	0.57032  	-0.1811  	0.10710  	-0.3093  	-0.5884  	0.43749  	-0.1190  	-0.0378  	0.10191  	0.00262  	-0.0861  	0.30023  	-0.2863  	0.32013  	0.76816  	-0.3525  	0.23073  	-0.6014  	0.05807  	0.40716  	0.26645  	0.09756  	-0.2403  	0.00119  	0.28365  	0.13912  	0.31270  	0.08371  	-0.6122  	0.30755  	0.36491  	0.03714  	-0.1304  	0.37284  	0.03147  	-0.0760  	0.01807  	-0.0159  	0.01077  	-0.0854  	-0.0116  	-0.0410  	-0.0255  	0.02084  	-0.0338  	-0.0651  	0.00980  	0.00162  	-0.0319  	0.01715  	0.00350  	-0.0005  	0.08052  	-0.0054  	0.14880  	-0.0095  	0.03107  	0.00427  	-0.0398  	0.10221  	
-1.0153  	-0.1694  	-0.6086  	-2.0913  	-1.0555  	-1.7787  	0.29996  	0.05799  	0.03939  	0.45280  	0.66619  	-0.2046  	0.13150  	-0.2986  	-0.5372  	0.37936  	-0.1265  	-0.0385  	0.10194  	0.02147  	-0.0531  	0.25969  	-0.2985  	0.35734  	0.70356  	-0.3585  	0.16537  	-0.5870  	0.05826  	0.37267  	0.26672  	0.07819  	-0.2247  	-0.0022  	0.28762  	0.07856  	0.33725  	0.11543  	-0.6205  	0.29792  	0.38352  	0.04364  	-0.1177  	0.38327  	0.01252  	-0.0712  	0.02556  	-0.0220  	0.01232  	-0.0889  	-0.0083  	-0.0417  	-0.0282  	0.01887  	-0.0426  	-0.0597  	0.01443  	0.00389  	-0.0357  	0.01692  	0.00864  	1.18486  	0.07718  	-0.0073  	0.14880  	-0.0095  	0.03107  	0.00427  	-0.0398  	0.10221  	
-0.9890  	-0.1411  	-0.6348  	-2.0175  	-0.9935  	-1.7182  	0.28564  	0.08245  	0.04395  	0.42922  	0.59915  	-0.1470  	0.12299  	-0.3544  	-0.5506  	0.43254  	-0.1364  	-0.0072  	0.11497  	0.03717  	-0.0625  	0.26809  	-0.3055  	0.29854  	0.66502  	-0.3531  	0.15190  	-0.5255  	0.07407  	0.37046  	0.26260  	0.07260  	-0.2292  	0.00133  	0.23434  	0.07064  	0.31103  	0.10549  	-0.6006  	0.30112  	0.39096  	0.03049  	-0.1202  	0.39047  	0.01635  	-0.0745  	0.02418  	-0.0203  	0.01494  	-0.0919  	-0.0084  	-0.0450  	-0.0265  	0.01238  	-0.0410  	-0.0568  	0.01261  	0.00238  	-0.0313  	0.01446  	0.00788  	-0.0077  	0.07513  	-0.0116  	0.14880  	-0.0095  	0.03107  	0.00427  	-0.0398  	0.10221  	
-0.9462  	-0.1406  	-0.6030  	-2.0094  	-0.9980  	-1.6910  	0.27659  	0.10639  	0.05675  	0.44793  	0.60849  	-0.1059  	0.13617  	-0.3301  	-0.5597  	0.44459  	-0.1355  	-0.0072  	0.11327  	0.07891  	-0.0506  	0.27283  	-0.3064  	0.29368  	0.63379  	-0.3506  	0.10531  	-0.5076  	0.08313  	0.35493  	0.26311  	0.06930  	-0.2192  	0.00901  	0.23242  	0.05216  	0.28780  	0.11285  	-0.5939  	0.28227  	0.38769  	0.02589  	-0.1134  	0.39387  	0.01815  	-0.0762  	0.02729  	-0.0136  	0.02839  	-0.0956  	-0.0065  	-0.0457  	-0.0265  	0.01338  	-0.0356  	-0.0633  	0.01476  	0.00543  	-0.0311  	0.01235  	0.00322  	-0.0077  	0.07604  	-0.0092  	0.14880  	-0.0095  	0.03107  	0.00427  	-0.0398  	0.10221  	
-0.8472  	-0.1115  	-0.5498  	-1.9251  	-0.9703  	-1.6473  	0.26403  	0.12633  	0.06549  	0.40281  	0.55882  	-0.0910  	0.15964  	-0.2573  	-0.4625  	0.45324  	-0.1121  	-0.0204  	0.10887  	0.07158  	-0.0230  	0.27822  	-0.3092  	0.30265  	0.62198  	-0.3477  	0.10632  	-0.5284  	0.07006  	0.35290  	0.27312  	0.07406  	-0.1970  	0.01200  	0.24843  	0.01873  	0.29975  	0.11471  	-0.6024  	0.29536  	0.39032  	0.02272  	-0.1047  	0.39340  	0.01558  	-0.0740  	0.02933  	-0.0171  	0.02440  	-0.0884  	-0.0044  	-0.0448  	-0.0291  	0.01600  	-0.0388  	-0.0613  	0.01279  	0.00332  	-0.0337  	0.01946  	0.00206  	-0.0028  	0.07422  	-0.0097  	0.14880  	-0.0095  	0.03107  	0.00427  	-0.0398  	0.10221  	
-0.7342  	-0.0502  	-0.4641  	-1.8402  	-0.9412  	-1.5653  	0.26541  	0.17179  	0.09879  	0.36529  	0.54606  	-0.0762  	0.18918  	-0.1426  	-0.3972  	0.47268  	-0.1234  	-0.0618  	0.09808  	0.06686  	0.04097  	0.28142  	-0.3131  	0.31335  	0.60025  	-0.3502  	0.11477  	-0.5475  	0.02112  	0.35130  	0.26214  	0.07513  	-0.1579  	0.02351  	0.29852  	-0.0127  	0.34866  	0.12336  	-0.6214  	0.27699  	0.38771  	0.02638  	-0.1157  	0.38994  	0.01014  	-0.0619  	0.02802  	-0.0140  	0.01066  	-0.0848  	-0.0120  	-0.0458  	-0.0275  	0.01467  	-0.0427  	-0.0596  	0.01153  	0.00240  	-0.0347  	0.01825  	0.00693  	-0.0054  	0.06730  	-0.0099  	0.14880  	-0.0095  	0.03107  	0.00427  	-0.0398  	0.10221  	
-0.5255  	0.02695  	-0.3455  	-1.7208  	-0.9648  	-1.4440  	0.27890  	0.25936  	0.11353  	0.30043  	0.56842  	-0.1019  	0.20603  	-0.0230  	-0.2412  	0.51526  	-0.1386  	-0.1137  	0.09216  	0.04452  	0.22003  	0.28417  	-0.3098  	0.36683  	0.62006  	-0.3734  	0.21899  	-0.6998  	-0.1203  	0.34142  	0.25019  	0.09337  	-0.1649  	0.00489  	0.40458  	-0.0822  	0.44795  	0.16668  	-0.6836  	0.26838  	0.34383  	0.03249  	-0.1272  	0.38207  	0.01028  	-0.0669  	0.03125  	-0.0216  	0.01131  	-0.0778  	-0.0140  	-0.0424  	-0.0253  	0.01853  	-0.0445  	-0.0593  	0.00718  	-0.0011  	-0.0354  	0.01473  	0.00359  	0.00143  	0.07267  	-0.0122  	0.14880  	-0.0095  	0.03107  	0.00427  	-0.0398  	0.10221  	
-0.2965  	0.09905  	-0.2197  	-1.6512  	-0.9743  	-1.3076  	0.29243  	0.34568  	0.18528  	0.23628  	0.61789  	-0.0932  	0.22438  	0.05970  	-0.1701  	0.58185  	-0.1204  	-0.1746  	0.10087  	-0.0651  	0.37956  	0.30758  	-0.2418  	0.45022  	0.60385  	-0.3937  	0.33705  	-0.8943  	-0.2833  	0.34211  	0.22617  	0.14397  	-0.1580  	-0.0153  	0.48642  	-0.1314  	0.56584  	0.20426  	-0.7350  	0.22439  	0.30250  	0.02398  	-0.1273  	0.38558  	0.00439  	-0.0673  	0.02093  	-0.0090  	0.02196  	-0.0742  	-0.0144  	-0.0445  	-0.0231  	0.02294  	-0.0463  	-0.0431  	0.00202  	0.00203  	-0.0347  	0.01856  	0.00675  	0.00526  	0.06513  	-0.0185  	0.14880  	-0.0095  	0.03107  	0.00427  	-0.0398  	0.10221  	
-0.2341  	0.09670  	-0.1793  	-1.6438  	-0.9882  	-1.2566  	0.30095  	0.37800  	0.19911  	0.20619  	0.61262  	-0.0831  	0.22906  	0.08481  	-0.1037  	0.60582  	-0.1018  	-0.1900  	0.11744  	-0.0900  	0.39602  	0.32330  	-0.2131  	0.49003  	0.63348  	-0.4014  	0.39452  	-0.9408  	-0.3160  	0.35563  	0.22739  	0.15321  	-0.1625  	-0.0158  	0.50777  	-0.1362  	0.61066  	0.21565  	-0.7353  	0.21391  	0.27967  	0.03190  	-0.1176  	0.37833  	0.00418  	-0.0694  	0.02026  	0.00203  	0.02938  	-0.0815  	-0.0190  	-0.0413  	-0.0257  	0.02617  	-0.0442  	-0.0409  	0.00169  	0.00316  	-0.0379  	0.02458  	0.00486  	-0.0013  	0.06858  	-0.0141  	0.14880  	-0.0095  	0.03107  	0.00427  	-0.0398  	0.10221  	
-0.2267  	0.08625  	-0.1756  	-1.6326  	-0.9796  	-1.2371  	0.29984  	0.38866  	0.20207  	0.21220  	0.61506  	-0.0837  	0.23494  	0.08017  	-0.1099  	0.61691  	-0.0921  	-0.1947  	0.11380  	-0.0917  	0.39276  	0.31951  	-0.2083  	0.50066  	0.62922  	-0.4038  	0.40493  	-0.9454  	-0.3255  	0.35881  	0.22452  	0.15845  	-0.1630  	-0.0134  	0.50848  	-0.1374  	0.61362  	0.22108  	-0.7290  	0.21165  	0.27038  	0.03151  	-0.1194  	0.38069  	0.00405  	-0.0685  	0.01793  	0.00020  	0.02983  	-0.0857  	-0.0175  	-0.0402  	-0.0243  	0.02607  	-0.0436  	-0.0414  	0.00138  	0.00354  	-0.0377  	0.02522  	0.00588  	-0.0018  	0.07136  	-0.0122  	0.14880  	-0.0095  	0.03107  	0.00427  	-0.0398  	0.10221  	
-0.2267  	0.08625  	-0.1756  	-1.6326  	-0.9796  	-1.2371  	0.29984  	0.38866  	0.20207  	0.21220  	0.61506  	-0.0837  	0.23494  	0.08017  	-0.1099  	0.61691  	-0.0921  	-0.1947  	0.11380  	-0.0917  	0.39276  	0.31951  	-0.2083  	0.50066  	0.62922  	-0.4038  	0.40493  	-0.9454  	-0.3255  	0.35881  	0.22452  	0.15845  	-0.1630  	-0.0134  	0.50848  	-0.1374  	0.61362  	0.22108  	-0.7290  	0.21165  	0.27038  	0.03151  	-0.1194  	0.38069  	0.00405  	-0.0685  	0.01793  	0.00020  	0.02983  	-0.0857  	-0.0175  	-0.0402  	-0.0243  	0.02607  	-0.0436  	-0.0414  	0.00138  	0.00354  	-0.0377  	0.02522  	0.00588  	-0.0018  	0.07136  	-0.0122  	0.14880  	-0.0095  	0.03107  	0.00427  	-0.0398  	0.10221  	
-0.2255  	0.08614  	-0.1750  	-1.6318  	-0.9794  	-1.2364  	0.30081  	0.38926  	0.20269  	0.21247  	0.61504  	-0.0828  	0.23526  	0.08087  	-0.1098  	0.61747  	-0.0923  	-0.1946  	0.11377  	-0.0909  	0.39332  	0.31992  	-0.2078  	0.50088  	0.62967  	-0.4036  	0.40522  	-0.9450  	-0.3249  	0.35879  	0.22450  	0.15827  	-0.1627  	-0.0134  	0.50765  	-0.1373  	0.61368  	0.22102  	-0.7288  	0.21178  	0.27008  	0.03168  	-0.1191  	0.38079  	0.00425  	-0.0685  	0.01803  	0.00033  	0.02994  	-0.0858  	-0.0177  	-0.0403  	-0.0244  	0.02603  	-0.0436  	-0.0414  	0.00130  	0.00361  	-0.0378  	0.02517  	0.00588  	-0.0017  	0.07148  	-0.0121  	0.14880  	-0.0095  	0.03107  	0.00427  	-0.0398  	0.10221  	
-0.2275  	0.08587  	-0.1740  	-1.6335  	-0.9805  	-1.2392  	0.30025  	0.38858  	0.20266  	0.21386  	0.61734  	-0.0835  	0.23415  	0.07982  	-0.1129  	0.61648  	-0.0924  	-0.1941  	0.11323  	-0.0913  	0.39268  	0.31880  	-0.2082  	0.49965  	0.62874  	-0.4035  	0.40410  	-0.9431  	-0.3242  	0.35804  	0.22432  	0.15841  	-0.1624  	-0.0136  	0.50740  	-0.1374  	0.61384  	0.22090  	-0.7291  	0.21115  	0.27116  	0.03132  	-0.1189  	0.38071  	0.00413  	-0.0688  	0.01799  	0.00036  	0.02974  	-0.0856  	-0.0176  	-0.0401  	-0.0244  	0.02604  	-0.0435  	-0.0414  	0.00139  	0.00337  	-0.0374  	0.02531  	0.00603  	-0.0019  	0.07117  	-0.0121  	0.14880  	-0.0095  	0.03107  	0.00427  	-0.0398  	0.10221  	
-0.2281  	0.08632  	-0.1773  	-1.6322  	-0.9798  	-1.2380  	0.29889  	0.38832  	0.20202  	0.21169  	0.61470  	-0.0843  	0.23441  	0.07935  	-0.1093  	0.61643  	-0.0916  	-0.1952  	0.11328  	-0.0926  	0.39240  	0.31971  	-0.2083  	0.50032  	0.62828  	-0.4036  	0.40362  	-0.9456  	-0.3260  	0.35836  	0.22487  	0.15832  	-0.1626  	-0.0134  	0.50855  	-0.1383  	0.61365  	0.22111  	-0.7291  	0.21068  	0.27130  	0.03105  	-0.1194  	0.38069  	0.00384  	-0.0685  	0.01793  	-0.0002  	0.02964  	-0.0857  	-0.0176  	-0.0401  	-0.0243  	0.02607  	-0.0438  	-0.0414  	0.00133  	0.00349  	-0.0375  	0.02516  	0.00600  	-0.0016  	0.07121  	-0.0123  	0.14880  	-0.0095  	0.03107  	0.00427  	-0.0398  	0.10221  	
-0.2289  	0.08663  	-0.1803  	-1.6315  	-0.9786  	-1.2381  	0.29969  	0.38630  	0.20014  	0.21112  	0.61475  	-0.0863  	0.23331  	0.07824  	-0.1061  	0.61449  	-0.0909  	-0.1951  	0.11257  	-0.0919  	0.39068  	0.32002  	-0.2083  	0.50194  	0.63007  	-0.4033  	0.40359  	-0.9453  	-0.3251  	0.35853  	0.22493  	0.15753  	-0.1633  	-0.0136  	0.50937  	-0.1382  	0.61229  	0.22046  	-0.7292  	0.21155  	0.26991  	0.03135  	-0.1201  	0.38041  	0.00377  	-0.0684  	0.01799  	-0.0004  	0.02935  	-0.0856  	-0.0174  	-0.0400  	-0.0245  	0.02578  	-0.0439  	-0.0416  	0.00156  	0.00357  	-0.0378  	0.02479  	0.00568  	-0.0014  	0.07118  	-0.0123  	0.14880  	-0.0095  	0.03107  	0.00427  	-0.0398  	0.10221  	
-0.2325  	0.08583  	-0.1723  	-1.6439  	-0.9733  	-1.2561  	0.30225  	0.37603  	0.18824  	0.22229  	0.62593  	-0.0901  	0.23036  	0.07532  	-0.1368  	0.61871  	-0.1028  	-0.1781  	0.11138  	-0.0851  	0.39215  	0.31298  	-0.2197  	0.50185  	0.62683  	-0.4052  	0.40655  	-0.9383  	-0.3215  	0.35122  	0.22358  	0.15984  	-0.1546  	-0.0150  	0.51253  	-0.1306  	0.61498  	0.21565  	-0.7362  	0.21031  	0.27477  	0.03351  	-0.1206  	0.37892  	0.00256  	-0.0684  	0.01916  	0.00126  	0.02885  	-0.0837  	-0.0179  	-0.0407  	-0.0244  	0.02626  	-0.0420  	-0.0415  	0.00236  	0.00231  	-0.0373  	0.02426  	0.00716  	-0.0033  	0.07105  	-0.0139  	0.14880  	-0.0095  	0.03107  	0.00427  	-0.0398  	0.10221  	
-0.2176  	0.08278  	-0.1669  	-1.6144  	-0.9477  	-1.2354  	0.31886  	0.36770  	0.19351  	0.24800  	0.61386  	-0.0868  	0.23954  	0.07125  	-0.1651  	0.63276  	-0.1102  	-0.1717  	0.11016  	-0.0434  	0.36390  	0.30999  	-0.2487  	0.48652  	0.65187  	-0.3994  	0.38306  	-0.8917  	-0.2757  	0.35422  	0.22127  	0.15503  	-0.1418  	-0.0096  	0.48871  	-0.1020  	0.58022  	0.20440  	-0.7136  	0.21950  	0.27346  	0.03366  	-0.1126  	0.38320  	0.00711  	-0.0683  	0.02048  	0.00340  	0.03102  	-0.0856  	-0.0151  	-0.0421  	-0.0240  	0.02410  	-0.0403  	-0.0435  	0.00406  	0.00078  	-0.0382  	0.02316  	0.00724  	-0.0058  	0.07455  	-0.0138  	0.14880  	-0.0095  	0.03107  	0.00427  	-0.0398  	0.10221  	
-0.2116  	0.06928  	-0.1218  	-1.6431  	-0.9613  	-1.2209  	0.32588  	0.37402  	0.18881  	0.27943  	0.56418  	-0.1360  	0.24383  	0.08012  	-0.1912  	0.63156  	-0.0911  	-0.1746  	0.11194  	-0.0730  	0.34981  	0.32032  	-0.2420  	0.49212  	0.69277  	-0.4065  	0.41717  	-0.8979  	-0.2598  	0.36863  	0.22239  	0.15924  	-0.1629  	-0.0125  	0.48994  	-0.0962  	0.57249  	0.20385  	-0.7051  	0.22533  	0.26355  	0.02874  	-0.1009  	0.39026  	0.00809  	-0.0714  	0.01803  	0.01235  	0.03680  	-0.0885  	-0.0111  	-0.0418  	-0.0267  	0.02158  	-0.0386  	-0.0410  	0.00341  	-0.0023  	-0.0381  	0.02760  	0.00799  	-0.0067  	0.07732  	-0.0108  	0.14880  	-0.0095  	0.03107  	0.00427  	-0.0398  	0.10221  	
-0.3054  	0.04457  	-0.2064  	-1.7079  	-0.9721  	-1.3140  	0.32766  	0.35032  	0.17321  	0.31658  	0.55559  	-0.1520  	0.26032  	0.06431  	-0.2262  	0.55525  	-0.1095  	-0.1573  	0.11569  	-0.0054  	0.29776  	0.30512  	-0.2777  	0.46188  	0.72884  	-0.4130  	0.38006  	-0.8313  	-0.1933  	0.36728  	0.21545  	0.14313  	-0.1738  	-0.0236  	0.47139  	-0.0685  	0.54089  	0.19055  	-0.6769  	0.24067  	0.29622  	0.03011  	-0.1060  	0.39542  	0.01178  	-0.0699  	0.01995  	0.00762  	0.03716  	-0.0843  	-0.0072  	-0.0435  	-0.0276  	0.02281  	-0.0376  	-0.0455  	0.00577  	-0.0037  	-0.0336  	0.02774  	0.00299  	-0.0100  	0.07146  	-0.0144  	0.14880  	-0.0095  	0.03107  	0.00427  	-0.0398  	0.10221  	
-0.7255  	-0.0886  	-0.6076  	-1.9431  	-1.0078  	-1.6674  	0.23522  	0.15205  	0.13093  	0.48163  	0.65323  	-0.0690  	0.27814  	-0.0719  	-0.5943  	0.51512  	-0.1512  	-0.0274  	0.13000  	0.10240  	0.07205  	0.23335  	-0.3880  	0.38255  	0.55612  	-0.3149  	0.11948  	-0.5919  	-0.1157  	0.32646  	0.28799  	0.09797  	-0.1310  	-0.0051  	0.32061  	-0.0248  	0.36221  	0.09189  	-0.6197  	0.29047  	0.36326  	0.03736  	-0.1236  	0.38973  	0.00120  	-0.0708  	0.01704  	0.00248  	0.03515  	-0.0794  	-0.0181  	-0.0489  	-0.0345  	0.01592  	-0.0430  	-0.0518  	0.01445  	0.00999  	-0.0204  	0.02297  	0.00711  	-0.0045  	0.07475  	-0.0098  	0.14880  	-0.0095  	0.03107  	0.00427  	-0.0398  	0.10221  	
-1.1558  	-0.1709  	-0.7031  	-2.2386  	-1.0925  	-1.8949  	0.24298  	0.10435  	0.03023  	0.52082  	0.80872  	-0.2236  	0.13461  	-0.2745  	-0.7753  	0.30919  	-0.1258  	-0.0362  	0.12571  	0.08303  	0.01914  	0.25609  	-0.3308  	0.32857  	0.65442  	-0.3270  	0.11276  	-0.6022  	0.01828  	0.32820  	0.29146  	0.05559  	-0.2070  	-0.0113  	0.23660  	0.07312  	0.29041  	0.09566  	-0.5939  	0.29422  	0.35727  	0.02565  	-0.1447  	0.34780  	0.02103  	-0.0790  	0.02404  	-0.0031  	0.01535  	-0.0833  	-0.0091  	-0.0480  	-0.0251  	0.01486  	-0.0406  	-0.0600  	0.01623  	0.00011  	-0.0296  	0.03413  	0.00236  	-0.0004  	0.06940  	-0.0141  	0.14880  	-0.0095  	0.03107  	0.00427  	-0.0398  	0.10221  	
-1.0360  	-0.1092  	-0.4950  	-2.3641  	-1.2290  	-1.8069  	0.28711  	0.13083  	0.06816  	0.58170  	0.67492  	-0.3215  	0.15781  	-0.2348  	-0.7381  	0.27881  	-0.0831  	-0.1060  	0.14762  	0.00802  	0.04399  	0.30818  	-0.2706  	0.36869  	0.70756  	-0.3190  	0.26898  	-0.7322  	-0.0067  	0.33697  	0.30592  	0.03844  	-0.2149  	-0.0119  	0.17293  	-0.0090  	0.34140  	0.10969  	-0.6178  	0.30824  	0.38114  	0.02641  	-0.1064  	0.39758  	0.01828  	-0.0838  	0.02799  	0.01795  	0.01671  	-0.1024  	-0.0153  	-0.0423  	-0.0411  	0.02423  	-0.0523  	-0.0692  	0.02062  	-0.0022  	-0.0401  	0.02017  	0.00107  	-0.0074  	0.07767  	-0.0104  	0.14880  	-0.0095  	0.03107  	0.00427  	-0.0398  	0.10221  	
-0.8094  	-0.0687  	-0.5129  	-2.0091  	-1.0364  	-1.5767  	0.26878  	0.15905  	0.06423  	0.41491  	0.54437  	-0.1525  	0.18342  	-0.2050  	-0.4583  	0.36472  	-0.0967  	-0.0797  	0.13451  	0.06729  	0.09225  	0.31170  	-0.2878  	0.39670  	0.69330  	-0.3647  	0.28222  	-0.7003  	-0.0389  	0.36909  	0.25529  	0.07049  	-0.1866  	-0.0246  	0.27227  	-0.0121  	0.37753  	0.11260  	-0.6424  	0.32349  	0.36579  	0.02937  	-0.1290  	0.38853  	0.02091  	-0.0611  	0.02521  	0.00596  	0.00640  	-0.0896  	-0.0100  	-0.0469  	-0.0394  	0.01928  	-0.0602  	-0.0580  	0.01326  	-0.0056  	-0.0384  	0.01843  	0.00513  	-0.0189  	0.05809  	-0.0205  	0.14880  	-0.0095  	0.03107  	0.00427  	-0.0398  	0.10221  	
-0.5951  	-0.0211  	-0.3668  	-1.8107  	-0.9758  	-1.4468  	0.27814  	0.18828  	0.09567  	0.36740  	0.37759  	-0.0854  	0.25724  	-0.1234  	-0.3116  	0.46598  	-0.0947  	-0.0615  	0.13048  	0.01707  	0.02594  	0.33324  	-0.2753  	0.39721  	0.67489  	-0.3805  	0.21312  	-0.7022  	-0.0378  	0.36885  	0.28029  	0.09511  	-0.1795  	-0.0044  	0.28847  	-0.0258  	0.38826  	0.12944  	-0.6319  	0.32591  	0.36033  	0.00198  	-0.0884  	0.38867  	0.00118  	-0.0718  	0.01645  	0.02386  	0.02137  	-0.0967  	-0.0052  	-0.0425  	-0.0278  	0.00752  	-0.0432  	-0.0388  	0.00151  	-0.0046  	-0.0301  	0.02244  	0.00844  	-0.0036  	0.05448  	-0.0176  	0.14880  	-0.0095  	0.03107  	0.00427  	-0.0398  	0.10221  	
-0.2904  	0.07202  	-0.2314  	-1.5421  	-0.8874  	-1.2025  	0.29527  	0.33829  	0.15212  	0.31259  	0.31934  	-0.1346  	0.31098  	0.13639  	-0.0570  	0.50676  	-0.1070  	-0.1156  	0.13839  	-0.0328  	0.20664  	0.36949  	-0.2923  	0.38332  	0.72202  	-0.3995  	0.30958  	-0.8022  	-0.0962  	0.41547  	0.23127  	0.12108  	-0.1706  	-0.0144  	0.38705  	-0.0753  	0.44564  	0.15394  	-0.6359  	0.28584  	0.31272  	0.01942  	-0.0727  	0.39605  	0.00587  	-0.0686  	0.01537  	0.02305  	0.03548  	-0.0872  	-0.0100  	-0.0455  	-0.0274  	0.01730  	-0.0388  	-0.0412  	0.00299  	0.00194  	-0.0476  	0.02136  	-0.0010  	-0.0015  	0.06563  	-0.0132  	0.14880  	-0.0095  	0.03107  	0.00427  	-0.0398  	0.10221  	
-0.3662  	0.04775  	-0.3261  	-1.5543  	-0.8364  	-1.3534  	0.29792  	0.29143  	0.13120  	0.29201  	0.41566  	-0.1489  	0.27755  	0.04061  	-0.1642  	0.47576  	-0.1345  	-0.1150  	0.10438  	0.01999  	0.21843  	0.31408  	-0.3371  	0.45759  	0.75581  	-0.4197  	0.33443  	-0.7692  	-0.1199  	0.39178  	0.20588  	0.11821  	-0.1992  	-0.0089  	0.43753  	-0.0506  	0.44810  	0.14022  	-0.6557  	0.32130  	0.30555  	0.04888  	-0.1219  	0.39634  	0.00165  	-0.0617  	0.01980  	0.00608  	0.03016  	-0.0866  	-0.0061  	-0.0451  	-0.0290  	0.01574  	-0.0447  	-0.0488  	0.00895  	0.00038  	-0.0287  	0.02438  	0.00123  	-0.0053  	0.06330  	-0.0172  	0.14880  	-0.0095  	0.03107  	0.00427  	-0.0398  	0.10221  	
-0.7447  	-0.1328  	-0.5115  	-1.9655  	-1.0164  	-1.5472  	0.27990  	0.10908  	0.06743  	0.37046  	0.56880  	-0.1884  	0.14870  	-0.3303  	-0.5142  	0.47445  	-0.1328  	-0.0307  	0.14043  	0.07159  	0.05483  	0.26194  	-0.3267  	0.39627  	0.67958  	-0.3732  	0.21350  	-0.6134  	0.02306  	0.35719  	0.23297  	0.11582  	-0.2141  	-0.0110  	0.28850  	0.03372  	0.35388  	0.12925  	-0.6324  	0.32888  	0.35410  	0.02852  	-0.1380  	0.38548  	0.02001  	-0.0701  	0.01577  	-0.0067  	0.01417  	-0.0839  	0.00161  	-0.0438  	-0.0320  	0.01244  	-0.0413  	-0.0544  	0.02085  	0.00579  	-0.0217  	0.02060  	0.00416  	-0.0148  	0.06727  	-0.0143  	0.14880  	-0.0095  	0.03107  	0.00427  	-0.0398  	0.10221  	
-0.7274  	-0.1118  	-0.5018  	-1.7465  	-0.9389  	-1.4998  	0.26659  	0.04764  	0.00707  	0.33643  	0.49855  	-0.1634  	0.15557  	-0.3674  	-0.4355  	0.47664  	-0.1222  	-0.0658  	0.10788  	0.06822  	-0.0229  	0.30604  	-0.3383  	0.37587  	0.74775  	-0.3819  	0.21607  	-0.5726  	0.05803  	0.41818  	0.21992  	0.12469  	-0.2405  	0.01122  	0.26130  	0.10082  	0.30776  	0.11952  	-0.6305  	0.32523  	0.35149  	0.03168  	-0.1329  	0.39760  	0.01192  	-0.0694  	0.01355  	-0.0040  	0.02379  	-0.0947  	-0.0066  	-0.0474  	-0.0248  	0.01601  	-0.0421  	-0.0598  	0.02385  	0.00569  	-0.0250  	0.01256  	-0.0015  	-0.0158  	0.07438  	-0.0135  	0.14880  	-0.0095  	0.03107  	0.00427  	-0.0398  	0.10221  	
-0.6024  	-0.0971  	-0.5057  	-1.6401  	-0.8335  	-1.4952  	0.31758  	0.04943  	0.02574  	0.42854  	0.44596  	-0.0761  	0.18497  	-0.3161  	-0.4803  	0.55089  	-0.1498  	-0.0284  	0.08449  	0.11762  	-0.1408  	0.29352  	-0.4462  	0.34195  	0.77751  	-0.3904  	0.21133  	-0.4528  	0.10475  	0.43319  	0.21078  	0.11339  	-0.2320  	0.01074  	0.28456  	0.15034  	0.23753  	0.08955  	-0.5985  	0.32888  	0.33086  	0.02604  	-0.1232  	0.38884  	0.01320  	-0.0754  	0.01663  	0.00175  	0.03550  	-0.0946  	0.00927  	-0.0463  	-0.0247  	0.01209  	-0.0362  	-0.0599  	0.02335  	0.00833  	-0.0230  	0.01257  	-0.0098  	-0.0231  	0.07490  	-0.0146  	0.14880  	-0.0095  	0.03107  	0.00427  	-0.0398  	0.10221  	
-0.4970  	-0.0717  	-0.3612  	-1.5787  	-0.7836  	-1.4608  	0.34634  	0.11506  	0.02191  	0.48490  	0.50827  	-0.0608  	0.17351  	-0.3022  	-0.5559  	0.69035  	-0.1868  	-0.0279  	0.13099  	0.12145  	-0.1409  	0.29020  	-0.5293  	0.40078  	0.84739  	-0.4150  	0.30561  	-0.5062  	0.07183  	0.42601  	0.16995  	0.13843  	-0.2343  	-0.0067  	0.32528  	0.18108  	0.28406  	0.11872  	-0.5957  	0.33771  	0.31637  	0.05806  	-0.1267  	0.38781  	0.02171  	-0.0725  	0.01014  	0.01627  	0.04456  	-0.0966  	0.00729  	-0.0457  	-0.0184  	0.01572  	-0.0314  	-0.0596  	0.02255  	0.00516  	-0.0285  	0.02056  	-0.0057  	-0.0237  	0.08135  	-0.0113  	0.14880  	-0.0095  	0.03107  	0.00427  	-0.0398  	0.10221  	
-0.5838  	-0.0903  	-0.4754  	-1.5774  	-0.7952  	-1.4204  	0.30913  	0.06268  	0.00753  	0.39705  	0.42665  	-0.1181  	0.13272  	-0.3530  	-0.4998  	0.58497  	-0.1381  	-0.0918  	0.13973  	0.08536  	-0.0886  	0.28735  	-0.5051  	0.42320  	0.90923  	-0.4043  	0.34254  	-0.5326  	0.08418  	0.47726  	0.15739  	0.14872  	-0.2710  	-0.0168  	0.33630  	0.19732  	0.31243  	0.12485  	-0.6013  	0.32607  	0.29936  	0.05402  	-0.1163  	0.39675  	0.02718  	-0.0754  	0.00497  	-0.0012  	0.03877  	-0.1095  	0.01604  	-0.0478  	-0.0307  	0.01108  	-0.0294  	-0.0573  	0.03138  	0.01192  	-0.0267  	0.01847  	-0.0127  	-0.0303  	0.07956  	-0.0177  	0.14880  	-0.0095  	0.03107  	0.00427  	-0.0398  	0.10221  	
-0.3820  	-0.0157  	-0.3663  	-1.3908  	-0.7114  	-1.3166  	0.31958  	0.19309  	0.06057  	0.32885  	0.23218  	-0.1034  	0.26887  	-0.0715  	-0.2155  	0.54503  	-0.1385  	-0.0909  	0.12309  	0.07337  	-0.0002  	0.33522  	-0.4627  	0.36237  	0.91601  	-0.4466  	0.37296  	-0.5861  	0.07595  	0.49947  	0.16269  	0.12789  	-0.2365  	0.01967  	0.38113  	0.05399  	0.34625  	0.11618  	-0.5887  	0.33082  	0.26124  	0.04613  	-0.1056  	0.40499  	0.01953  	-0.0742  	0.01024  	0.00997  	0.04126  	-0.1029  	0.01604  	-0.0534  	-0.0309  	0.01767  	-0.0381  	-0.0453  	0.02537  	-0.0018  	-0.0246  	0.01396  	-0.0045  	-0.0176  	0.07235  	-0.0218  	0.14880  	-0.0095  	0.03107  	0.00427  	-0.0398  	0.10221  	
-0.3791  	-0.0132  	-0.2924  	-1.5108  	-0.7902  	-1.2846  	0.31737  	0.22606  	0.09789  	0.33277  	0.32133  	-0.1487  	0.31484  	-0.0534  	-0.3639  	0.58872  	-0.1556  	-0.0968  	0.13845  	0.02690  	0.00367  	0.33489  	-0.4572  	0.38981  	0.84102  	-0.4410  	0.31504  	-0.6570  	0.00737  	0.47063  	0.21905  	0.09225  	-0.2079  	-0.0021  	0.40327  	0.03149  	0.34943  	0.13251  	-0.6422  	0.30824  	0.30792  	0.03556  	-0.1048  	0.39280  	0.01077  	-0.0798  	0.01870  	0.01041  	0.04356  	-0.1044  	0.01179  	-0.0478  	-0.0224  	0.01749  	-0.0438  	-0.0444  	0.01970  	-0.0096  	-0.0341  	0.01993  	-0.0059  	-0.0132  	0.08021  	-0.0201  	0.14880  	-0.0095  	0.03107  	0.00427  	-0.0398  	0.10221  	
-0.7912  	-0.0836  	-0.5217  	-2.0155  	-1.0074  	-1.6111  	0.31692  	0.10903  	0.07574  	0.41285  	0.61414  	-0.1990  	0.15092  	-0.2151  	-0.5700  	0.44388  	-0.1424  	-0.0096  	0.10880  	0.11372  	0.05247  	0.25248  	-0.4091  	0.44299  	0.76355  	-0.4049  	0.24908  	-0.6345  	0.02121  	0.36520  	0.23215  	0.09902  	-0.1954  	-0.0126  	0.33543  	0.08720  	0.33176  	0.10699  	-0.6272  	0.34903  	0.32666  	0.02187  	-0.1396  	0.38382  	0.01676  	-0.0731  	0.03065  	-0.0112  	0.03006  	-0.0898  	0.01128  	-0.0428  	-0.0261  	0.01531  	-0.0448  	-0.0629  	0.01772  	0.01003  	-0.0380  	0.01817  	-0.0027  	-0.0190  	0.07564  	-0.0123  	0.14880  	-0.0095  	0.03107  	0.00427  	-0.0398  	0.10221  	
-1.0281  	-0.1942  	-0.7446  	-2.0009  	-0.9599  	-1.7751  	0.28931  	0.08746  	0.00294  	0.41747  	0.68847  	-0.2046  	0.15065  	-0.2493  	-0.5617  	0.37471  	-0.1069  	-0.0611  	0.11806  	0.05816  	0.04236  	0.26371  	-0.3603  	0.44719  	0.73004  	-0.3689  	0.23063  	-0.6295  	0.02244  	0.37729  	0.22836  	0.07453  	-0.2138  	-0.0086  	0.34015  	0.04880  	0.31795  	0.08218  	-0.5995  	0.30662  	0.29432  	0.06967  	-0.1848  	0.34106  	0.03658  	-0.0665  	0.02486  	-0.0190  	0.02839  	-0.0745  	0.00548  	-0.0439  	-0.0310  	0.01997  	-0.0404  	-0.0634  	0.01654  	0.00376  	-0.0210  	0.02586  	0.00078  	-0.0063  	0.06291  	-0.0118  	0.14880  	-0.0095  	0.03107  	0.00427  	-0.0398  	0.10221  	
-1.0071  	-0.1606  	-0.7271  	-1.9512  	-0.9024  	-1.7442  	0.29002  	0.16025  	0.03022  	0.41129  	0.70734  	-0.1113  	0.22648  	-0.1308  	-0.5403  	0.34790  	-0.1512  	-0.0687  	0.06102  	0.13585  	0.07605  	0.20942  	-0.4142  	0.42756  	0.68359  	-0.3393  	0.14140  	-0.5380  	0.03279  	0.39122  	0.23920  	0.05297  	-0.1976  	0.00747  	0.35370  	0.01238  	0.27298  	0.06189  	-0.6058  	0.30685  	0.29096  	0.05890  	-0.1928  	0.35501  	0.03866  	-0.0797  	0.03454  	-0.0227  	0.01934  	-0.0889  	0.00181  	-0.0508  	-0.0337  	0.01282  	-0.0486  	-0.0613  	0.02003  	0.00397  	-0.0382  	0.01838  	-0.0017  	0.00865  	0.06150  	-0.0167  	0.14880  	-0.0095  	0.03107  	0.00427  	-0.0398  	0.10221  	
-0.8010  	-0.1019  	-0.5672  	-1.8862  	-0.9347  	-1.6710  	0.28375  	0.17921  	0.11338  	0.42669  	0.59444  	-0.0775  	0.26873  	-0.0447  	-0.3480  	0.35979  	-0.1275  	-0.0938  	0.09017  	0.11086  	0.07727  	0.23543  	-0.4007  	0.41898  	0.65214  	-0.3652  	0.22827  	-0.6110  	-0.0063  	0.38240  	0.25004  	0.07352  	-0.1702  	-0.0044  	0.34194  	-0.0152  	0.32539  	0.10157  	-0.6313  	0.34488  	0.30793  	0.04750  	-0.1703  	0.35025  	0.03949  	-0.0763  	0.01893  	-0.0090  	0.01499  	-0.0836  	-0.0029  	-0.0439  	-0.0394  	0.01699  	-0.0500  	-0.0556  	0.01385  	-0.0049  	-0.0235  	0.02804  	0.00151  	-0.0043  	0.06857  	-0.0081  	0.14880  	-0.0095  	0.03107  	0.00427  	-0.0398  	0.10221  	
-0.8513  	-0.1000  	-0.4572  	-2.1009  	-1.0563  	-1.6247  	0.29926  	0.14241  	0.08500  	0.45629  	0.55568  	-0.1987  	0.18371  	-0.2024  	-0.5869  	0.37110  	-0.1160  	-0.0314  	0.12513  	0.08468  	-0.0134  	0.27841  	-0.2724  	0.33388  	0.66476  	-0.3597  	0.16039  	-0.5890  	0.04681  	0.34903  	0.27630  	0.06240  	-0.2065  	0.00746  	0.19793  	0.03992  	0.29929  	0.10560  	-0.5870  	0.29448  	0.38473  	0.00259  	-0.1100  	0.40753  	0.01443  	-0.0777  	0.02345  	0.00728  	0.03249  	-0.0978  	-0.0097  	-0.0507  	-0.0368  	0.01711  	-0.0421  	-0.0629  	0.01890  	0.00427  	-0.0327  	0.01665  	0.00520  	-0.0122  	0.07925  	-0.0109  	0.14880  	-0.0095  	0.03107  	0.00427  	-0.0398  	0.10221  	
-0.6429  	-0.0762  	-0.4171  	-1.7632  	-0.9351  	-1.4556  	0.27312  	0.18284  	0.10520  	0.32752  	0.45607  	-0.1298  	0.21930  	-0.1867  	-0.3726  	0.46450  	-0.1097  	-0.0448  	0.13796  	0.10108  	0.01795  	0.29557  	-0.3449  	0.37985  	0.71474  	-0.3713  	0.22873  	-0.5736  	0.00397  	0.38472  	0.22663  	0.10639  	-0.1824  	-0.0089  	0.29629  	0.01179  	0.33083  	0.10804  	-0.6172  	0.31566  	0.35991  	0.02656  	-0.1091  	0.39281  	0.01492  	-0.0789  	0.02550  	-0.0049  	0.02687  	-0.0885  	-0.0039  	-0.0436  	-0.0270  	0.01880  	-0.0472  	-0.0542  	0.01457  	0.00092  	-0.0279  	0.02058  	0.00220  	-0.0078  	0.06223  	-0.0134  	0.14880  	-0.0095  	0.03107  	0.00427  	-0.0398  	0.10221  	
-0.3858  	-0.0050  	-0.3647  	-1.4001  	-0.7560  	-1.2548  	0.26352  	0.22145  	0.09454  	0.27935  	0.26707  	-0.0515  	0.25210  	-0.1162  	-0.1527  	0.56887  	-0.1009  	-0.1203  	0.12185  	0.02931  	0.06501  	0.29561  	-0.3411  	0.37996  	0.78302  	-0.4034  	0.32136  	-0.6320  	-0.0281  	0.47501  	0.21498  	0.12899  	-0.2157  	0.00312  	0.34595  	-0.0191  	0.36595  	0.13373  	-0.6146  	0.31512  	0.26785  	0.01927  	-0.1053  	0.38695  	0.01394  	-0.0725  	0.00893  	0.00693  	0.04211  	-0.1029  	0.00239  	-0.0495  	-0.0298  	0.01302  	-0.0473  	-0.0428  	0.02272  	0.00112  	-0.0276  	0.01975  	-0.0018  	-0.0191  	0.07596  	-0.0208  	0.14880  	-0.0095  	0.03107  	0.00427  	-0.0398  	0.10221  	
-0.2271  	0.06624  	-0.2147  	-1.4733  	-0.7804  	-1.2925  	0.25648  	0.36791  	0.11776  	0.27080  	0.43496  	-0.0542  	0.30582  	-0.0779  	-0.1740  	0.57039  	-0.0630  	-0.3077  	0.21218  	-0.2941  	0.23834  	0.10126  	-0.6240  	0.47413  	0.67532  	-0.3480  	0.32844  	-0.8811  	-0.0716  	0.37203  	0.32128  	0.10125  	-0.3057  	-0.1728  	0.37168  	-0.0347  	0.39943  	0.15686  	-0.7613  	0.20664  	0.37821  	0.15947  	-0.2190  	0.47825  	-0.0609  	-0.0488  	-0.0161  	0.02990  	0.02412  	-0.1107  	-0.0051  	-0.0408  	-0.0205  	0.03739  	-0.0385  	-0.0373  	0.01631  	-0.0096  	-0.0384  	0.03152  	0.00513  	-0.0054  	0.06110  	-0.0145  	0.14880  	-0.0095  	0.03107  	0.00427  	-0.0398  	0.10221  	
-0.3560  	-0.0139  	-0.2076  	-1.5738  	-0.8090  	-1.3862  	0.17903  	0.28645  	0.04410  	0.32795  	0.61268  	-0.0725  	0.27469  	-0.3044  	-0.2901  	0.53530  	0.02680  	-0.4742  	0.27207  	-0.4805  	0.29817  	-0.0494  	-0.8451  	0.52033  	0.64876  	-0.2382  	0.39568  	-0.9601  	-0.0112  	0.36484  	0.38740  	0.06376  	-0.4032  	-0.3255  	0.34436  	-0.0125  	0.33629  	0.13923  	-0.9123  	0.15468  	0.41022  	0.29737  	-0.3312  	0.53400  	-0.0975  	-0.0383  	-0.0268  	0.02791  	0.01088  	-0.1108  	0.01968  	-0.0384  	-0.0186  	0.05378  	-0.0404  	-0.0502  	0.00672  	-0.0277  	-0.0375  	0.04380  	-0.0006  	-0.0021  	0.04026  	-0.0128  	0.14880  	-0.0095  	0.03107  	0.00427  	-0.0398  	0.10221  	
-0.4371  	-0.0458  	-0.1409  	-1.7229  	-0.9512  	-1.4041  	0.15086  	0.26606  	0.04142  	0.32979  	0.74343  	-0.0871  	0.19706  	-0.4757  	-0.5187  	0.63202  	0.03361  	-0.4519  	0.31550  	-0.5350  	0.30751  	-0.1588  	-0.9141  	0.50149  	0.64824  	-0.2203  	0.40330  	-0.9698  	0.00341  	0.32127  	0.42773  	0.06080  	-0.4399  	-0.3540  	0.29077  	0.03972  	0.33813  	0.17797  	-0.9201  	0.12423  	0.42084  	0.33641  	-0.3580  	0.54003  	-0.1028  	-0.0310  	-0.0419  	0.03614  	0.00268  	-0.1179  	0.00981  	-0.0354  	-0.0195  	0.06489  	-0.0254  	-0.0586  	0.01217  	-0.0179  	-0.0200  	0.03436  	0.00353  	-0.0176  	0.04053  	-0.0161  	0.14880  	-0.0095  	0.03107  	0.00427  	-0.0398  	0.10221  	
-0.6237  	-0.0991  	-0.3201  	-1.9124  	-1.0165  	-1.4556  	0.22699  	0.22867  	0.02519  	0.34558  	0.60730  	-0.1597  	0.20459  	-0.4650  	-0.5472  	0.53173  	0.02677  	-0.3237  	0.28684  	-0.4527  	0.16139  	-0.1148  	-0.8499  	0.40172  	0.70163  	-0.2265  	0.32152  	-0.7738  	0.16472  	0.32990  	0.41057  	0.04771  	-0.4199  	-0.3081  	0.21220  	0.09439  	0.23924  	0.13291  	-0.8369  	0.16753  	0.47220  	0.28996  	-0.3128  	0.54931  	-0.0870  	-0.0442  	-0.0251  	0.02442  	0.00797  	-0.1202  	0.02319  	-0.0417  	-0.0269  	0.05535  	-0.0166  	-0.0600  	0.01773  	-0.0133  	-0.0270  	0.03754  	-0.0002  	-0.0150  	0.04171  	-0.0034  	0.14880  	-0.0095  	0.03107  	0.00427  	-0.0398  	0.10221  	
-0.8060  	-0.1170  	-0.4760  	-1.9636  	-1.0611  	-1.5942  	0.23424  	0.08209  	0.00110  	0.39192  	0.60469  	-0.2047  	0.13341  	-0.5134  	-0.6152  	0.47621  	0.00060  	-0.2228  	0.23359  	-0.2247  	0.08321  	0.02143  	-0.5948  	0.39753  	0.70696  	-0.2790  	0.25516  	-0.7059  	0.07892  	0.37580  	0.33517  	0.08345  	-0.3582  	-0.1866  	0.24485  	0.12498  	0.29083  	0.12183  	-0.7753  	0.22441  	0.43529  	0.16849  	-0.2382  	0.47945  	-0.0404  	-0.0524  	-0.0060  	-0.0129  	0.00403  	-0.0984  	0.00729  	-0.0395  	-0.0238  	0.03583  	-0.0253  	-0.0621  	0.01852  	-0.0016  	-0.0295  	0.03036  	-0.0014  	-0.0230  	0.05357  	-0.0079  	0.14880  	-0.0095  	0.03107  	0.00427  	-0.0398  	0.10221  	
-0.8667  	-0.1192  	-0.5121  	-1.9453  	-1.0543  	-1.5958  	0.23323  	0.06651  	0.02462  	0.34206  	0.52201  	-0.2027  	0.09834  	-0.3417  	-0.4132  	0.39317  	-0.0742  	-0.0535  	0.13724  	0.01996  	0.03741  	0.27338  	-0.2699  	0.38729  	0.77127  	-0.3661  	0.30742  	-0.6500  	-0.0335  	0.41551  	0.23232  	0.13191  	-0.2576  	-0.0042  	0.28312  	0.08180  	0.39019  	0.13023  	-0.6727  	0.26269  	0.34250  	0.05140  	-0.1510  	0.37686  	0.01961  	-0.0756  	0.02060  	-0.0270  	0.01300  	-0.0937  	-0.0050  	-0.0476  	-0.0210  	0.02338  	-0.0399  	-0.0621  	0.02260  	0.00694  	-0.0195  	0.01927  	-0.0063  	-0.0086  	0.07332  	-0.0054  	0.14880  	-0.0095  	0.03107  	0.00427  	-0.0398  	0.10221  	
-0.5733  	-0.0446  	-0.4484  	-1.5811  	-0.8238  	-1.4494  	0.27880  	0.14655  	0.06813  	0.29295  	0.27868  	-0.0735  	0.22888  	-0.1347  	-0.1497  	0.43565  	-0.0610  	-0.0938  	0.11078  	0.01713  	0.00911  	0.31140  	-0.3381  	0.37380  	0.78417  	-0.3806  	0.30721  	-0.6155  	0.01929  	0.46291  	0.23267  	0.09052  	-0.2192  	0.02212  	0.33914  	0.02271  	0.32586  	0.10982  	-0.6426  	0.32256  	0.27948  	0.03658  	-0.1386  	0.37989  	0.01022  	-0.0680  	0.02250  	-0.0117  	0.02686  	-0.0928  	0.00744  	-0.0482  	-0.0290  	0.01811  	-0.0456  	-0.0519  	0.01869  	0.00025  	-0.0245  	0.01854  	-0.0037  	-0.0008  	0.07645  	-0.0167  	0.14880  	-0.0095  	0.03107  	0.00427  	-0.0398  	0.10221  	
-0.5090  	-0.0102  	-0.3710  	-1.6521  	-0.8863  	-1.3783  	0.25226  	0.17981  	0.07913  	0.31389  	0.38792  	-0.0903  	0.23694  	-0.1252  	-0.2468  	0.47948  	-0.1041  	-0.0681  	0.14950  	0.06475  	0.11483  	0.30527  	-0.3340  	0.38736  	0.74349  	-0.3908  	0.22986  	-0.6464  	-0.0257  	0.39600  	0.23073  	0.12241  	-0.1885  	0.00848  	0.36434  	0.00264  	0.38224  	0.13968  	-0.6315  	0.30988  	0.31751  	0.01971  	-0.1198  	0.39534  	0.01690  	-0.0712  	0.02290  	0.00243  	0.03083  	-0.0949  	0.00944  	-0.0475  	-0.0262  	0.01515  	-0.0436  	-0.0453  	0.00856  	-0.0008  	-0.0242  	0.01853  	-0.0012  	-0.0144  	0.05639  	-0.0163  	0.14880  	-0.0095  	0.03107  	0.00427  	-0.0398  	0.10221  	
-0.4537  	0.00423  	-0.3074  	-1.7271  	-0.8832  	-1.3931  	0.28020  	0.16625  	0.06825  	0.38556  	0.52368  	-0.1216  	0.17650  	-0.1638  	-0.3846  	0.58677  	-0.1620  	-0.0507  	0.16719  	0.05159  	0.06884  	0.31781  	-0.3586  	0.39856  	0.73000  	-0.4259  	0.24800  	-0.6709  	-0.0227  	0.37785  	0.20499  	0.12219  	-0.2007  	-0.0025  	0.38020  	0.06205  	0.41064  	0.12358  	-0.6396  	0.32460  	0.31699  	0.03878  	-0.1133  	0.39283  	0.01553  	-0.0718  	0.00993  	0.01021  	0.03221  	-0.0839  	0.00169  	-0.0475  	-0.0227  	0.01791  	-0.0379  	-0.0422  	0.01061  	-0.0012  	-0.0304  	0.02964  	0.00410  	-0.0121  	0.05952  	-0.0154  	0.14880  	-0.0095  	0.03107  	0.00427  	-0.0398  	0.10221  	
-0.4556  	-0.0358  	-0.2832  	-1.8691  	-1.0102  	-1.4202  	0.29197  	0.15329  	0.08675  	0.40179  	0.58872  	-0.1914  	0.18359  	-0.2620  	-0.6013  	0.64657  	-0.1737  	-0.0698  	0.14780  	0.07498  	0.02542  	0.26698  	-0.4325  	0.34027  	0.74376  	-0.4119  	0.24522  	-0.5939  	-0.0450  	0.36619  	0.22141  	0.13081  	-0.1963  	-0.0127  	0.36845  	0.13021  	0.39786  	0.11840  	-0.6312  	0.31907  	0.35153  	0.03163  	-0.1025  	0.38174  	0.00052  	-0.0704  	0.01323  	0.01313  	0.03249  	-0.0872  	0.01258  	-0.0493  	-0.0273  	0.01668  	-0.0349  	-0.0491  	0.01511  	0.00213  	-0.0327  	0.02575  	-0.0050  	-0.0131  	0.07664  	-0.0109  	0.14880  	-0.0095  	0.03107  	0.00427  	-0.0398  	0.10221  	
-0.6227  	-0.1079  	-0.4632  	-1.7939  	-0.9201  	-1.4843  	0.24327  	0.11607  	0.03506  	0.35841  	0.62589  	-0.1165  	0.12313  	-0.2470  	-0.4322  	0.60037  	-0.1445  	-0.1029  	0.16369  	0.07450  	0.08053  	0.26911  	-0.4180  	0.50383  	0.74121  	-0.3937  	0.31165  	-0.6770  	-0.0984  	0.36262  	0.20990  	0.15006  	-0.2146  	-0.0168  	0.45704  	0.11104  	0.43340  	0.15005  	-0.7058  	0.31657  	0.29144  	0.04486  	-0.1554  	0.37867  	0.00928  	-0.0629  	0.02287  	-0.0033  	0.01746  	-0.0827  	0.00997  	-0.0437  	-0.0274  	0.00718  	-0.0401  	-0.0617  	0.01932  	0.00799  	-0.0327  	0.02649  	-0.0084  	-0.0205  	0.07693  	-0.0118  	0.14880  	-0.0095  	0.03107  	0.00427  	-0.0398  	0.10221  	
-0.3749  	-0.0141  	-0.2953  	-1.5984  	-0.8377  	-1.3415  	0.28580  	0.21700  	0.11304  	0.32311  	0.32629  	-0.1234  	0.29363  	0.00736  	-0.1183  	0.47242  	-0.0831  	-0.1809  	0.12986  	-0.0871  	0.17854  	0.36424  	-0.2856  	0.50850  	0.73444  	-0.4037  	0.39522  	-0.8510  	-0.1814  	0.40215  	0.22845  	0.14736  	-0.2132  	-0.0224  	0.45007  	-0.0396  	0.47829  	0.14408  	-0.6906  	0.30401  	0.26670  	0.06436  	-0.1277  	0.37333  	0.01229  	-0.0670  	0.02536  	-0.0073  	0.03215  	-0.0833  	-0.0101  	-0.0425  	-0.0315  	0.01649  	-0.0465  	-0.0522  	0.00763  	0.00110  	-0.0261  	0.01932  	-0.0032  	-0.0042  	0.06739  	-0.0237  	0.14880  	-0.0095  	0.03107  	0.00427  	-0.0398  	0.10221  	
-0.2947  	0.03038  	-0.2554  	-1.5571  	-0.8461  	-1.3110  	0.34377  	0.27016  	0.13775  	0.32453  	0.29431  	-0.1258  	0.30737  	0.12216  	-0.1055  	0.50819  	-0.1258  	-0.0895  	0.11958  	-0.0504  	0.11373  	0.32566  	-0.3414  	0.39014  	0.74517  	-0.4004  	0.32427  	-0.7311  	-0.0043  	0.40967  	0.22096  	0.11405  	-0.1776  	-0.0092  	0.39847  	-0.0039  	0.38977  	0.13077  	-0.6223  	0.31569  	0.29761  	0.03313  	-0.1000  	0.41054  	0.01121  	-0.0771  	0.01360  	0.02172  	0.03620  	-0.0836  	-0.0012  	-0.0415  	-0.0275  	0.01668  	-0.0382  	-0.0452  	0.01252  	-0.0013  	-0.0372  	0.02119  	0.00022  	-0.0088  	0.07137  	-0.0116  	0.14880  	-0.0095  	0.03107  	0.00427  	-0.0398  	0.10221  	
-0.3233  	0.05724  	-0.2684  	-1.6794  	-0.9142  	-1.3485  	0.34269  	0.26795  	0.13757  	0.34824  	0.39451  	-0.1537  	0.28245  	0.06777  	-0.1948  	0.52017  	-0.1196  	-0.1018  	0.13533  	-0.0195  	0.15095  	0.33754  	-0.3292  	0.40935  	0.77893  	-0.3945  	0.31354  	-0.7425  	-0.0197  	0.39326  	0.22970  	0.08960  	-0.1766  	-0.0099  	0.39728  	0.01165  	0.39436  	0.13169  	-0.6236  	0.30769  	0.32115  	0.03821  	-0.1143  	0.39355  	-0.0053  	-0.0692  	0.01546  	0.01412  	0.02771  	-0.0891  	-0.0048  	-0.0430  	-0.0258  	0.02524  	-0.0407  	-0.0500  	0.00656  	0.00213  	-0.0290  	0.02356  	0.00039  	0.00155  	0.07364  	-0.0156  	0.14880  	-0.0095  	0.03107  	0.00427  	-0.0398  	0.10221  	
-0.6827  	-0.0591  	-0.4630  	-1.8762  	-0.9504  	-1.5069  	0.29642  	0.15467  	0.08392  	0.40362  	0.54785  	-0.1297  	0.16535  	-0.1664  	-0.5118  	0.46099  	-0.1558  	-0.0177  	0.13870  	0.07712  	0.01734  	0.29424  	-0.3769  	0.34459  	0.75892  	-0.3764  	0.22990  	-0.6357  	0.04125  	0.37930  	0.23611  	0.07939  	-0.1953  	-0.0003  	0.31257  	0.04921  	0.35519  	0.14000  	-0.6107  	0.32239  	0.37124  	0.02730  	-0.1025  	0.40032  	0.01332  	-0.0753  	0.02207  	0.00287  	0.01107  	-0.0925  	0.00081  	-0.0459  	-0.0282  	0.01412  	-0.0382  	-0.0573  	0.01706  	0.00359  	-0.0331  	0.01925  	-0.0033  	-0.0050  	0.07402  	-0.0083  	0.14880  	-0.0095  	0.03107  	0.00427  	-0.0398  	0.10221  	
-0.8464  	-0.1321  	-0.4930  	-2.0081  	-1.0727  	-1.5493  	0.25590  	0.08818  	0.04169  	0.39011  	0.55789  	-0.2306  	0.12661  	-0.3223  	-0.5141  	0.44691  	-0.1005  	-0.0699  	0.13170  	0.01414  	-0.0145  	0.30911  	-0.2448  	0.36433  	0.72329  	-0.3586  	0.24276  	-0.6176  	0.01499  	0.36705  	0.24124  	0.09561  	-0.2345  	-0.0067  	0.25503  	0.05063  	0.37220  	0.13473  	-0.6337  	0.29852  	0.38210  	0.02991  	-0.1233  	0.40204  	0.01568  	-0.0717  	0.02650  	-0.0139  	0.01378  	-0.0900  	-0.0039  	-0.0370  	-0.0319  	0.01919  	-0.0383  	-0.0624  	0.02197  	0.00197  	-0.0233  	0.02115  	0.00382  	-0.0087  	0.06543  	-0.0108  	0.14880  	-0.0095  	0.03107  	0.00427  	-0.0398  	0.10221  	
-0.7514  	-0.0933  	-0.4927  	-1.9111  	-1.0156  	-1.5182  	0.28838  	0.14449  	0.05420  	0.37652  	0.53387  	-0.1377  	0.15112  	-0.2889  	-0.4205  	0.43520  	-0.0940  	-0.0674  	0.09900  	0.01817  	-0.0162  	0.33821  	-0.2378  	0.36110  	0.67670  	-0.3414  	0.22117  	-0.6405  	-0.0084  	0.37406  	0.24655  	0.08987  	-0.2275  	-0.0113  	0.26018  	0.03277  	0.35067  	0.14483  	-0.6447  	0.30654  	0.38464  	0.03016  	-0.1174  	0.40213  	0.00556  	-0.0745  	0.02237  	-0.0130  	0.01115  	-0.0865  	-0.0203  	-0.0442  	-0.0315  	0.01844  	-0.0402  	-0.0672  	0.01471  	0.00282  	-0.0340  	0.01285  	-0.0043  	-0.0045  	0.07301  	-0.0124  	0.14880  	-0.0095  	0.03107  	0.00427  	-0.0398  	0.10221  	
-0.4235  	0.01853  	-0.3341  	-1.5720  	-0.8760  	-1.3291  	0.30127  	0.27523  	0.13326  	0.27988  	0.38902  	-0.0777  	0.30181  	-0.0149  	-0.1178  	0.49706  	-0.1108  	-0.0609  	0.12288  	0.04376  	0.15120  	0.32541  	-0.2923  	0.39596  	0.67132  	-0.3843  	0.20434  	-0.6744  	-0.0444  	0.38057  	0.25755  	0.09570  	-0.1669  	0.00393  	0.36562  	-0.0534  	0.38935  	0.13347  	-0.6390  	0.30644  	0.33831  	0.01032  	-0.1124  	0.39256  	0.01135  	-0.0728  	0.02189  	-0.0006  	0.02705  	-0.0895  	0.00144  	-0.0473  	-0.0272  	0.00747  	-0.0413  	-0.0511  	0.00907  	-0.0016  	-0.0361  	0.01090  	0.00417  	-0.0021  	0.06738  	-0.0147  	0.14880  	-0.0095  	0.03107  	0.00427  	-0.0398  	0.10221  	
-0.3166  	0.05002  	-0.2281  	-1.6181  	-0.9125  	-1.2814  	0.31311  	0.29255  	0.13249  	0.29345  	0.55532  	-0.0361  	0.23111  	-0.0343  	-0.2292  	0.57161  	-0.1415  	-0.0999  	0.12293  	0.03063  	0.24473  	0.32747  	-0.2799  	0.42286  	0.65903  	-0.4070  	0.25657  	-0.7674  	-0.1606  	0.34985  	0.21977  	0.13156  	-0.1632  	-0.0044  	0.42461  	-0.0511  	0.47813  	0.17038  	-0.6701  	0.26337  	0.33622  	0.01868  	-0.1135  	0.38747  	0.01390  	-0.0724  	0.01708  	0.01284  	0.03812  	-0.0801  	-0.0016  	-0.0446  	-0.0220  	0.02144  	-0.0367  	-0.0415  	0.01179  	-0.0034  	-0.0373  	0.02047  	0.00329  	-0.0073  	0.06750  	-0.0169  	0.14880  	-0.0095  	0.03107  	0.00427  	-0.0398  	0.10221  	
-0.1467  	0.04023  	-0.0645  	-1.6751  	-0.9582  	-1.2209  	0.35073  	0.41338  	0.17526  	0.28705  	0.64752  	-0.0941  	0.22377  	-0.0048  	-0.3803  	0.72501  	-0.1283  	-0.1304  	0.13756  	0.02809  	0.30416  	0.31164  	-0.3256  	0.39547  	0.75301  	-0.4144  	0.28595  	-0.8196  	-0.2060  	0.37286  	0.23528  	0.12794  	-0.1689  	-0.0027  	0.41862  	-0.0357  	0.51430  	0.19058  	-0.6372  	0.23268  	0.32164  	0.01694  	-0.0737  	0.40347  	0.01685  	-0.0726  	0.00759  	0.02720  	0.05264  	-0.0897  	-0.0124  	-0.0435  	-0.0199  	0.02501  	-0.0347  	-0.0420  	0.00337  	0.00589  	-0.0429  	0.02439  	-0.0049  	-0.0012  	0.08229  	-0.0135  	0.14880  	-0.0095  	0.03107  	0.00427  	-0.0398  	0.10221  	
-0.2943  	0.03442  	-0.2600  	-1.5270  	-0.7795  	-1.4047  	0.39626  	0.28008  	0.14283  	0.44364  	0.43325  	-0.1125  	0.37504  	0.22161  	-0.1933  	0.56049  	-0.1372  	-0.1635  	0.15318  	0.04939  	0.12332  	0.36952  	-0.4637  	0.40594  	0.90859  	-0.4676  	0.41021  	-0.7599  	-0.0463  	0.45853  	0.20481  	0.11003  	-0.1873  	0.00272  	0.45868  	0.05980  	0.40212  	0.11490  	-0.6376  	0.35332  	0.29285  	0.05376  	-0.1265  	0.40555  	0.02274  	-0.0777  	0.01202  	0.01767  	0.05544  	-0.0921  	0.01429  	-0.0488  	-0.0209  	0.01921  	-0.0374  	-0.0387  	0.01775  	0.00220  	-0.0308  	0.03809  	0.00095  	-0.0078  	0.06790  	-0.0168  	0.14880  	-0.0095  	0.03107  	0.00427  	-0.0398  	0.10221  	
-0.6163  	-0.1107  	-0.5110  	-1.3799  	-0.6871  	-1.5106  	0.39058  	0.22968  	0.06638  	0.40252  	0.46597  	0.02919  	0.32092  	0.19012  	-0.0985  	0.49698  	-0.1614  	-0.1117  	0.10772  	0.13432  	0.04463  	0.35577  	-0.4791  	0.45605  	0.78805  	-0.4121  	0.32615  	-0.6773  	-0.0466  	0.42115  	0.22028  	0.09955  	-0.1558  	-0.0075  	0.44320  	0.00620  	0.36541  	0.10210  	-0.6489  	0.34425  	0.21980  	0.08327  	-0.1671  	0.37922  	0.02731  	-0.0785  	0.01958  	0.00640  	0.02308  	-0.0852  	-0.0054  	-0.0448  	-0.0390  	0.00618  	-0.0397  	-0.0513  	0.01794  	-0.0040  	-0.0463  	0.02210  	0.00629  	-0.0023  	0.06182  	-0.0046  	0.14880  	-0.0095  	0.03107  	0.00427  	-0.0398  	0.10221  	
-0.9444  	-0.1219  	-0.6049  	-2.0255  	-0.9312  	-1.7262  	0.28895  	0.05978  	0.08961  	0.49541  	0.60560  	-0.1499  	0.15760  	-0.2501  	-0.4823  	0.38713  	-0.1539  	-0.0472  	0.10169  	0.05386  	0.03884  	0.23382  	-0.3845  	0.38637  	0.64674  	-0.3653  	0.16298  	-0.6458  	-0.0595  	0.36010  	0.28130  	0.10289  	-0.1863  	0.01242  	0.34543  	0.03128  	0.35998  	0.11773  	-0.6431  	0.29047  	0.31205  	0.04040  	-0.1420  	0.36908  	0.01924  	-0.0646  	0.01965  	-0.0225  	0.02056  	-0.0923  	-0.0048  	-0.0466  	-0.0409  	0.02700  	-0.0399  	-0.0607  	0.02188  	0.00350  	-0.0319  	0.02038  	0.00684  	0.00105  	0.06682  	-0.0093  	0.14880  	-0.0095  	0.03107  	0.00427  	-0.0398  	0.10221  	
-0.9068  	-0.1378  	-0.5091  	-2.1078  	-1.0514  	-1.6070  	0.26800  	0.00997  	0.02836  	0.43528  	0.62107  	-0.2363  	0.10299  	-0.4045  	-0.5683  	0.41692  	-0.1127  	-0.0403  	0.14077  	0.06161  	0.01022  	0.28212  	-0.2953  	0.33921  	0.72932  	-0.3537  	0.20157  	-0.5961  	0.02766  	0.36943  	0.26848  	0.08910  	-0.2347  	-0.0040  	0.22744  	0.09826  	0.35019  	0.11350  	-0.6309  	0.32013  	0.38034  	0.02668  	-0.1400  	0.39120  	0.02257  	-0.0735  	0.02533  	-0.0207  	0.01287  	-0.0914  	0.00375  	-0.0422  	-0.0362  	0.01610  	-0.0402  	-0.0569  	0.01748  	-5.3077  	-0.0284  	0.02551  	0.00355  	-0.0110  	0.07435  	-0.0087  	0.14880  	-0.0095  	0.03107  	0.00427  	-0.0398  	0.10221  	
-0.7080  	-0.0600  	-0.4453  	-1.8008  	-0.9287  	-1.5370  	0.24094  	0.20272  	0.04781  	0.33119  	0.48004  	-0.1187  	0.23262  	-0.3122  	-0.3804  	0.38016  	-0.0324  	-0.2470  	0.18584  	-0.2044  	0.07249  	0.07405  	-0.5205  	0.37010  	0.59792  	-0.2536  	0.20753  	-0.6944  	0.09147  	0.35873  	0.36267  	0.05197  	-0.3057  	-0.1653  	0.18534  	0.01243  	0.24625  	0.12418  	-0.7336  	0.23517  	0.44860  	0.15854  	-0.2246  	0.48843  	-0.0485  	-0.0569  	4.41409  	0.00945  	0.00497  	-0.1028  	-0.0065  	-0.0395  	-0.0336  	0.03519  	-0.0353  	-0.0673  	0.00948  	-0.0063  	-0.0263  	0.02416  	0.00115  	-0.0106  	0.05205  	-0.0143  	0.14880  	-0.0095  	0.03107  	0.00427  	-0.0398  	0.10221  	
-0.3788  	-0.0048  	-0.2589  	-1.5858  	-0.8746  	-1.4133  	0.27039  	0.32383  	0.10606  	0.30969  	0.36102  	-0.0430  	0.38018  	-0.1669  	-0.1830  	0.43436  	0.02080  	-0.3264  	0.26125  	-0.4133  	0.14462  	-0.1154  	-0.8235  	0.32050  	0.60240  	-0.2121  	0.16677  	-0.7610  	0.18875  	0.34282  	0.43328  	0.03947  	-0.3358  	-0.3076  	0.18104  	-0.0474  	0.14463  	0.14171  	-0.7884  	0.18539  	0.48040  	0.26993  	-0.2929  	0.53361  	-0.0978  	-0.0386  	-0.0252  	0.05741  	0.01583  	-0.1161  	0.01278  	-0.0367  	-0.0306  	0.04513  	-0.0303  	-0.0533  	0.01118  	-0.0231  	-0.0264  	0.03362  	0.00851  	-0.0154  	0.04483  	-0.0116  	0.14880  	-0.0095  	0.03107  	0.00427  	-0.0398  	0.10221  	
-0.5733  	0.00815  	-0.3698  	-1.6525  	-0.8347  	-1.5679  	0.24385  	0.26404  	0.08506  	0.32245  	0.41121  	-0.0787  	0.35281  	-0.1654  	-0.2339  	0.37172  	0.03394  	-0.3658  	0.26890  	-0.4429  	0.08425  	-0.1852  	-0.9334  	0.32663  	0.62741  	-0.1813  	0.15948  	-0.7141  	0.27436  	0.36715  	0.46629  	-0.0237  	-0.3873  	-0.3265  	0.18437  	-0.0034  	0.11478  	0.09659  	-0.8062  	0.17165  	0.49225  	0.29212  	-0.3448  	0.54041  	-0.1043  	-0.0290  	-0.0281  	0.03674  	-0.0008  	-0.1023  	0.02359  	-0.0363  	-0.0251  	0.04909  	-0.0226  	-0.0467  	0.01216  	-0.0302  	-0.0226  	0.03934  	0.01301  	-0.0136  	0.03825  	-0.0121  	0.14880  	-0.0095  	0.03107  	0.00427  	-0.0398  	0.10221  	
-0.8221  	-0.1481  	-0.5781  	-1.7305  	-0.7976  	-1.7104  	0.23789  	0.22575  	0.00602  	0.38967  	0.61103  	-0.0634  	0.31670  	-0.1649  	-0.3124  	0.31527  	0.01549  	-0.3439  	0.23103  	-0.3994  	0.11288  	-0.1320  	-0.8727  	0.37746  	0.63648  	-0.1885  	0.20223  	-0.7017  	0.23443  	0.37423  	0.44223  	-0.0243  	-0.3667  	-0.3036  	0.21943  	-0.0153  	0.14079  	0.06433  	-0.8276  	0.16617  	0.42237  	0.28790  	-0.3574  	0.51257  	-0.0750  	-0.0325  	-0.0256  	0.02096  	-0.0102  	-0.1098  	0.01656  	-0.0390  	-0.0321  	0.04947  	-0.0298  	-0.0500  	0.00758  	-0.0249  	-0.0187  	0.03756  	0.01094  	-0.0133  	0.03809  	-0.0146  	0.14880  	-0.0095  	0.03107  	0.00427  	-0.0398  	0.10221  	
-0.8336  	-0.0988  	-0.5283  	-1.7675  	-0.8419  	-1.6934  	0.23689  	0.22818  	0.05986  	0.34811  	0.66479  	0.00584  	0.23978  	-0.1537  	-0.3295  	0.34363  	-0.0718  	-0.2171  	0.16204  	-0.1619  	0.10533  	0.03402  	-0.6319  	0.38853  	0.57869  	-0.2576  	0.15409  	-0.6044  	0.12185  	0.37477  	0.35145  	0.03304  	-0.2750  	-0.1507  	0.26637  	-0.0257  	0.20907  	0.07790  	-0.7226  	0.23164  	0.38338  	0.17841  	-0.2875  	0.44813  	-0.0339  	-0.0534  	0.00118  	0.00858  	0.00639  	-0.0992  	0.01377  	-0.0422  	-0.0314  	0.04215  	-0.0396  	-0.0554  	0.01917  	-0.0154  	-0.0216  	0.03725  	0.00521  	-0.0084  	0.04901  	-0.0086  	0.14880  	-0.0095  	0.03107  	0.00427  	-0.0398  	0.10221  	
-0.6926  	-0.0697  	-0.5213  	-1.6760  	-0.8032  	-1.5953  	0.26516  	0.19703  	0.08820  	0.33752  	0.54259  	0.00770  	0.25741  	-0.0039  	-0.3023  	0.46518  	-0.1483  	-0.0407  	0.08261  	0.13112  	0.06810  	0.22188  	-0.4003  	0.37156  	0.64362  	-0.3587  	0.17452  	-0.4907  	0.06517  	0.40200  	0.22353  	0.07281  	-0.1732  	0.00310  	0.36288  	-0.0131  	0.26707  	0.08545  	-0.6103  	0.34761  	0.28357  	0.04456  	-0.1488  	0.35900  	0.02984  	-0.0703  	0.02704  	-0.0065  	0.01503  	-0.0814  	0.00841  	-0.0462  	-0.0428  	0.01795  	-0.0507  	-0.0475  	0.01858  	-0.0085  	-0.0271  	0.02784  	0.00313  	-0.0084  	0.06558  	-0.0157  	0.14880  	-0.0095  	0.03107  	0.00427  	-0.0398  	0.10221  	
-0.3942  	0.01145  	-0.3912  	-1.3535  	-0.6490  	-1.3416  	0.31579  	0.26622  	0.13296  	0.26235  	0.25411  	-0.0106  	0.33938  	0.11866  	-0.0652  	0.52821  	-0.1563  	-0.0684  	0.08663  	0.12620  	-0.0082  	0.31483  	-0.4757  	0.38334  	0.74434  	-0.4017  	0.18770  	-0.4714  	0.11473  	0.46781  	0.23342  	0.07855  	-0.1730  	0.01733  	0.34084  	-0.0122  	0.25781  	0.07758  	-0.5957  	0.32441  	0.31186  	0.02935  	-0.1263  	0.38414  	0.00798  	-0.0778  	0.01726  	0.00911  	0.04602  	-0.0961  	-0.0012  	-0.0516  	-0.0348  	0.00816  	-0.0505  	-0.0489  	0.01738  	0.00425  	-0.0309  	0.01969  	-0.0001  	-0.0087  	0.06577  	-0.0171  	0.14880  	-0.0095  	0.03107  	0.00427  	-0.0398  	0.10221  	
-0.4446  	0.01929  	-0.4522  	-1.3394  	-0.6521  	-1.3543  	0.31949  	0.28865  	0.12644  	0.28046  	0.21328  	-0.0379  	0.36001  	0.11328  	-0.0385  	0.52241  	-0.1452  	-0.0554  	0.10131  	0.09529  	0.01717  	0.32862  	-0.4547  	0.35122  	0.79837  	-0.3982  	0.23292  	-0.4943  	0.13384  	0.49048  	0.21566  	0.06842  	-0.1938  	0.00457  	0.34008  	-0.0373  	0.26112  	0.08893  	-0.5639  	0.33057  	0.28503  	0.02661  	-0.1334  	0.37637  	0.01614  	-0.0777  	0.01741  	0.00442  	0.03876  	-0.0976  	0.00238  	-0.0515  	-0.0328  	0.00896  	-0.0419  	-0.0434  	0.02222  	0.00206  	-0.0323  	0.01744  	-8.7939  	-0.0035  	0.06281  	-0.0137  	0.14880  	-0.0095  	0.03107  	0.00427  	-0.0398  	0.10221  	
-0.5145  	-0.0247  	-0.5041  	-1.3997  	-0.6532  	-1.4140  	0.33905  	0.23781  	0.12714  	0.32851  	0.26419  	-0.0256  	0.35246  	0.09785  	-0.0827  	0.50702  	-0.1410  	-0.0367  	0.08670  	0.10572  	0.00631  	0.30463  	-0.4794  	0.35546  	0.77501  	-0.3959  	0.20041  	-0.4569  	0.12498  	0.45233  	0.19968  	0.06106  	-0.1754  	0.01258  	0.36565  	-0.0290  	0.26302  	0.05474  	-0.5605  	0.35664  	0.26902  	0.03990  	-0.1402  	0.37813  	0.02653  	-0.0731  	0.01885  	0.00210  	0.03461  	-0.0915  	0.00753  	-0.0473  	-0.0360  	0.01289  	-0.0456  	-0.0472  	0.02046  	6.83356  	-0.0325  	0.01748  	-0.0005  	-0.0026  	0.06046  	-0.0115  	0.14880  	-0.0095  	0.03107  	0.00427  	-0.0398  	0.10221  	
-0.6806  	-0.0939  	-0.5660  	-1.7111  	-0.7574  	-1.5573  	0.31173  	0.16454  	0.10637  	0.40861  	0.45465  	-0.0691  	0.27538  	-0.0350  	-0.3364  	0.45964  	-0.1660  	-0.0167  	0.10780  	0.11018  	-0.0007  	0.24522  	-0.4385  	0.38697  	0.71987  	-0.3836  	0.16580  	-0.4953  	0.06131  	0.38758  	0.23735  	0.08475  	-0.1844  	0.01760  	0.36613  	-0.0178  	0.28059  	0.07004  	-0.6131  	0.35719  	0.28347  	0.02695  	-0.1339  	0.37718  	0.03402  	-0.0768  	0.03235  	0.00559  	0.02446  	-0.0853  	0.00928  	-0.0463  	-0.0372  	0.01496  	-0.0502  	-0.0550  	0.01469  	-0.0018  	-0.0259  	0.02229  	0.00061  	-0.0108  	0.07006  	-0.0166  	0.14880  	-0.0095  	0.03107  	0.00427  	-0.0398  	0.10221  	
-0.9054  	-0.1585  	-0.6060  	-2.0373  	-0.9711  	-1.6433  	0.28098  	0.11448  	0.04830  	0.41546  	0.63895  	-0.1678  	0.14948  	-0.3484  	-0.6108  	0.41200  	-0.1474  	0.01385  	0.11681  	0.13801  	-0.0103  	0.22006  	-0.3702  	0.31692  	0.67622  	-0.3571  	0.14663  	-0.5047  	0.04174  	0.34280  	0.27308  	0.07857  	-0.2024  	0.01160  	0.26754  	0.06184  	0.30068  	0.09295  	-0.5957  	0.28754  	0.35294  	0.03187  	-0.1322  	0.38207  	0.01808  	-0.0763  	0.01969  	-0.0120  	0.01356  	-0.0894  	0.00316  	-0.0493  	-0.0293  	0.01025  	-0.0461  	-0.0623  	0.01767  	0.00727  	-0.0339  	0.01337  	0.00133  	-0.0045  	0.07565  	-0.0083  	0.14880  	-0.0095  	0.03107  	0.00427  	-0.0398  	0.10221  	
-0.9789  	-0.1744  	-0.5868  	-2.1163  	-1.1044  	-1.7053  	0.29104  	0.06291  	0.05637  	0.46091  	0.68106  	-0.1923  	0.09148  	-0.4398  	-0.6893  	0.43200  	-0.1270  	0.00730  	0.13125  	0.08306  	-0.0489  	0.23549  	-0.2626  	0.29205  	0.65111  	-0.3380  	0.13499  	-0.5374  	0.04750  	0.34274  	0.27163  	0.09304  	-0.2368  	-0.0021  	0.21220  	0.06844  	0.32254  	0.12027  	-0.6209  	0.27261  	0.40863  	0.03144  	-0.1072  	0.40192  	0.02678  	-0.0729  	0.02567  	-0.0165  	0.02336  	-0.0882  	-0.0145  	-0.0462  	-0.0262  	0.01686  	-0.0406  	-0.0612  	0.00995  	0.00340  	-0.0284  	0.01029  	0.00663  	-0.0042  	0.07446  	-0.0104  	0.14880  	-0.0095  	0.03107  	0.00427  	-0.0398  	0.10221  	
-0.9866  	-0.1519  	-0.5709  	-2.0822  	-1.0687  	-1.7189  	0.25979  	0.06595  	0.06699  	0.45690  	0.62962  	-0.1578  	0.10448  	-0.3921  	-0.6459  	0.43841  	-0.1237  	-0.0024  	0.12756  	0.05953  	-0.0432  	0.23816  	-0.2554  	0.29114  	0.60577  	-0.3439  	0.10015  	-0.5438  	0.05971  	0.35237  	0.27821  	0.08873  	-0.2282  	0.00530  	0.21456  	0.04260  	0.30238  	0.12597  	-0.6077  	0.28060  	0.41552  	0.02541  	-0.1035  	0.40053  	0.02080  	-0.0743  	0.02599  	-0.0187  	0.02625  	-0.0950  	-0.0151  	-0.0450  	-0.0258  	0.01647  	-0.0369  	-0.0658  	0.01020  	0.00648  	-0.0307  	0.01211  	0.00524  	-0.0044  	0.07758  	-0.0087  	0.14880  	-0.0095  	0.03107  	0.00427  	-0.0398  	0.10221  	
-0.9322  	-0.1272  	-0.5361  	-2.0177  	-1.0417  	-1.6960  	0.25830  	0.10418  	0.07563  	0.43092  	0.60832  	-0.1212  	0.13760  	-0.2979  	-0.5754  	0.45061  	-0.1139  	-0.0096  	0.11125  	0.07765  	-0.0201  	0.25827  	-0.2661  	0.29951  	0.59277  	-0.3475  	0.08004  	-0.5492  	0.05740  	0.34444  	0.28138  	0.07282  	-0.2038  	0.00851  	0.23955  	0.02349  	0.31171  	0.12089  	-0.6089  	0.28982  	0.40607  	0.02482  	-0.1094  	0.39873  	0.01316  	-0.0744  	0.02970  	-0.0177  	0.02475  	-0.0904  	-0.0110  	-0.0460  	-0.0269  	0.01852  	-0.0359  	-0.0625  	0.01221  	0.00690  	-0.0335  	0.01802  	0.00543  	-0.0019  	0.07892  	-0.0094  	0.14880  	-0.0095  	0.03107  	0.00427  	-0.0398  	0.10221  	
-0.7529  	-0.0493  	-0.4628  	-1.8832  	-0.9625  	-1.5935  	0.25055  	0.15628  	0.08240  	0.36512  	0.56977  	-0.0866  	0.16535  	-0.1815  	-0.4264  	0.47228  	-0.1264  	-0.0722  	0.11215  	0.05685  	0.04843  	0.28176  	-0.2906  	0.30562  	0.60698  	-0.3574  	0.11949  	-0.5673  	0.00033  	0.34842  	0.25778  	0.07655  	-0.1665  	0.01794  	0.29986  	-0.0008  	0.37523  	0.13558  	-0.6355  	0.27007  	0.38958  	0.02368  	-0.1130  	0.39379  	0.01263  	-0.0626  	0.02805  	-0.0153  	0.01240  	-0.0839  	-0.0122  	-0.0460  	-0.0293  	0.01764  	-0.0415  	-0.0603  	0.01122  	0.00256  	-0.0340  	0.01694  	0.00613  	-0.0064  	0.06871  	-0.0130  	0.14880  	-0.0095  	0.03107  	0.00427  	-0.0398  	0.10221  	
-0.5433  	0.02491  	-0.3564  	-1.7637  	-0.9799  	-1.4692  	0.27407  	0.24827  	0.12168  	0.29994  	0.58593  	-0.1057  	0.21137  	-0.0221  	-0.2693  	0.51600  	-0.1452  	-0.1036  	0.09844  	0.01786  	0.21336  	0.27763  	-0.2803  	0.36035  	0.60283  	-0.3676  	0.20589  	-0.7060  	-0.1204  	0.34189  	0.25818  	0.09203  	-0.1583  	0.00801  	0.40145  	-0.0848  	0.44472  	0.16398  	-0.6860  	0.26655  	0.35137  	0.02962  	-0.1189  	0.38432  	0.00766  	-0.0648  	0.03037  	-0.0217  	0.01001  	-0.0755  	-0.0136  	-0.0432  	-0.0235  	0.01902  	-0.0439  	-0.0586  	0.00557  	-0.0028  	-0.0369  	0.01514  	0.00535  	0.00667  	0.07156  	-0.0113  	0.14880  	-0.0095  	0.03107  	0.00427  	-0.0398  	0.10221  	
-0.2772  	0.09300  	-0.2095  	-1.6561  	-0.9875  	-1.2940  	0.29635  	0.35619  	0.18919  	0.22756  	0.62521  	-0.0899  	0.22178  	0.07042  	-0.1513  	0.58745  	-0.1101  	-0.1825  	0.10632  	-0.0834  	0.38616  	0.31039  	-0.2213  	0.47168  	0.61569  	-0.3977  	0.36280  	-0.9185  	-0.3056  	0.34496  	0.22734  	0.15066  	-0.1578  	-0.0176  	0.49568  	-0.1366  	0.58352  	0.20998  	-0.7398  	0.21365  	0.29642  	0.02441  	-0.1218  	0.38433  	0.00300  	-0.0668  	0.02015  	-0.0066  	0.02473  	-0.0769  	-0.0176  	-0.0432  	-0.0241  	0.02425  	-0.0464  	-0.0439  	0.00113  	0.00264  	-0.0361  	0.02013  	0.00647  	0.00243  	0.06528  	-0.0188  	0.14880  	-0.0095  	0.03107  	0.00427  	-0.0398  	0.10221  	
-0.2279  	0.09134  	-0.1729  	-1.6403  	-0.9853  	-1.2452  	0.29840  	0.38616  	0.20240  	0.21013  	0.61670  	-0.0829  	0.23388  	0.08499  	-0.1131  	0.61576  	-0.0971  	-0.1941  	0.11509  	-0.0966  	0.39663  	0.32222  	-0.2092  	0.49632  	0.62830  	-0.4037  	0.40194  	-0.9467  	-0.3249  	0.35690  	0.22559  	0.15732  	-0.1614  	-0.0141  	0.50945  	-0.1368  	0.61628  	0.21954  	-0.7318  	0.21263  	0.27634  	0.03142  	-0.1191  	0.38042  	0.00355  	-0.0695  	0.01851  	0.00095  	0.02979  	-0.0841  	-0.0179  	-0.0406  	-0.0241  	0.02680  	-0.0440  	-0.0406  	0.00102  	0.00313  	-0.0370  	0.02620  	0.00605  	-0.0018  	0.07038  	-0.0130  	0.14880  	-0.0095  	0.03107  	0.00427  	-0.0398  	0.10221  	
-0.2267  	0.08625  	-0.1756  	-1.6326  	-0.9796  	-1.2371  	0.29984  	0.38866  	0.20207  	0.21220  	0.61506  	-0.0837  	0.23494  	0.08017  	-0.1099  	0.61691  	-0.0921  	-0.1947  	0.11380  	-0.0917  	0.39276  	0.31951  	-0.2083  	0.50066  	0.62922  	-0.4038  	0.40493  	-0.9454  	-0.3255  	0.35881  	0.22452  	0.15845  	-0.1630  	-0.0134  	0.50848  	-0.1374  	0.61362  	0.22108  	-0.7290  	0.21165  	0.27038  	0.03151  	-0.1194  	0.38069  	0.00405  	-0.0685  	0.01793  	0.00020  	0.02983  	-0.0857  	-0.0175  	-0.0402  	-0.0243  	0.02607  	-0.0436  	-0.0414  	0.00138  	0.00354  	-0.0377  	0.02522  	0.00588  	-0.0018  	0.07136  	-0.0122  	0.14880  	-0.0095  	0.03107  	0.00427  	-0.0398  	0.10221  	
-0.2295  	0.08369  	-0.1710  	-1.6348  	-0.9704  	-1.2506  	0.30218  	0.37938  	0.19115  	0.22240  	0.61764  	-0.0869  	0.23262  	0.07665  	-0.1288  	0.61664  	-0.1006  	-0.1816  	0.11227  	-0.0814  	0.38704  	0.31352  	-0.2192  	0.49706  	0.62972  	-0.4045  	0.39832  	-0.9349  	-0.3152  	0.35351  	0.22273  	0.15882  	-0.1553  	-0.0138  	0.50591  	-0.1300  	0.61039  	0.21699  	-0.7293  	0.20927  	0.27488  	0.03320  	-0.1184  	0.38035  	0.00306  	-0.0680  	0.01899  	0.00229  	0.02941  	-0.0846  	-0.0176  	-0.0407  	-0.0244  	0.02590  	-0.0425  	-0.0417  	0.00284  	0.00229  	-0.0378  	0.02413  	0.00660  	-0.0034  	0.07061  	-0.0130  	0.14880  	-0.0095  	0.03107  	0.00427  	-0.0398  	0.10221  	
-0.2406  	0.07588  	-0.1619  	-1.6462  	-0.9664  	-1.2581  	0.30963  	0.37079  	0.19361  	0.24824  	0.62276  	-0.0836  	0.22728  	0.05919  	-0.1716  	0.62127  	-0.1025  	-0.1677  	0.10769  	-0.0470  	0.36248  	0.29949  	-0.2342  	0.47868  	0.64192  	-0.3995  	0.37150  	-0.8926  	-0.2778  	0.34975  	0.22743  	0.15190  	-0.1461  	-0.0149  	0.47957  	-0.1142  	0.58575  	0.21131  	-0.7170  	0.21060  	0.28764  	0.03095  	-0.1064  	0.38036  	0.00440  	-0.0694  	0.02125  	0.00594  	0.03034  	-0.0873  	-0.0176  	-0.0416  	-0.0263  	0.02367  	-0.0407  	-0.0436  	0.00547  	-0.0001  	-0.0384  	0.02360  	0.00644  	-0.0072  	0.07259  	-0.0129  	0.14880  	-0.0095  	0.03107  	0.00427  	-0.0398  	0.10221  	
-0.3980  	0.05144  	-0.2639  	-1.6841  	-0.9544  	-1.3737  	0.27949  	0.33079  	0.17056  	0.29737  	0.57941  	-0.1135  	0.22625  	0.01132  	-0.2542  	0.57370  	-0.1142  	-0.1026  	0.11004  	0.00119  	0.27099  	0.27911  	-0.2904  	0.44419  	0.65887  	-0.3967  	0.30709  	-0.7854  	-0.1754  	0.34660  	0.22440  	0.12513  	-0.1496  	-0.0119  	0.44074  	-0.0877  	0.50959  	0.18621  	-0.6876  	0.24464  	0.32519  	0.02369  	-0.1121  	0.38158  	0.00818  	-0.0695  	0.02503  	-0.0009  	0.02135  	-0.0730  	-0.0041  	-0.0430  	-0.0247  	0.02110  	-0.0399  	-0.0528  	0.00775  	0.00380  	-0.0280  	0.02118  	0.00138  	-0.0058  	0.07449  	-0.0162  	0.14880  	-0.0095  	0.03107  	0.00427  	-0.0398  	0.10221  	
-0.6593  	-0.0519  	-0.4665  	-1.8511  	-0.9959  	-1.5286  	0.28359  	0.13968  	0.07246  	0.36804  	0.62499  	-0.1332  	0.14111  	-0.2069  	-0.4142  	0.49782  	-0.1283  	-0.0402  	0.09638  	0.07802  	0.07765  	0.27514  	-0.3255  	0.34252  	0.64505  	-0.3616  	0.18086  	-0.5951  	-0.0283  	0.36001  	0.24304  	0.10157  	-0.1958  	-0.0122  	0.31382  	0.03330  	0.37636  	0.14041  	-0.6634  	0.28174  	0.35242  	0.02869  	-0.1188  	0.38158  	0.01478  	-0.0688  	0.02892  	-0.0042  	0.01192  	-0.0838  	-0.0065  	-0.0466  	-0.0247  	0.02125  	-0.0431  	-0.0566  	0.01277  	0.00318  	-0.0325  	0.02055  	-0.0039  	-0.0056  	0.07527  	-0.0085  	0.14880  	-0.0095  	0.03107  	0.00427  	-0.0398  	0.10221  	
-0.6626  	-0.1012  	-0.4836  	-1.8056  	-0.9713  	-1.5095  	0.31085  	0.09181  	0.05686  	0.41008  	0.56078  	-0.1221  	0.16132  	-0.2694  	-0.4746  	0.49770  	-0.1256  	-0.0069  	0.09393  	0.07370  	-0.0548  	0.26618  	-0.3672  	0.34312  	0.70359  	-0.3737  	0.19196  	-0.4873  	0.05919  	0.37219  	0.24465  	0.10279  	-0.2104  	-0.0078  	0.29291  	0.08106  	0.29589  	0.10881  	-0.6270  	0.32657  	0.35383  	0.03505  	-0.1271  	0.38284  	0.01171  	-0.0759  	0.02501  	-0.0057  	0.02192  	-0.0883  	0.00522  	-0.0449  	-0.0256  	0.01493  	-0.0402  	-0.0624  	0.01951  	0.00813  	-0.0300  	0.01723  	-0.0077  	-0.0067  	0.07644  	-0.0061  	0.14880  	-0.0095  	0.03107  	0.00427  	-0.0398  	0.10221  	
-0.5972  	-0.1001  	-0.4597  	-1.6962  	-0.8320  	-1.4820  	0.35305  	0.07077  	0.04785  	0.45083  	0.54479  	-0.0937  	0.17871  	-0.2822  	-0.4644  	0.59922  	-0.1755  	0.01292  	0.07868  	0.10654  	-0.1354  	0.28120  	-0.5019  	0.33360  	0.77144  	-0.3880  	0.20012  	-0.4417  	0.10187  	0.39518  	0.21532  	0.11525  	-0.2163  	0.00646  	0.30040  	0.14068  	0.24971  	0.10602  	-0.6045  	0.33129  	0.35665  	0.03672  	-0.1242  	0.37897  	0.01628  	-0.0783  	0.02209  	0.00140  	0.03552  	-0.0897  	0.01436  	-0.0457  	-0.0247  	0.01327  	-0.0326  	-0.0632  	0.02447  	0.00680  	-0.0325  	0.02164  	-0.0087  	-0.0191  	0.07701  	-0.0096  	0.14880  	-0.0095  	0.03107  	0.00427  	-0.0398  	0.10221  	
-0.5830  	-0.0791  	-0.4311  	-1.6878  	-0.8188  	-1.5011  	0.28323  	0.12683  	0.01845  	0.36190  	0.53326  	-0.1120  	0.21826  	-0.4283  	-0.4475  	0.57822  	-0.0569  	-0.2170  	0.20994  	-0.1656  	-0.0255  	0.02823  	-0.7514  	0.38939  	0.76481  	-0.3069  	0.25418  	-0.5703  	0.11280  	0.40397  	0.31288  	0.09793  	-0.3460  	-0.1766  	0.26874  	0.14047  	0.21508  	0.12042  	-0.7468  	0.24959  	0.40765  	0.17259  	-0.2473  	0.47082  	-0.0418  	-0.0524  	-0.0127  	0.02068  	0.02278  	-0.1109  	0.01959  	-0.0413  	-0.0211  	0.03396  	-0.0266  	-0.0597  	0.02306  	-0.0086  	-0.0264  	0.03208  	-0.0001  	-0.0264  	0.06638  	-0.0099  	0.14880  	-0.0095  	0.03107  	0.00427  	-0.0398  	0.10221  	
-0.5451  	-0.0784  	-0.3727  	-1.4613  	-0.7905  	-1.4484  	0.20477  	0.22836  	-0.0156  	0.25692  	0.43324  	-0.1279  	0.29428  	-0.2909  	-0.2240  	0.45322  	0.03383  	-0.4080  	0.25994  	-0.3806  	0.08110  	-0.0945  	-0.9868  	0.47945  	0.73838  	-0.2138  	0.36083  	-0.7414  	0.17911  	0.45403  	0.36462  	0.04986  	-0.4230  	-0.3091  	0.28883  	0.06790  	0.15911  	0.10382  	-0.8594  	0.16000  	0.39399  	0.32426  	-0.3597  	0.51634  	-0.0770  	-0.0293  	-0.0363  	0.03318  	0.00847  	-0.1320  	0.02213  	-0.0384  	-0.0157  	0.04077  	-0.0410  	-0.0582  	0.02374  	-0.0147  	-0.0233  	0.04343  	-0.0033  	-0.0314  	0.03795  	-0.0125  	0.14880  	-0.0095  	0.03107  	0.00427  	-0.0398  	0.10221  	
-0.3383  	-0.0088  	-0.3714  	-1.1897  	-0.5977  	-1.4329  	0.23205  	0.29380  	0.01325  	0.29354  	0.26665  	-0.0730  	0.38829  	-0.1176  	0.03055  	0.41010  	0.02539  	-0.4358  	0.25851  	-0.4260  	0.09263  	-0.1151  	-1.0768  	0.46236  	0.74307  	-0.2006  	0.29255  	-0.7126  	0.24653  	0.43712  	0.41454  	0.01651  	-0.4202  	-0.3119  	0.32912  	0.01429  	0.10646  	0.06703  	-0.8370  	0.20074  	0.40478  	0.34918  	-0.3920  	0.55551  	-0.0972  	-0.0187  	-0.0486  	0.04111  	0.00212  	-0.1087  	0.03011  	-0.0366  	-0.0216  	0.04738  	-0.0333  	-0.0567  	0.02452  	-0.0132  	-0.0200  	0.03404  	-0.0036  	-0.0207  	0.02649  	-0.0169  	0.14880  	-0.0095  	0.03107  	0.00427  	-0.0398  	0.10221  	
-0.2301  	0.05422  	-0.3502  	-1.0232  	-0.4810  	-1.3671  	0.27767  	0.32574  	0.06365  	0.26577  	0.15936  	-0.0538  	0.43714  	0.10374  	0.26943  	0.23913  	-0.0171  	-0.4669  	0.21813  	-0.4528  	0.05855  	-0.0090  	-1.0299  	0.42651  	0.79265  	-0.2594  	0.37935  	-0.6836  	0.30287  	0.48794  	0.31701  	0.01763  	-0.3541  	-0.2609  	0.41526  	0.00716  	0.09827  	0.04542  	-0.7788  	0.23625  	0.33862  	0.32526  	-0.3613  	0.52643  	-0.0793  	-0.0421  	-0.0251  	0.05670  	0.02615  	-0.1297  	0.02303  	-0.0447  	-0.0310  	0.03225  	-0.0399  	-0.0489  	0.01951  	-0.0171  	-0.0319  	0.02424  	-0.0016  	-0.0219  	0.04661  	-0.0143  	0.14880  	-0.0095  	0.03107  	0.00427  	-0.0398  	0.10221  	
-0.1663  	0.10602  	-0.4451  	-0.8000  	-0.3718  	-1.2738  	0.33503  	0.37663  	0.12713  	0.24052  	-0.0496  	-0.0960  	0.49606  	0.33884  	0.33353  	0.29548  	-0.1249  	-0.3167  	0.16598  	-0.2845  	-0.0287  	0.21267  	-0.7887  	0.37938  	0.87421  	-0.3356  	0.37951  	-0.5852  	0.36427  	0.57440  	0.22903  	0.02762  	-0.2741  	-0.1299  	0.40356  	-0.0168  	0.10982  	0.04773  	-0.6431  	0.31572  	0.25605  	0.21949  	-0.2713  	0.47580  	-0.0432  	-0.0554  	-0.0111  	0.03232  	0.03776  	-0.1141  	0.00608  	-0.0500  	-0.0241  	0.02605  	-0.0289  	-0.0413  	0.01342  	-0.0087  	-0.0273  	0.03105  	-0.0016  	-0.0187  	0.03814  	-0.0199  	0.14880  	-0.0095  	0.03107  	0.00427  	-0.0398  	0.10221  	
-0.2749  	0.01825  	-0.5722  	-0.7813  	-0.3326  	-1.3406  	0.30030  	0.26262  	0.13607  	0.28461  	0.03166  	-0.0755  	0.42701  	0.45314  	0.31087  	0.33025  	-0.1907  	-0.2046  	0.04460  	0.06642  	-0.0597  	0.42304  	-0.5704  	0.45586  	1.00110  	-0.4628  	0.35241  	-0.5313  	0.21459  	0.60484  	0.14497  	0.06491  	-0.2061  	0.00376  	0.52610  	-0.0025  	0.19055  	0.02477  	-0.5638  	0.42732  	0.11374  	0.10086  	-0.1966  	0.38950  	0.02626  	-0.0883  	0.02237  	-0.0011  	0.04154  	-0.1031  	0.01286  	-0.0529  	-0.0363  	0.00570  	-0.0496  	-0.0524  	0.02938  	-0.0003  	-0.0394  	0.02582  	-0.0076  	-0.0157  	0.05479  	-0.0134  	0.14880  	-0.0095  	0.03107  	0.00427  	-0.0398  	0.10221  	
-0.6699  	-0.0884  	-0.7198  	-1.3474  	-0.5931  	-1.7443  	0.34623  	0.22919  	0.11271  	0.37803  	0.37651  	-0.0115  	0.31593  	0.18956  	-0.1391  	0.44187  	-0.1979  	-0.0244  	0.04183  	0.18419  	-0.0330  	0.26066  	-0.5976  	0.40081  	0.73372  	-0.3892  	0.17055  	-0.4147  	0.13038  	0.43940  	0.21515  	0.05346  	-0.1538  	0.00032  	0.48467  	-9.2660  	0.20194  	0.01329  	-0.5627  	0.40329  	0.20112  	0.06521  	-0.2124  	0.37704  	0.02006  	-0.0754  	0.01412  	-0.0050  	0.01102  	-0.0869  	-0.0068  	-0.0339  	-0.0301  	0.01378  	-0.0434  	-0.0525  	0.02502  	-0.0035  	-0.0307  	0.02154  	0.00753  	-0.0056  	0.04989  	-0.0188  	0.14880  	-0.0095  	0.03107  	0.00427  	-0.0398  	0.10221  	
-0.9182  	-0.2109  	-0.7171  	-1.5991  	-0.6894  	-1.7763  	0.36231  	0.10732  	0.04212  	0.39201  	0.61344  	0.08580  	0.27925  	-0.0202  	-0.3469  	0.34716  	-0.2259  	0.01846  	0.07781  	0.24708  	-0.0029  	0.27721  	-0.4603  	0.40593  	0.62528  	-0.3669  	0.04124  	-0.3800  	0.07001  	0.36686  	0.21429  	0.05382  	-0.1546  	0.00030  	0.36483  	0.00121  	0.23279  	0.06414  	-0.5932  	0.32006  	0.28261  	0.05504  	-0.1808  	0.33576  	0.04904  	-0.0790  	0.02418  	0.00861  	0.02911  	-0.0969  	-0.0016  	-0.0530  	-0.0305  	0.00812  	-0.0557  	-0.0644  	0.02904  	0.00392  	-0.0359  	0.01780  	-0.0168  	-0.0088  	0.04546  	-0.0130  	0.14880  	-0.0095  	0.03107  	0.00427  	-0.0398  	0.10221  	
-0.9047  	-0.1398  	-0.7046  	-1.6720  	-0.7700  	-1.7166  	0.30823  	0.17719  	0.06645  	0.45879  	0.59108  	0.00346  	0.23857  	-0.0940  	-0.3845  	0.41773  	-0.2028  	-0.0372  	0.09409  	0.18215  	0.01058  	0.29452  	-0.4277  	0.36451  	0.69939  	-0.3543  	0.10392  	-0.4996  	0.07781  	0.39585  	0.23235  	0.05926  	-0.1739  	0.01726  	0.30343  	0.01719  	0.25611  	0.07968  	-0.5802  	0.32562  	0.30514  	0.03190  	-0.1624  	0.37073  	0.02603  	-0.0731  	0.02999  	0.00526  	0.02103  	-0.0929  	-0.0015  	-0.0489  	-0.0300  	0.01968  	-0.0462  	-0.0600  	0.02472  	0.00620  	-0.0363  	0.02389  	-0.0049  	-0.0208  	0.05635  	-0.0140  	0.14880  	-0.0095  	0.03107  	0.00427  	-0.0398  	0.10221  	
-0.6728  	-0.0457  	-0.4965  	-1.7654  	-0.8875  	-1.5480  	0.29968  	0.21343  	0.07909  	0.36764  	0.45529  	-0.0813  	0.25307  	-0.0356  	-0.2860  	0.41329  	-0.1356  	-0.0169  	0.09038  	0.09553  	0.01608  	0.31193  	-0.3789  	0.33242  	0.73671  	-0.3660  	0.17701  	-0.5692  	0.08207  	0.38318  	0.24254  	0.03894  	-0.1891  	0.01095  	0.30928  	0.01591  	0.26820  	0.11352  	-0.5884  	0.32846  	0.33876  	0.02861  	-0.1096  	0.38521  	0.01182  	-0.0780  	0.01628  	0.00057  	0.00997  	-0.0917  	-0.0045  	-0.0485  	-0.0337  	0.01701  	-0.0406  	-0.0537  	0.02074  	-0.0029  	-0.0286  	0.02393  	0.00496  	-0.0150  	0.07382  	-0.0083  	0.14880  	-0.0095  	0.03107  	0.00427  	-0.0398  	0.10221  	
-0.6870  	-0.0822  	-0.4319  	-1.8022  	-0.9510  	-1.4497  	0.30572  	0.18668  	0.10318  	0.34821  	0.49683  	-0.1637  	0.17096  	-0.2077  	-0.3461  	0.43504  	-0.1162  	-0.0430  	0.10819  	0.07118  	0.02915  	0.30092  	-0.2895  	0.34386  	0.72432  	-0.3711  	0.22197  	-0.6086  	0.02715  	0.38194  	0.24680  	0.07497  	-0.1964  	0.00623  	0.27270  	0.00641  	0.34079  	0.13863  	-0.6320  	0.31953  	0.37106  	0.00586  	-0.0970  	0.40089  	0.00730  	-0.0775  	0.02880  	-0.0085  	0.02129  	-0.0904  	-0.0048  	-0.0429  	-0.0269  	0.01636  	-0.0390  	-0.0595  	0.01428  	0.00273  	-0.0326  	0.02224  	-0.0006  	-0.0115  	0.07638  	-0.0108  	0.14880  	-0.0095  	0.03107  	0.00427  	-0.0398  	0.10221  	
-0.6956  	-0.0875  	-0.4273  	-1.8583  	-1.0234  	-1.4532  	0.26788  	0.11436  	0.07156  	0.33024  	0.49828  	-0.1963  	0.13086  	-0.3300  	-0.4326  	0.47134  	-0.1007  	-0.0897  	0.14179  	0.02672  	0.06790  	0.29067  	-0.2504  	0.32733  	0.69326  	-0.3686  	0.25847  	-0.6898  	-0.0165  	0.38202  	0.21919  	0.10589  	-0.2171  	-0.0101  	0.27962  	0.03657  	0.40786  	0.16348  	-0.6368  	0.31251  	0.38456  	0.02134  	-0.1027  	0.41174  	0.00781  	-0.0705  	0.02323  	-0.0092  	0.00857  	-0.0928  	-0.0102  	-0.0419  	-0.0288  	0.02203  	-0.0424  	-0.0575  	0.01078  	0.00232  	-0.0351  	0.01739  	-0.0017  	-0.0131  	0.07364  	-0.0137  	0.14880  	-0.0095  	0.03107  	0.00427  	-0.0398  	0.10221  	
-0.7332  	-0.0745  	-0.4533  	-1.8250  	-0.9698  	-1.5018  	0.29939  	0.09604  	0.07283  	0.37525  	0.44552  	-0.2025  	0.16300  	-0.2942  	-0.4351  	0.47460  	-0.1000  	-0.0480  	0.12478  	0.06832  	-0.0634  	0.31392  	-0.3140  	0.30080  	0.73347  	-0.3646  	0.17858  	-0.5682  	0.07294  	0.40234  	0.22525  	0.10710  	-0.2057  	-0.0024  	0.23219  	0.06867  	0.31341  	0.13356  	-0.6114  	0.32133  	0.40710  	0.01076  	-0.0965  	0.40728  	0.00843  	-0.0763  	0.01937  	-0.0076  	0.02259  	-0.0956  	-0.0055  	-0.0428  	-0.0278  	0.02089  	-0.0408  	-0.0591  	0.01235  	0.00217  	-0.0317  	0.02024  	0.00144  	-0.0167  	0.06910  	-0.0137  	0.14880  	-0.0095  	0.03107  	0.00427  	-0.0398  	0.10221  	
-0.5873  	-0.0601  	-0.4016  	-1.7860  	-0.9274  	-1.4792  	0.32905  	0.14695  	0.11946  	0.37571  	0.37888  	-0.2055  	0.26261  	-0.1397  	-0.4133  	0.46801  	-0.1359  	-0.0381  	0.11172  	0.08273  	-0.0800  	0.30633  	-0.3847  	0.30826  	0.79313  	-0.4012  	0.18615  	-0.5491  	0.09080  	0.40934  	0.24363  	0.08705  	-0.1914  	0.01341  	0.27645  	0.04377  	0.32567  	0.12342  	-0.5910  	0.31932  	0.38448  	0.00694  	-0.1013  	0.38712  	0.01528  	-0.0764  	0.01635  	0.00488  	0.04281  	-0.0930  	0.01415  	-0.0423  	-0.0316  	0.01141  	-0.0357  	-0.0428  	0.01328  	0.00204  	-0.0325  	0.02313  	0.00563  	-0.0129  	0.07027  	-0.0068  	0.14880  	-0.0095  	0.03107  	0.00427  	-0.0398  	0.10221  	
-0.8402  	-0.1407  	-0.6276  	-1.8477  	-0.8893  	-1.6820  	0.31315  	0.07625  	0.06047  	0.44075  	0.54730  	-0.1231  	0.21985  	-0.1790  	-0.4571  	0.38840  	-0.1485  	-0.0107  	0.07732  	0.13145  	-0.0752  	0.29230  	-0.4221  	0.35488  	0.75480  	-0.3709  	0.16369  	-0.5058  	0.09325  	0.40030  	0.25395  	0.06090  	-0.1909  	0.01765  	0.28641  	0.07179  	0.24031  	0.08477  	-0.5750  	0.35243  	0.31046  	0.03372  	-0.1345  	0.38183  	0.01014  	-0.0751  	0.02529  	-0.0034  	0.02432  	-0.0931  	0.00918  	-0.0429  	-0.0391  	0.01631  	-0.0403  	-0.0585  	0.01454  	0.00267  	-0.0305  	0.02116  	0.00302  	-0.0177  	0.07511  	-0.0115  	0.14880  	-0.0095  	0.03107  	0.00427  	-0.0398  	0.10221  	
-0.8489  	-0.1602  	-0.6721  	-1.7061  	-0.7898  	-1.6730  	0.29471  	0.14686  	0.06421  	0.37977  	0.59753  	-0.0349  	0.23715  	-0.1386  	-0.4264  	0.44377  	-0.1806  	-0.0281  	0.07534  	0.15633  	0.01158  	0.26572  	-0.4318  	0.38872  	0.67806  	-0.3701  	0.15996  	-0.4710  	0.07566  	0.39107  	0.23169  	0.08224  	-0.1833  	0.00893  	0.36569  	0.03861  	0.25591  	0.08255  	-0.6016  	0.33267  	0.28496  	0.05226  	-0.1729  	0.35589  	0.02853  	-0.0741  	0.02883  	-0.0145  	0.02474  	-0.0920  	0.00355  	-0.0474  	-0.0396  	0.01395  	-0.0422  	-0.0606  	0.02538  	0.00231  	-0.0285  	0.02127  	0.00188  	-0.0155  	0.07786  	-0.0073  	0.14880  	-0.0095  	0.03107  	0.00427  	-0.0398  	0.10221  	
-0.9477  	-0.1562  	-0.7039  	-1.7397  	-0.8119  	-1.7402  	0.28899  	0.16663  	0.06441  	0.42096  	0.61973  	-0.0071  	0.23583  	-0.1064  	-0.4188  	0.41685  	-0.1888  	0.00079  	0.09262  	0.20297  	-0.0419  	0.24303  	-0.4656  	0.36256  	0.66706  	-0.3547  	0.08265  	-0.4357  	0.07056  	0.37084  	0.24222  	0.05480  	-0.1594  	0.01117  	0.32248  	0.03356  	0.23647  	0.07699  	-0.5848  	0.33639  	0.28869  	0.03921  	-0.1694  	0.36478  	0.02603  	-0.0748  	0.02820  	-0.0042  	0.01614  	-0.0903  	-0.0103  	-0.0455  	-0.0298  	0.01159  	-0.0419  	-0.0625  	0.01744  	0.00250  	-0.0315  	0.02254  	0.00208  	-0.0071  	0.07118  	-0.0132  	0.14880  	-0.0095  	0.03107  	0.00427  	-0.0398  	0.10221  	
-0.8102  	-0.1192  	-0.5968  	-1.7057  	-0.7920  	-1.6004  	0.28275  	0.16487  	0.07932  	0.36347  	0.54558  	-0.0312  	0.21715  	-0.1003  	-0.3072  	0.42998  	-0.1629  	-0.0033  	0.08823  	0.14829  	-0.0287  	0.24835  	-0.4140  	0.33482  	0.66378  	-0.3679  	0.10115  	-0.4496  	0.06220  	0.39333  	0.25175  	0.06947  	-0.1631  	0.01185  	0.31025  	0.00949  	0.26889  	0.08445  	-0.5950  	0.32278  	0.31606  	0.02578  	-0.1399  	0.37538  	0.02548  	-0.0698  	0.02467  	-0.0144  	0.02351  	-0.0894  	-0.0028  	-0.0473  	-0.0336  	0.01373  	-0.0439  	-0.0601  	0.01616  	0.00528  	-0.0293  	0.02021  	-0.0013  	-0.0068  	0.06987  	-0.0143  	0.14880  	-0.0095  	0.03107  	0.00427  	-0.0398  	0.10221  	
-0.7257  	-0.0934  	-0.4442  	-1.8485  	-0.9441  	-1.5284  	0.28524  	0.21308  	0.10682  	0.38144  	0.50049  	-0.1466  	0.20830  	-0.1411  	-0.3784  	0.43372  	-0.1283  	-0.0619  	0.10527  	0.09104  	0.03978  	0.27810  	-0.2979  	0.36217  	0.64325  	-0.3576  	0.15820  	-0.5878  	0.01874  	0.37487  	0.25594  	0.07525  	-0.1814  	0.01185  	0.26414  	-0.0269  	0.31385  	0.11188  	-0.6256  	0.30317  	0.37111  	0.02533  	-0.1093  	0.38856  	0.01945  	-0.0673  	0.02820  	-0.0086  	0.03010  	-0.0888  	-0.0175  	-0.0493  	-0.0306  	0.01871  	-0.0464  	-0.0656  	0.01806  	0.00255  	-0.0353  	0.01744  	0.00236  	-0.0139  	0.06697  	-0.0083  	0.14880  	-0.0095  	0.03107  	0.00427  	-0.0398  	0.10221  	
-0.5712  	-0.0223  	-0.3703  	-1.7257  	-0.9395  	-1.4087  	0.26649  	0.22627  	0.09615  	0.31029  	0.44738  	-0.1116  	0.22837  	-0.1150  	-0.2910  	0.43695  	-0.1055  	-0.0889  	0.09444  	0.02975  	0.10813  	0.29383  	-0.2531  	0.41238  	0.65452  	-0.3582  	0.22742  	-0.6534  	-0.0448  	0.37425  	0.24994  	0.10725  	-0.1710  	-0.0102  	0.30882  	-0.0480  	0.38379  	0.11689  	-0.6171  	0.31616  	0.36813  	0.03323  	-0.1004  	0.39816  	0.01757  	-0.0755  	0.02146  	-0.0062  	0.01738  	-0.0833  	-0.0092  	-0.0420  	-0.0290  	0.01309  	-0.0457  	-0.0571  	0.01342  	0.00264  	-0.0270  	0.01385  	0.00200  	-0.0091  	0.05890  	-0.0111  	0.14880  	-0.0095  	0.03107  	0.00427  	-0.0398  	0.10221  	
-0.3245  	0.06050  	-0.2400  	-1.6404  	-0.9448  	-1.2812  	0.28500  	0.32237  	0.14501  	0.26301  	0.45451  	-0.1549  	0.27606  	0.03371  	-0.1403  	0.50836  	-0.0945  	-0.1279  	0.13646  	-0.0355  	0.23495  	0.32759  	-0.2635  	0.44036  	0.68448  	-0.3947  	0.30184  	-0.8226  	-0.1502  	0.35575  	0.24703  	0.11457  	-0.1686  	-0.0195  	0.41157  	-0.0682  	0.47459  	0.15604  	-0.6659  	0.26173  	0.30117  	0.01848  	-0.0984  	0.39357  	0.00490  	-0.0704  	0.02344  	-0.0019  	0.03260  	-0.0755  	-0.0046  	-0.0466  	-0.0242  	0.01892  	-0.0390  	-0.0455  	0.01075  	0.00312  	-0.0364  	0.02155  	0.00100  	-0.0012  	0.07028  	-0.0120  	0.14880  	-0.0095  	0.03107  	0.00427  	-0.0398  	0.10221  	
-0.1492  	0.06329  	-0.1637  	-1.4693  	-0.8156  	-1.1414  	0.35823  	0.34692  	0.14163  	0.26617  	0.25620  	-0.2189  	0.36306  	0.19754  	-0.0392  	0.49003  	-0.1114  	-0.1582  	0.10935  	-0.0662  	0.14508  	0.40854  	-0.3148  	0.39399  	0.86481  	-0.4235  	0.38971  	-0.7795  	-0.0485  	0.44888  	0.20495  	0.10598  	-0.1919  	0.01418  	0.41450  	-0.0252  	0.40047  	0.12377  	-0.5848  	0.30590  	0.27252  	0.04319  	-0.1180  	0.41132  	0.01076  	-0.0687  	0.00119  	0.04221  	0.05917  	-0.0944  	0.00759  	-0.0459  	-0.0255  	0.01682  	-0.0405  	-0.0309  	0.00524  	-0.0006  	-0.0362  	0.02629  	0.00131  	-6.9306  	0.07251  	-0.0177  	0.14880  	-0.0095  	0.03107  	0.00427  	-0.0398  	0.10221  	
-0.2103  	0.03793  	-0.3370  	-1.3159  	-0.6501  	-1.2731  	0.39328  	0.23709  	0.10899  	0.38386  	0.04981  	-0.2605  	0.41259  	0.30811  	0.13352  	0.30544  	-0.1229  	-0.2065  	0.09313  	-0.0321  	0.00438  	0.44012  	-0.3784  	0.38803  	0.94538  	-0.4423  	0.45792  	-0.7342  	0.10300  	0.54140  	0.18417  	0.08919  	-0.2347  	0.01879  	0.40990  	0.01411  	0.32658  	0.07881  	-0.5684  	0.37106  	0.23475  	0.06917  	-0.1333  	0.40163  	0.02134  	-0.0670  	-0.0036  	0.02663  	0.05482  	-0.0918  	0.00638  	-0.0456  	-0.0304  	0.01440  	-0.0389  	-0.0415  	0.00578  	-0.0017  	-0.0337  	0.02524  	-0.0016  	-0.0027  	0.07080  	-0.0211  	0.14880  	-0.0095  	0.03107  	0.00427  	-0.0398  	0.10221  	
-0.4609  	-0.0205  	-0.4831  	-1.5798  	-0.7997  	-1.4109  	0.36092  	0.23066  	0.10777  	0.34172  	0.37768  	-0.1991  	0.28743  	0.00476  	-0.0504  	0.44586  	-0.1316  	-0.1264  	0.11638  	0.05391  	0.15865  	0.31533  	-0.3834  	0.44605  	0.73778  	-0.3757  	0.32415  	-0.7167  	-0.0435  	0.38387  	0.21958  	0.12976  	-0.2170  	0.01413  	0.41683  	-0.0255  	0.41998  	0.12407  	-0.6479  	0.35630  	0.26974  	0.05673  	-0.1477  	0.40343  	-0.0092  	-0.0702  	0.01224  	0.00913  	0.03147  	-0.0919  	-0.0139  	-0.0452  	-0.0330  	0.01600  	-0.0384  	-0.0519  	0.01728  	-0.0032  	-0.0303  	0.02492  	0.00866  	-0.0048  	0.06226  	-0.0137  	0.14880  	-0.0095  	0.03107  	0.00427  	-0.0398  	0.10221  	
-0.5725  	-0.0977  	-0.4119  	-1.7825  	-0.9660  	-1.5264  	0.30843  	0.08903  	0.02865  	0.36315  	0.58678  	-0.1208  	0.12126  	-0.3257  	-0.4449  	0.54606  	-0.1239  	-0.0163  	0.10812  	0.06411  	0.05869  	0.27410  	-0.4353  	0.45225  	0.65902  	-0.3752  	0.27413  	-0.6647  	-0.0861  	0.34219  	0.20023  	0.11366  	-0.2471  	-0.0020  	0.35931  	0.10252  	0.42446  	0.14894  	-0.6713  	0.33645  	0.30660  	0.04918  	-0.1480  	0.37751  	-0.0036  	-0.0741  	0.00480  	0.00130  	0.02444  	-0.0914  	-0.0121  	-0.0463  	-0.0293  	0.03145  	-0.0468  	-0.0516  	0.01338  	0.00359  	-0.0097  	0.00273  	-0.0095  	0.01280  	0.08249  	-0.0186  	0.14880  	-0.0095  	0.03107  	0.00427  	-0.0398  	0.10221  	
-0.5563  	-0.1106  	-0.4356  	-1.7365  	-0.8966  	-1.4904  	0.34217  	0.06388  	0.06309  	0.35741  	0.52780  	-0.1989  	0.16251  	-0.3246  	-0.4867  	0.54814  	-0.1632  	-0.0328  	0.10799  	0.04482  	-0.0563  	0.31865  	-0.3778  	0.40125  	0.78729  	-0.4028  	0.27028  	-0.5656  	0.07135  	0.39231  	0.20535  	0.12701  	-0.2421  	-0.0097  	0.30989  	0.13970  	0.34934  	0.13386  	-0.6345  	0.32689  	0.35339  	0.03864  	-0.1134  	0.40917  	0.01645  	-0.0787  	0.01561  	0.00890  	0.03803  	-0.0946  	0.00765  	-0.0381  	-0.0245  	0.01659  	-0.0311  	-0.0633  	0.01830  	0.00440  	-0.0282  	0.02084  	-0.0059  	-0.0118  	0.07869  	-0.0126  	0.14880  	-0.0095  	0.03107  	0.00427  	-0.0398  	0.10221  	
-0.6420  	-0.1120  	-0.4404  	-1.8517  	-0.9811  	-1.4602  	0.33834  	0.07544  	0.05350  	0.39275  	0.51753  	-0.1753  	0.16219  	-0.3479  	-0.6210  	0.57758  	-0.1458  	0.00492  	0.09768  	0.09021  	-0.1376  	0.27610  	-0.4007  	0.30334  	0.74822  	-0.3668  	0.17417  	-0.4913  	0.11249  	0.37218  	0.22136  	0.11202  	-0.2176  	-0.0020  	0.24953  	0.14636  	0.27301  	0.12570  	-0.5865  	0.34011  	0.37997  	0.03192  	-0.0905  	0.40404  	0.00274  	-0.0768  	0.02358  	0.00231  	0.02903  	-0.0908  	0.00607  	-0.0476  	-0.0220  	0.01601  	-0.0296  	-0.0629  	0.01552  	0.00106  	-0.0329  	0.02202  	0.00148  	-0.0144  	0.07487  	-0.0027  	0.14880  	-0.0095  	0.03107  	0.00427  	-0.0398  	0.10221  	
-0.6703  	-0.1255  	-0.5086  	-1.8348  	-0.9872  	-1.4702  	0.32235  	0.07057  	0.02858  	0.42386  	0.47891  	-0.1406  	0.16011  	-0.3783  	-0.6053  	0.54198  	-0.1538  	0.02519  	0.07552  	0.12569  	-0.1731  	0.25819  	-0.4154  	0.29466  	0.77729  	-0.3793  	0.17227  	-0.4452  	0.12033  	0.38263  	0.23089  	0.10824  	-0.2222  	-0.0053  	0.25079  	0.13834  	0.21988  	0.09879  	-0.5623  	0.35125  	0.36602  	0.03719  	-0.1011  	0.40046  	0.00348  	-0.0723  	0.02833  	0.01293  	0.02952  	-0.0899  	0.00125  	-0.0474  	-0.0217  	0.01734  	-0.0359  	-0.0618  	0.01808  	0.00039  	-0.0336  	0.02604  	0.00149  	-0.0186  	0.08302  	-0.0038  	0.14880  	-0.0095  	0.03107  	0.00427  	-0.0398  	0.10221  	
-0.7450  	-0.1483  	-0.5209  	-1.7846  	-0.9837  	-1.5334  	0.25920  	0.09203  	0.02118  	0.38948  	0.46574  	-0.1788  	0.15837  	-0.4091  	-0.4546  	0.51537  	-0.1037  	-0.0604  	0.10968  	0.08489  	-0.0666  	0.29669  	-0.3509  	0.38922  	0.78615  	-0.3809  	0.24287  	-0.5437  	0.04719  	0.40250  	0.23021  	0.13738  	-0.2385  	-0.0191  	0.29633  	0.09626  	0.31688  	0.10235  	-0.6217  	0.32133  	0.33266  	0.04325  	-0.1221  	0.39489  	0.01488  	-0.0719  	0.02590  	-0.0148  	0.02414  	-0.0878  	0.00590  	-0.0452  	-0.0207  	0.01352  	-0.0420  	-0.0609  	0.01809  	0.00861  	-0.0287  	0.01912  	-0.0097  	-0.0205  	0.07581  	-0.0041  	0.14880  	-0.0095  	0.03107  	0.00427  	-0.0398  	0.10221  	
-0.7655  	-0.1335  	-0.5093  	-1.8682  	-1.0340  	-1.6098  	0.28487  	0.07189  	0.04005  	0.40635  	0.58119  	-0.1588  	0.15600  	-0.3518  	-0.5813  	0.47853  	-0.1066  	-0.0374  	0.09977  	0.10522  	-0.0731  	0.28712  	-0.2827  	0.36466  	0.67206  	-0.3530  	0.17793  	-0.5590  	0.02558  	0.35388  	0.24369  	0.10536  	-0.2206  	-0.0099  	0.26148  	0.08163  	0.30913  	0.12419  	-0.6515  	0.29631  	0.38432  	0.02109  	-0.0933  	0.40438  	0.01382  	-0.0820  	0.03027  	0.00299  	0.02661  	-0.0882  	-0.0050  	-0.0494  	-0.0247  	0.01641  	-0.0372  	-0.0596  	0.01391  	0.00644  	-0.0341  	0.01796  	0.00174  	-0.0022  	0.07027  	-0.0097  	0.14880  	-0.0095  	0.03107  	0.00427  	-0.0398  	0.10221  	
-0.9100  	-0.1435  	-0.5427  	-1.9896  	-1.0559  	-1.6626  	0.30471  	0.05134  	0.03856  	0.45171  	0.56364  	-0.1789  	0.15493  	-0.3238  	-0.6096  	0.42318  	-0.1280  	-0.0009  	0.09074  	0.10073  	-0.1046  	0.28294  	-0.3122  	0.30776  	0.69850  	-0.3481  	0.14585  	-0.4985  	0.07186  	0.36447  	0.25470  	0.08206  	-0.2175  	0.01195  	0.20628  	0.08925  	0.26668  	0.11255  	-0.6090  	0.29483  	0.38160  	0.03155  	-0.0984  	0.38455  	0.01803  	-0.0736  	0.02194  	-0.0097  	0.02014  	-0.0935  	-0.0083  	-0.0452  	-0.0285  	0.01774  	-0.0404  	-0.0649  	0.01613  	0.00258  	-0.0267  	0.01374  	0.00800  	0.00085  	0.06725  	-0.0117  	0.14880  	-0.0095  	0.03107  	0.00427  	-0.0398  	0.10221  	
-1.0201  	-0.1319  	-0.5956  	-2.0641  	-1.0485  	-1.7536  	0.27592  	0.07429  	0.05269  	0.45662  	0.64259  	-0.1644  	0.11445  	-0.3615  	-0.5848  	0.41532  	-0.1403  	-0.0092  	0.11031  	0.06938  	-0.0630  	0.26881  	-0.2872  	0.28858  	0.64996  	-0.3512  	0.13143  	-0.5243  	0.06578  	0.36000  	0.27312  	0.07507  	-0.2202  	0.01266  	0.24012  	0.07106  	0.30239  	0.10374  	-0.6044  	0.28789  	0.39481  	0.03288  	-0.1141  	0.38756  	0.01501  	-0.0763  	0.02378  	-0.0168  	0.02178  	-0.0908  	-0.0073  	-0.0464  	-0.0275  	0.01806  	-0.0402  	-0.0548  	0.00914  	0.00044  	-0.0288  	0.01519  	0.00870  	-0.0014  	0.07794  	-0.0095  	0.14880  	-0.0095  	0.03107  	0.00427  	-0.0398  	0.10221  	
-1.0764  	-0.1604  	-0.6147  	-2.1369  	-1.0657  	-1.8003  	0.27363  	0.04637  	0.04156  	0.47379  	0.68558  	-0.1679  	0.11500  	-0.3964  	-0.6741  	0.42137  	-0.1358  	0.00077  	0.11422  	0.07410  	-0.0558  	0.26162  	-0.2874  	0.28955  	0.61640  	-0.3329  	0.11943  	-0.5348  	0.04004  	0.33938  	0.28604  	0.07022  	-0.2240  	0.00697  	0.21090  	0.06504  	0.30026  	0.10795  	-0.6089  	0.26823  	0.41764  	0.02093  	-0.1116  	0.38632  	0.02256  	-0.0769  	0.02053  	-0.0143  	0.01369  	-0.0928  	-0.0162  	-0.0445  	-0.0261  	0.00922  	-0.0431  	-0.0594  	0.00580  	0.00248  	-0.0297  	0.01495  	0.00795  	-0.0038  	0.07928  	-0.0111  	0.14880  	-0.0095  	0.03107  	0.00427  	-0.0398  	0.10221  	
-1.0021  	-0.1517  	-0.5888  	-2.0727  	-1.0461  	-1.7375  	0.27471  	0.08126  	0.06615  	0.45916  	0.64052  	-0.1309  	0.11598  	-0.3566  	-0.6384  	0.43634  	-0.1296  	-0.0052  	0.11790  	0.07365  	-0.0526  	0.25541  	-0.2774  	0.29862  	0.60163  	-0.3400  	0.09729  	-0.5427  	0.06988  	0.34354  	0.27992  	0.07501  	-0.2184  	0.00932  	0.22189  	0.04516  	0.29225  	0.11770  	-0.6064  	0.27781  	0.40684  	0.02551  	-0.1060  	0.39865  	0.02015  	-0.0765  	0.02611  	-0.0168  	0.02674  	-0.0961  	-0.0116  	-0.0457  	-0.0268  	0.01571  	-0.0359  	-0.0642  	0.01181  	0.00608  	-0.0317  	0.01232  	0.00465  	-0.0035  	0.07853  	-0.0097  	0.14880  	-0.0095  	0.03107  	0.00427  	-0.0398  	0.10221  	
-0.8816  	-0.1167  	-0.5184  	-1.9707  	-1.0272  	-1.6504  	0.25748  	0.11571  	0.07949  	0.40763  	0.58501  	-0.1150  	0.15507  	-0.2817  	-0.5251  	0.45347  	-0.1022  	-0.0141  	0.10870  	0.07518  	-0.0175  	0.26660  	-0.2780  	0.30055  	0.60369  	-0.3431  	0.07919  	-0.5458  	0.05781  	0.34203  	0.28075  	0.07578  	-0.1974  	0.01046  	0.22932  	0.01221  	0.31049  	0.12245  	-0.6019  	0.29043  	0.40498  	0.01837  	-0.1051  	0.39583  	0.01227  	-0.0713  	0.02841  	-0.0174  	0.02139  	-0.0885  	-0.0107  	-0.0445  	-0.0271  	0.01775  	-0.0384  	-0.0621  	0.01066  	0.00491  	-0.0340  	0.01919  	0.00499  	-0.0024  	0.07509  	-0.0107  	0.14880  	-0.0095  	0.03107  	0.00427  	-0.0398  	0.10221  	
-0.6975  	-0.0357  	-0.4346  	-1.8425  	-0.9555  	-1.5520  	0.25212  	0.18100  	0.10299  	0.34997  	0.55058  	-0.0905  	0.18941  	-0.1533  	-0.3770  	0.48056  	-0.1279  	-0.0832  	0.10543  	0.06211  	0.07672  	0.28431  	-0.2894  	0.30581  	0.60788  	-0.3546  	0.12883  	-0.5799  	-0.0045  	0.35101  	0.25946  	0.08250  	-0.1566  	0.01499  	0.30776  	-0.0271  	0.38325  	0.13928  	-0.6390  	0.27510  	0.38923  	0.02471  	-0.1158  	0.39123  	0.01212  	-0.0636  	0.03094  	-0.0152  	0.01021  	-0.0831  	-0.0135  	-0.0463  	-0.0291  	0.01566  	-0.0429  	-0.0575  	0.01029  	0.00126  	-0.0362  	0.01741  	0.00769  	-0.0051  	0.06811  	-0.0107  	0.14880  	-0.0095  	0.03107  	0.00427  	-0.0398  	0.10221  	
-0.4064  	0.06562  	-0.2930  	-1.6772  	-0.9611  	-1.3724  	0.28376  	0.30636  	0.14138  	0.25850  	0.59683  	-0.1095  	0.22232  	0.03492  	-0.2010  	0.53830  	-0.1237  	-0.1414  	0.10074  	-0.0289  	0.31923  	0.29613  	-0.2718  	0.40401  	0.60263  	-0.3823  	0.29740  	-0.8093  	-0.2017  	0.34707  	0.22729  	0.12951  	-0.1674  	-0.0063  	0.44751  	-0.1186  	0.50997  	0.19799  	-0.7162  	0.24263  	0.31515  	0.02224  	-0.1287  	0.37699  	0.01000  	-0.0640  	0.02842  	-0.0141  	0.01732  	-0.0763  	-0.0136  	-0.0424  	-0.0260  	0.01896  	-0.0434  	-0.0507  	0.00051  	0.00285  	-0.0348  	0.01185  	0.00521  	0.00126  	0.06569  	-0.0189  	0.14880  	-0.0095  	0.03107  	0.00427  	-0.0398  	0.10221  	
-0.2411  	0.09848  	-0.1819  	-1.6419  	-0.9900  	-1.2606  	0.29889  	0.37685  	0.19782  	0.20625  	0.61084  	-0.0866  	0.22984  	0.08667  	-0.1084  	0.60430  	-0.1064  	-0.1896  	0.11680  	-0.0934  	0.39738  	0.32472  	-0.2142  	0.48885  	0.63254  	-0.4010  	0.38958  	-0.9395  	-0.3149  	0.35457  	0.22749  	0.15244  	-0.1619  	-0.0161  	0.50550  	-0.1363  	0.60846  	0.21427  	-0.7373  	0.21206  	0.28308  	0.03112  	-0.1176  	0.37844  	0.00376  	-0.0692  	0.02083  	0.00074  	0.02885  	-0.0814  	-0.0193  	-0.0418  	-0.0254  	0.02628  	-0.0444  	-0.0414  	0.00119  	0.00330  	-0.0376  	0.02433  	0.00520  	-0.0008  	0.06785  	-0.0149  	0.14880  	-0.0095  	0.03107  	0.00427  	-0.0398  	0.10221  	
-0.2267  	0.08625  	-0.1756  	-1.6326  	-0.9796  	-1.2371  	0.29984  	0.38866  	0.20207  	0.21220  	0.61506  	-0.0837  	0.23494  	0.08017  	-0.1099  	0.61691  	-0.0921  	-0.1947  	0.11380  	-0.0917  	0.39276  	0.31951  	-0.2083  	0.50066  	0.62922  	-0.4038  	0.40493  	-0.9454  	-0.3255  	0.35881  	0.22452  	0.15845  	-0.1630  	-0.0134  	0.50848  	-0.1374  	0.61362  	0.22108  	-0.7290  	0.21165  	0.27038  	0.03151  	-0.1194  	0.38069  	0.00405  	-0.0685  	0.01793  	0.00020  	0.02983  	-0.0857  	-0.0175  	-0.0402  	-0.0243  	0.02607  	-0.0436  	-0.0414  	0.00138  	0.00354  	-0.0377  	0.02522  	0.00588  	-0.0018  	0.07136  	-0.0122  	0.14880  	-0.0095  	0.03107  	0.00427  	-0.0398  	0.10221  	
-0.2267  	0.08625  	-0.1756  	-1.6326  	-0.9796  	-1.2371  	0.29984  	0.38866  	0.20207  	0.21220  	0.61506  	-0.0837  	0.23494  	0.08017  	-0.1099  	0.61691  	-0.0921  	-0.1947  	0.11380  	-0.0917  	0.39276  	0.31951  	-0.2083  	0.50066  	0.62922  	-0.4038  	0.40493  	-0.9454  	-0.3255  	0.35881  	0.22452  	0.15845  	-0.1630  	-0.0134  	0.50848  	-0.1374  	0.61362  	0.22108  	-0.7290  	0.21165  	0.27038  	0.03151  	-0.1194  	0.38069  	0.00405  	-0.0685  	0.01793  	0.00020  	0.02983  	-0.0857  	-0.0175  	-0.0402  	-0.0243  	0.02607  	-0.0436  	-0.0414  	0.00138  	0.00354  	-0.0377  	0.02522  	0.00588  	-0.0018  	0.07136  	-0.0122  	0.14880  	-0.0095  	0.03107  	0.00427  	-0.0398  	0.10221  	
-0.2456  	0.08669  	-0.1789  	-1.6388  	-0.9568  	-1.2708  	0.30670  	0.36148  	0.17955  	0.23566  	0.61783  	-0.0849  	0.23140  	0.06235  	-0.1594  	0.60962  	-0.1118  	-0.1689  	0.10439  	-0.0636  	0.36902  	0.30096  	-0.2425  	0.48262  	0.62905  	-0.4025  	0.38411  	-0.8989  	-0.2921  	0.34850  	0.22071  	0.15171  	-0.1525  	-0.0140  	0.50067  	-0.1135  	0.59025  	0.20622  	-0.7238  	0.21644  	0.28049  	0.03571  	-0.1225  	0.38016  	0.00456  	-0.0673  	0.02028  	0.00042  	0.02691  	-0.0819  	-0.0148  	-0.0414  	-0.0228  	0.02543  	-0.0413  	-0.0422  	0.00447  	0.00134  	-0.0367  	0.02293  	0.00693  	-0.0042  	0.07122  	-0.0134  	0.14880  	-0.0095  	0.03107  	0.00427  	-0.0398  	0.10221  	
-0.3278  	0.06292  	-0.2607  	-1.6246  	-0.9124  	-1.3406  	0.30120  	0.32235  	0.16370  	0.26579  	0.56386  	-0.0725  	0.25004  	0.03883  	-0.2262  	0.58293  	-0.1247  	-0.1159  	0.09636  	0.01905  	0.26303  	0.27890  	-0.3072  	0.43261  	0.65107  	-0.3913  	0.29369  	-0.7743  	-0.1674  	0.35763  	0.21686  	0.11944  	-0.1537  	-0.0107  	0.45855  	-0.0871  	0.47809  	0.17307  	-0.6728  	0.25540  	0.31343  	0.03791  	-0.1270  	0.37789  	0.00971  	-0.0697  	0.02411  	0.00226  	0.02707  	-0.0730  	0.00049  	-0.0419  	-0.0259  	0.01909  	-0.0384  	-0.0449  	0.00740  	0.00394  	-0.0312  	0.01385  	0.00407  	-0.0081  	0.06949  	-0.0154  	0.14880  	-0.0095  	0.03107  	0.00427  	-0.0398  	0.10221  	
-0.5991  	-0.0886  	-0.4881  	-1.7804  	-0.9470  	-1.5257  	0.30781  	0.08935  	0.06782  	0.39438  	0.57695  	-0.0967  	0.20071  	-0.2202  	-0.4484  	0.49927  	-0.1250  	-0.0177  	0.07053  	0.13145  	-0.0591  	0.27110  	-0.3912  	0.30900  	0.68998  	-0.3476  	0.10078  	-0.4772  	0.05381  	0.36027  	0.25442  	0.08949  	-0.1783  	0.00098  	0.28507  	0.06131  	0.27611  	0.10048  	-0.6082  	0.30770  	0.35212  	0.02283  	-0.1146  	0.38163  	0.01919  	-0.0715  	0.02999  	0.00281  	0.02463  	-0.0882  	0.00203  	-0.0457  	-0.0262  	0.01540  	-0.0420  	-0.0595  	0.01771  	0.00158  	-0.0317  	0.02047  	-0.0033  	-0.0077  	0.07414  	-0.0034  	0.14880  	-0.0095  	0.03107  	0.00427  	-0.0398  	0.10221  	
-0.5552  	-0.1435  	-0.4866  	-1.7191  	-0.9324  	-1.4702  	0.31080  	0.10230  	0.06650  	0.35240  	0.57348  	-0.1590  	0.17844  	-0.2965  	-0.4372  	0.58964  	-0.1130  	-0.0493  	0.10630  	0.14295  	-0.0280  	0.27413  	-0.4622  	0.43950  	0.77647  	-0.3800  	0.18750  	-0.5292  	-0.0037  	0.37899  	0.19465  	0.14903  	-0.2220  	-0.0164  	0.36144  	0.09003  	0.34733  	0.12404  	-0.6525  	0.33448  	0.32756  	0.02431  	-0.1394  	0.39378  	0.02001  	-0.0700  	0.01781  	-0.0062  	0.03268  	-0.0829  	0.01116  	-0.0451  	-0.0288  	0.01530  	-0.0405  	-0.0546  	0.01935  	0.00311  	-0.0277  	0.02649  	-0.0084  	-0.0184  	0.07233  	-0.0098  	0.14880  	-0.0095  	0.03107  	0.00427  	-0.0398  	0.10221  	
-0.4219  	-0.1500  	-0.4305  	-1.4301  	-0.8043  	-1.3633  	0.24861  	0.16175  	0.02789  	0.31487  	0.49178  	-0.0877  	0.23927  	-0.1667  	-0.2814  	0.58329  	-0.1547  	-0.0940  	0.11612  	0.10680  	0.07945  	0.33062  	-0.5539  	0.49076  	0.74063  	-0.3831  	0.28303  	-0.6214  	-0.0900  	0.39952  	0.14276  	0.17334  	-0.1994  	-0.0294  	0.46120  	0.07276  	0.36520  	0.10919  	-0.6595  	0.33222  	0.25637  	0.06758  	-0.1583  	0.38449  	0.02683  	-0.0626  	0.02043  	-0.0016  	0.03297  	-0.0888  	0.01364  	-0.0504  	-0.0252  	0.00664  	-0.0525  	-0.0566  	0.02693  	-0.0008  	-0.0264  	0.02522  	-0.0105  	-0.0201  	0.05869  	-0.0187  	0.14880  	-0.0095  	0.03107  	0.00427  	-0.0398  	0.10221  	
-0.2258  	0.05238  	-0.3134  	-1.2452  	-0.6114  	-1.2798  	0.33935  	0.26582  	0.09490  	0.32883  	0.19149  	-0.0974  	0.35387  	0.10411  	0.00428  	0.49173  	-0.1637  	-0.1304  	0.09806  	0.08912  	0.02299  	0.35932  	-0.5051  	0.43096  	0.82420  	-0.4308  	0.37519  	-0.5906  	0.06616  	0.45777  	0.15491  	0.12979  	-0.1848  	0.02094  	0.44228  	0.05179  	0.32062  	0.09662  	-0.5836  	0.37805  	0.24417  	0.05739  	-0.1394  	0.40466  	0.02558  	-0.0722  	0.00724  	0.03173  	0.04468  	-0.1007  	0.01729  	-0.0457  	-0.0352  	0.00812  	-0.0375  	-0.0446  	0.02199  	-0.0039  	-0.0327  	0.01165  	-0.0029  	-0.0146  	0.06727  	-0.0164  	0.14880  	-0.0095  	0.03107  	0.00427  	-0.0398  	0.10221  	
-0.2951  	0.02444  	-0.4676  	-0.8266  	-0.4320  	-1.2431  	0.32802  	0.28532  	0.15220  	0.27229  	0.15307  	-0.0187  	0.41422  	0.30515  	0.22650  	0.41155  	-0.1637  	-0.1869  	0.08622  	0.06577  	-0.0018  	0.41972  	-0.5007  	0.40479  	0.90979  	-0.4236  	0.33646  	-0.5469  	0.13322  	0.54279  	0.16775  	0.09042  	-0.1701  	0.01727  	0.47803  	-0.0044  	0.24969  	0.05472  	-0.5667  	0.34179  	0.19245  	0.08053  	-0.1586  	0.37847  	0.01126  	-0.0682  	0.02037  	0.00707  	0.04303  	-0.1006  	0.00315  	-0.0460  	-0.0228  	0.01592  	-0.0445  	-0.0426  	0.01331  	-0.0015  	-0.0248  	0.02265  	0.00280  	-0.0182  	0.05269  	-0.0206  	0.14880  	-0.0095  	0.03107  	0.00427  	-0.0398  	0.10221  	
-0.4677  	-0.0448  	-0.5076  	-1.2151  	-0.5594  	-1.4208  	0.31269  	0.21583  	0.12568  	0.33321  	0.19031  	0.00945  	0.35934  	0.20327  	0.00510  	0.49703  	-0.1711  	-0.1169  	0.09414  	0.04587  	-0.0325  	0.37002  	-0.4756  	0.39790  	0.77512  	-0.4020  	0.28647  	-0.5429  	0.05923  	0.48481  	0.18523  	0.09637  	-0.1831  	0.02014  	0.42312  	-0.0280  	0.30413  	0.07460  	-0.5937  	0.35891  	0.24220  	0.05482  	-0.1481  	0.38724  	0.02114  	-0.0718  	0.01728  	0.00059  	0.04115  	-0.0901  	-0.0044  	-0.0529  	-0.0292  	0.01272  	-0.0474  	-0.0459  	0.01857  	-0.0032  	-0.0232  	0.03088  	-0.0110  	-0.0046  	0.05639  	-0.0144  	0.14880  	-0.0095  	0.03107  	0.00427  	-0.0398  	0.10221  	
-0.5616  	-0.0449  	-0.4860  	-1.6499  	-0.7741  	-1.4128  	0.35496  	0.16299  	0.05063  	0.32048  	0.32962  	-0.0914  	0.23246  	-0.1461  	-0.2659  	0.55310  	-0.1490  	-0.0446  	0.11333  	0.04589  	-0.0096  	0.34171  	-0.3871  	0.38035  	0.75513  	-0.3746  	0.26670  	-0.6243  	0.02135  	0.43313  	0.18599  	0.12064  	-0.1775  	-0.0028  	0.32719  	0.03006  	0.33667  	0.12240  	-0.6365  	0.31760  	0.29491  	0.06766  	-0.1230  	0.39460  	0.02149  	-0.0746  	0.02668  	-0.0015  	0.03167  	-0.0963  	0.00378  	-0.0523  	-0.0305  	0.01025  	-0.0386  	-0.0457  	0.02592  	0.00346  	-0.0278  	0.02566  	-0.0085  	-0.0051  	0.07089  	-0.0147  	0.14880  	-0.0095  	0.03107  	0.00427  	-0.0398  	0.10221  	
-0.5181  	-0.0915  	-0.3753  	-1.7119  	-0.8681  	-1.4092  	0.23494  	0.08427  	0.06446  	0.33976  	0.47778  	-0.1170  	0.15104  	-0.3570  	-0.4668  	0.63142  	-0.1462  	-0.0904  	0.15703  	0.04420  	0.01635  	0.31877  	-0.3608  	0.43806  	0.75464  	-0.3967  	0.30005  	-0.7017  	-0.0652  	0.41585  	0.20165  	0.12660  	-0.2448  	-0.0191  	0.36834  	0.10178  	0.40464  	0.14221  	-0.6643  	0.29912  	0.30671  	0.04993  	-0.1270  	0.40062  	0.00722  	-0.0745  	0.01692  	-0.0052  	0.03126  	-0.0981  	0.00012  	-0.0412  	-0.0264  	0.01349  	-0.0366  	-0.0513  	0.01850  	0.00508  	-0.0282  	0.01529  	-0.0009  	-0.0183  	0.08412  	-0.0166  	0.14880  	-0.0095  	0.03107  	0.00427  	-0.0398  	0.10221  	
-0.5184  	-0.0716  	-0.2916  	-1.8052  	-0.9619  	-1.4177  	0.20116  	0.13638  	0.07132  	0.41600  	0.63862  	-0.1255  	0.09376  	-0.3981  	-0.6197  	0.72511  	-0.1403  	-0.0643  	0.17998  	0.03359  	0.12153  	0.26488  	-0.3568  	0.43391  	0.77228  	-0.4227  	0.29620  	-0.7120  	-0.0950  	0.36503  	0.18425  	0.13377  	-0.2495  	-0.0260  	0.39165  	0.11977  	0.47213  	0.16305  	-0.6738  	0.29947  	0.30943  	0.04272  	-0.1148  	0.40153  	0.01638  	-0.0699  	0.01648  	-0.0080  	0.02545  	-0.0983  	0.00434  	-0.0476  	-0.0234  	0.02088  	-0.0385  	-0.0568  	0.02263  	0.00712  	-0.0269  	0.02158  	-0.0087  	-0.0210  	0.07624  	-0.0124  	0.14880  	-0.0095  	0.03107  	0.00427  	-0.0398  	0.10221  	
-0.5970  	-0.1057  	-0.3733  	-1.8755  	-0.9898  	-1.4184  	0.26727  	0.08624  	0.04915  	0.43223  	0.68162  	-0.1670  	0.09508  	-0.4049  	-0.6727  	0.69702  	-0.1635  	-0.0379  	0.14893  	0.02360  	0.03835  	0.27377  	-0.3859  	0.37550  	0.76493  	-0.4106  	0.26551  	-0.5990  	-0.0030  	0.37953  	0.19714  	0.14574  	-0.2345  	-0.0097  	0.35106  	0.14879  	0.40640  	0.14397  	-0.6338  	0.31098  	0.33017  	0.05323  	-0.1061  	0.38646  	0.01973  	-0.0712  	0.01502  	-0.0118  	0.03468  	-0.0937  	0.00844  	-0.0476  	-0.0282  	0.02244  	-0.0298  	-0.0552  	0.01725  	0.00455  	-0.0314  	0.02331  	-0.0065  	-0.0143  	0.07381  	-0.0107  	0.14880  	-0.0095  	0.03107  	0.00427  	-0.0398  	0.10221  	
-0.6850  	-0.1804  	-0.4582  	-1.9377  	-1.0251  	-1.5066  	0.24147  	0.09295  	0.01733  	0.39851  	0.63208  	-0.1627  	0.14043  	-0.4160  	-0.6293  	0.61537  	-0.1294  	-0.1058  	0.17921  	0.02410  	0.05023  	0.26564  	-0.3928  	0.45410  	0.78184  	-0.3958  	0.32275  	-0.6162  	-0.0845  	0.37204  	0.21749  	0.16002  	-0.2658  	-0.0316  	0.36079  	0.12985  	0.44015  	0.13246  	-0.6802  	0.29165  	0.31638  	0.05016  	-0.1410  	0.38597  	0.02206  	-0.0730  	0.02320  	-0.0187  	0.03755  	-0.0790  	0.00581  	-0.0492  	-0.0250  	0.02050  	-0.0363  	-0.0571  	0.02049  	0.00482  	-0.0262  	0.02561  	-0.0106  	-0.0206  	0.06463  	-0.0134  	0.14880  	-0.0095  	0.03107  	0.00427  	-0.0398  	0.10221  	
-0.5122  	-0.0690  	-0.4337  	-1.7329  	-0.8440  	-1.4221  	0.22729  	0.18877  	0.02656  	0.31669  	0.56788  	-0.1121  	0.14592  	-0.2302  	-0.1992  	0.49752  	-0.1082  	-0.1437  	0.16601  	-0.0126  	0.19762  	0.29222  	-0.3531  	0.55466  	0.68140  	-0.3992  	0.39192  	-0.8416  	-0.2291  	0.35240  	0.21036  	0.16149  	-0.2416  	-0.0375  	0.51534  	0.00230  	0.50131  	0.18098  	-0.7780  	0.33688  	0.27452  	0.00937  	-0.1779  	0.35643  	-0.0050  	-0.0715  	0.02726  	-0.0180  	0.03208  	-0.0902  	0.00330  	-0.0501  	-0.0278  	0.00821  	-0.0459  	-0.0515  	0.01302  	-0.0078  	-0.0409  	0.02694  	-0.0024  	-0.0231  	0.07655  	-0.0231  	0.14880  	-0.0095  	0.03107  	0.00427  	-0.0398  	0.10221  	
-0.1782  	0.04682  	-0.2279  	-1.5161  	-0.8315  	-1.2252  	0.37455  	0.23775  	0.10330  	0.32964  	0.22965  	-0.1702  	0.35753  	0.12801  	0.05623  	0.38584  	-0.1358  	-0.1772  	0.08100  	-0.0992  	0.16401  	0.37989  	-0.2937  	0.49074  	0.74872  	-0.3985  	0.44031  	-0.8694  	-0.1181  	0.40134  	0.24342  	0.12452  	-0.1897  	-0.0112  	0.49757  	-0.0236  	0.43359  	0.12297  	-0.6449  	0.34866  	0.25599  	0.04343  	-0.1229  	0.39609  	0.00945  	-0.0765  	0.00834  	0.02643  	0.03775  	-0.0782  	0.01730  	-0.0445  	-0.0260  	0.00838  	-0.0461  	-0.0344  	0.00688  	-0.0022  	-0.0408  	0.02908  	0.00501  	0.00202  	0.06964  	-0.0109  	0.14880  	-0.0095  	0.03107  	0.00427  	-0.0398  	0.10221  	
-0.0700  	0.05330  	-0.1400  	-1.4040  	-0.7747  	-1.1825  	0.39043  	0.26129  	0.12624  	0.42244  	0.12440  	-0.2481  	0.43352  	0.28281  	0.09764  	0.33803  	-0.1127  	-0.1819  	0.10236  	-0.1137  	0.05940  	0.45556  	-0.2948  	0.41975  	0.81691  	-0.4294  	0.42944  	-0.8535  	-0.0025  	0.46168  	0.24449  	0.10346  	-0.2086  	0.00234  	0.36459  	-0.0330  	0.39063  	0.12447  	-0.5866  	0.33303  	0.28688  	0.04705  	-0.0952  	0.41756  	-0.0003  	-0.0737  	-0.0041  	0.05665  	0.06340  	-0.0957  	-0.0010  	-0.0431  	-0.0258  	0.01304  	-0.0378  	-0.0338  	0.00214  	-0.0040  	-0.0410  	0.02352  	0.00610  	-0.0052  	0.06505  	-0.0218  	0.14880  	-0.0095  	0.03107  	0.00427  	-0.0398  	0.10221  	
-0.2304  	0.04781  	-0.3657  	-1.4166  	-0.7596  	-1.3227  	0.35124  	0.28090  	0.10092  	0.34786  	0.15527  	-0.2939  	0.32436  	0.15959  	0.10416  	0.33506  	-0.0838  	-0.2144  	0.11941  	-0.0954  	0.06737  	0.47180  	-0.3054  	0.50071  	0.94590  	-0.4214  	0.55052  	-0.8337  	-0.0042  	0.50101  	0.19491  	0.11867  	-0.2403  	-0.0072  	0.42970  	-0.0121  	0.39383  	0.11053  	-0.6266  	0.35051  	0.21537  	0.06127  	-0.1291  	0.39704  	0.00994  	-0.0747  	0.00611  	0.03465  	0.04661  	-0.0899  	-0.0038  	-0.0453  	-0.0363  	0.01753  	-0.0417  	-0.0521  	0.00502  	-0.0041  	-0.0246  	0.03197  	-0.0052  	-0.0111  	0.06572  	-0.0200  	0.14880  	-0.0095  	0.03107  	0.00427  	-0.0398  	0.10221  	
-0.3469  	0.02341  	-0.4578  	-1.3274  	-0.6990  	-1.3580  	0.33801  	0.26306  	0.08514  	0.31348  	0.21852  	-0.0660  	0.33407  	0.15414  	0.03022  	0.41758  	-0.1189  	-0.1313  	0.09484  	-0.0100  	0.02628  	0.41457  	-0.3887  	0.43464  	0.81759  	-0.3955  	0.36037  	-0.6558  	0.07185  	0.47310  	0.18527  	0.09107  	-0.2098  	0.00987  	0.39495  	-0.0181  	0.29290  	0.07916  	-0.5629  	0.37355  	0.25775  	0.04911  	-0.1467  	0.38850  	0.02445  	-0.0662  	0.00695  	0.01471  	0.04058  	-0.0930  	0.00330  	-0.0484  	-0.0336  	0.00466  	-0.0425  	-0.0458  	0.01264  	0.00087  	-0.0286  	0.02319  	0.00400  	0.00071  	0.07077  	-0.0178  	0.14880  	-0.0095  	0.03107  	0.00427  	-0.0398  	0.10221  	
-0.4617  	-0.0174  	-0.3545  	-1.4458  	-0.7221  	-1.4408  	0.32764  	0.25653  	0.06912  	0.26931  	0.31763  	-0.0935  	0.32481  	-0.0434  	-0.0629  	0.39677  	-0.0360  	-0.2505  	0.15545  	-0.2231  	0.11886  	0.11879  	-0.6609  	0.41118  	0.75956  	-0.3118  	0.29922  	-0.7048  	0.13618  	0.42029  	0.30443  	0.05244  	-0.3044  	-0.1603  	0.31432  	-0.0249  	0.24806  	0.11699  	-0.7236  	0.29255  	0.36496  	0.18358  	-0.2421  	0.46147  	-0.0508  	-0.0518  	-0.0105  	0.01813  	0.02243  	-0.1059  	0.01871  	-0.0435  	-0.0287  	0.03869  	-0.0323  	-0.0453  	0.01821  	-0.0144  	-0.0194  	0.03173  	0.00757  	-0.0093  	0.04658  	-0.0148  	0.14880  	-0.0095  	0.03107  	0.00427  	-0.0398  	0.10221  	
-0.7197  	-0.0711  	-0.3998  	-1.8694  	-0.9868  	-1.5348  	0.23587  	0.26001  	0.03744  	0.27960  	0.52384  	-0.1679  	0.24790  	-0.4014  	-0.3494  	0.37506  	0.05240  	-0.3458  	0.25367  	-0.4146  	0.17373  	-0.1247  	-0.7864  	0.41610  	0.61258  	-0.1912  	0.27815  	-0.8042  	0.18312  	0.33536  	0.43581  	0.02553  	-0.3912  	-0.3087  	0.17551  	-0.0061  	0.21363  	0.13284  	-0.8497  	0.19392  	0.45801  	0.27568  	-0.3450  	0.53097  	-0.0873  	-0.0352  	-0.0251  	0.02650  	-0.0038  	-0.1117  	0.00584  	-0.0341  	-0.0296  	0.05079  	-0.0220  	-0.0595  	0.01343  	-0.0201  	-0.0198  	0.03552  	0.00758  	-0.0194  	0.03693  	-0.0145  	0.14880  	-0.0095  	0.03107  	0.00427  	-0.0398  	0.10221  	
-0.8385  	-0.1248  	-0.4361  	-1.9969  	-1.0999  	-1.6287  	0.20884  	0.17907  	-0.0091  	0.35809  	0.61344  	-0.1703  	0.22182  	-0.5047  	-0.4772  	0.33087  	0.06554  	-0.3686  	0.26313  	-0.5115  	0.08610  	-0.1551  	-0.7323  	0.32163  	0.52496  	-0.1371  	0.15780  	-0.8068  	0.20695  	0.31234  	0.50458  	0.00447  	-0.4330  	-0.3309  	0.08616  	0.01439  	0.15029  	0.13821  	-0.8633  	0.14076  	0.58624  	0.28540  	-0.3455  	0.57543  	-0.1045  	-0.0352  	-0.0266  	0.02815  	-0.0179  	-0.1099  	0.00046  	-0.0278  	-0.0252  	0.04595  	-0.0239  	-0.0692  	0.00937  	-0.0201  	-0.0340  	0.02835  	0.01365  	-0.0085  	0.03822  	-0.0100  	0.14880  	-0.0095  	0.03107  	0.00427  	-0.0398  	0.10221  	
-0.9982  	-0.1019  	-0.6030  	-2.2055  	-1.1074  	-1.8659  	0.18472  	0.17410  	0.00636  	0.49930  	0.67527  	-0.1446  	0.32076  	-0.3336  	-0.6305  	0.25224  	0.02600  	-0.3093  	0.26629  	-0.4647  	0.05199  	-0.1624  	-0.7288  	0.33927  	0.49729  	-0.1465  	0.14385  	-0.7732  	0.15112  	0.29386  	0.51365  	0.00446  	-0.3623  	-0.3012  	0.14540  	-0.0047  	0.10312  	0.07755  	-0.8044  	0.10193  	0.52669  	0.28334  	-0.3147  	0.54567  	-0.0849  	-0.0454  	-0.0293  	0.05122  	0.01046  	-0.0913  	0.00393  	-0.0401  	-0.0361  	0.03837  	-0.0176  	-0.0588  	0.01200  	-0.0069  	-0.0295  	0.02530  	0.02055  	-0.0053  	0.04034  	-0.0060  	0.14880  	-0.0095  	0.03107  	0.00427  	-0.0398  	0.10221  	
-1.1775  	-0.1343  	-0.7201  	-2.2880  	-1.0872  	-1.9012  	0.22136  	0.14094  	-0.0104  	0.49368  	0.81361  	-0.1902  	0.20579  	-0.3443  	-0.7852  	0.29708  	-0.0737  	-0.2036  	0.20442  	-0.1623  	0.08225  	0.03790  	-0.5686  	0.36092  	0.58195  	-0.2390  	0.11982  	-0.6928  	0.07816  	0.32540  	0.39577  	0.01863  	-0.2943  	-0.1822  	0.21586  	0.05539  	0.20600  	0.08612  	-0.7240  	0.19045  	0.41711  	0.19168  	-0.2748  	0.45026  	-0.0532  	-0.0558  	-3.7701  	0.02810  	0.01168  	-0.0948  	0.00289  	-0.0417  	-0.0335  	0.03528  	-0.0389  	-0.0580  	0.00974  	-0.0043  	-0.0348  	0.03420  	0.01580  	-0.0080  	0.04809  	-0.0161  	0.14880  	-0.0095  	0.03107  	0.00427  	-0.0398  	0.10221  	
-1.1267  	-0.1673  	-0.7257  	-2.2119  	-1.0688  	-1.8782  	0.26887  	0.14606  	0.02497  	0.50127  	0.82798  	-0.2197  	0.14614  	-0.2316  	-0.7076  	0.29676  	-0.1164  	-0.0931  	0.11607  	0.11294  	0.11791  	0.26312  	-0.3183  	0.41604  	0.64657  	-0.3381  	0.15273  	-0.6548  	-0.0141  	0.34465  	0.24124  	0.06042  	-0.2018  	0.00187  	0.28865  	0.00106  	0.30055  	0.08570  	-0.6130  	0.31461  	0.30499  	0.05087  	-0.1761  	0.36566  	0.01642  	-0.0815  	0.03858  	-0.0025  	0.01659  	-0.0977  	-0.0047  	-0.0467  	-0.0344  	0.01677  	-0.0489  	-0.0611  	0.01784  	-0.0029  	-0.0417  	0.02466  	0.00867  	-0.0069  	0.06372  	-0.0166  	0.14880  	-0.0095  	0.03107  	0.00427  	-0.0398  	0.10221  	
-0.8214  	-0.0892  	-0.6527  	-1.7164  	-0.8256  	-1.6988  	0.27941  	0.19496  	0.07401  	0.41801  	0.60226  	-0.0213  	0.26445  	-0.0766  	-0.4222  	0.38340  	-0.1934  	-0.0426  	0.08561  	0.13750  	-0.0358  	0.26409  	-0.4118  	0.36936  	0.66583  	-0.3395  	0.12138  	-0.4587  	0.08709  	0.40218  	0.23508  	0.06268  	-0.1692  	0.01040  	0.32890  	0.00714  	0.20474  	0.07366  	-0.5788  	0.35390  	0.30043  	0.06328  	-0.1726  	0.34941  	0.02334  	-0.0714  	0.03230  	0.00234  	0.01389  	-0.0888  	0.00019  	-0.0405  	-0.0347  	0.01794  	-0.0498  	-0.0616  	0.01807  	-0.0032  	-0.0239  	0.02890  	0.00504  	-0.0124  	0.06494  	-0.0209  	0.14880  	-0.0095  	0.03107  	0.00427  	-0.0398  	0.10221  	
-0.5036  	0.00557  	-0.4755  	-1.3325  	-0.5997  	-1.4130  	0.36780  	0.24933  	0.09902  	0.27605  	0.20645  	0.04397  	0.33274  	0.17843  	-0.0115  	0.48062  	-0.1910  	-0.0410  	0.05809  	0.15400  	-0.1341  	0.33010  	-0.5625  	0.33281  	0.80097  	-0.3913  	0.19331  	-0.3841  	0.20968  	0.49841  	0.21189  	0.06349  	-0.1805  	0.02283  	0.37500  	0.01296  	0.18859  	0.05291  	-0.5316  	0.39299  	0.27044  	0.05393  	-0.1398  	0.38277  	0.02985  	-0.0741  	0.01722  	0.01860  	0.03737  	-0.0955  	0.00116  	-0.0485  	-0.0352  	0.02040  	-0.0431  	-0.0528  	0.01955  	-0.0044  	-0.0249  	0.02514  	0.00298  	-0.0100  	0.06514  	-0.0140  	0.14880  	-0.0095  	0.03107  	0.00427  	-0.0398  	0.10221  	
-0.3888  	0.04100  	-0.4568  	-1.1669  	-0.5850  	-1.2369  	0.32307  	0.21661  	0.10578  	0.23661  	0.00768  	-0.0722  	0.37887  	0.19186  	0.20788  	0.38712  	-0.1328  	-0.1245  	0.06033  	0.09381  	-0.1047  	0.39942  	-0.4957  	0.33771  	0.86648  	-0.4018  	0.27910  	-0.4789  	0.20670  	0.51330  	0.18280  	0.06398  	-0.1883  	0.04376  	0.37178  	0.02719  	0.20858  	0.06749  	-0.5312  	0.37469  	0.26296  	0.04775  	-0.1375  	0.38875  	0.02641  	-0.0687  	0.02574  	0.01235  	0.04734  	-0.0957  	0.01184  	-0.0452  	-0.0332  	0.00952  	-0.0466  	-0.0502  	0.00752  	0.00276  	-0.0269  	0.01948  	-0.0004  	-0.0036  	0.07545  	-0.0153  	0.14880  	-0.0095  	0.03107  	0.00427  	-0.0398  	0.10221  	
-0.2402  	0.04343  	-0.3682  	-1.1977  	-0.6319  	-1.2053  	0.35658  	0.23030  	0.08621  	0.26558  	-0.0197  	-0.2187  	0.40882  	0.26391  	0.22646  	0.32454  	-0.1352  	-0.1494  	0.07122  	-0.0217  	-0.0655  	0.40728  	-0.3914  	0.37577  	0.85725  	-0.4354  	0.37324  	-0.5932  	0.17615  	0.54275  	0.17914  	0.09467  	-0.2078  	0.02545  	0.37705  	0.01951  	0.24657  	0.06471  	-0.5637  	0.38367  	0.26019  	0.05819  	-0.1317  	0.39594  	0.01786  	-0.0680  	0.00991  	0.01987  	0.04396  	-0.0873  	0.00250  	-0.0512  	-0.0296  	0.00611  	-0.0404  	-0.0441  	0.01741  	0.00030  	-0.0329  	0.02780  	0.00332  	-0.0142  	0.06463  	-0.0158  	0.14880  	-0.0095  	0.03107  	0.00427  	-0.0398  	0.10221  	
-0.3259  	0.02155  	-0.3705  	-1.4264  	-0.7446  	-1.3196  	0.31486  	0.21822  	0.09252  	0.27589  	0.13266  	-0.2148  	0.31929  	0.07146  	0.00310  	0.38249  	-0.1196  	-0.1280  	0.12765  	-0.0157  	0.07713  	0.38603  	-0.3205  	0.41893  	0.82068  	-0.4168  	0.37641  	-0.6630  	0.05372  	0.45623  	0.18865  	0.10479  	-0.2007  	0.01613  	0.38989  	-0.0243  	0.34986  	0.09594  	-0.6074  	0.34628  	0.29244  	0.04451  	-0.1275  	0.39867  	0.01283  	-0.0722  	0.00898  	0.01048  	0.04452  	-0.0970  	-0.0014  	-0.0470  	-0.0327  	0.01253  	-0.0442  	-0.0493  	0.01333  	-0.0024  	-0.0260  	0.02066  	-0.0005  	-0.0047  	0.05906  	-0.0130  	0.14880  	-0.0095  	0.03107  	0.00427  	-0.0398  	0.10221  	
-0.2460  	-9.0185  	-0.3417  	-1.51  	-0.8191  	-1.2685  	0.35012  	0.26753  	0.09114  	0.27449  	0.22631  	-0.1862  	0.35377  	0.10795  	-0.0561  	0.41780  	-0.1275  	-0.1067  	0.13433  	-0.0623  	0.07642  	0.38660  	-0.3098  	0.43894  	0.78809  	-0.4001  	0.38578  	-0.7478  	0.02231  	0.43039  	0.23867  	0.08973  	-0.1914  	-0.0045  	0.42433  	-0.0322  	0.35987  	0.12017  	-0.6405  	0.31863  	0.31457  	0.03085  	-0.1023  	0.40229  	0.00940  	-0.0732  	0.01099  	0.02280  	0.04528  	-0.0968  	-1.2157  	-0.0503  	-0.0310  	0.01293  	-0.0369  	-0.0465  	0.00955  	-0.0057  	-0.0330  	0.02512  	-0.0029  	0.00123  	0.05591  	-0.0183  	0.14880  	-0.0095  	0.03107  	0.00427  	-0.0398  	0.10221  	
-0.4590  	-0.0037  	-0.3886  	-1.9203  	-0.9533  	-1.5112  	0.32417  	0.18347  	0.06182  	0.43261  	0.39852  	-0.2706  	0.31468  	0.08317  	-0.3653  	0.37203  	-0.1396  	-0.0452  	0.10322  	-0.0256  	0.07212  	0.30008  	-0.4214  	0.44085  	0.85589  	-0.4522  	0.39882  	-0.7246  	-0.0773  	0.38761  	0.27523  	0.07815  	-0.1967  	-0.0122  	0.41278  	0.03052  	0.41464  	0.10841  	-0.6425  	0.34063  	0.35194  	0.02888  	-0.1186  	0.36642  	0.01836  	-0.0817  	0.00697  	-0.0017  	0.03607  	-0.0821  	0.00049  	-0.0532  	-0.0368  	0.01853  	-0.0409  	-0.0449  	0.01536  	-0.0019  	-0.0339  	0.01886  	0.00084  	-0.0017  	0.06793  	-0.0159  	0.14880  	-0.0095  	0.03107  	0.00427  	-0.0398  	0.10221  	
-0.8860  	-0.1330  	-0.6091  	-1.9701  	-0.9696  	-1.7072  	0.26009  	0.13316  	0.05688  	0.41504  	0.70965  	-0.2145  	0.22483  	-0.1379  	-0.4047  	0.37467  	-0.1590  	-0.0994  	0.09698  	0.10636  	0.20833  	0.24171  	-0.3682  	0.45548  	0.62870  	-0.3771  	0.22961  	-0.7429  	-0.0925  	0.36710  	0.25705  	0.09952  	-0.1782  	0.00625  	0.42485  	-0.0023  	0.39969  	0.10436  	-0.6823  	0.32635  	0.29788  	0.05496  	-0.1665  	0.36574  	0.02022  	-0.0710  	0.03656  	-0.0226  	0.01768  	-0.0923  	-0.0051  	-0.0521  	-0.0308  	0.02564  	-0.0470  	-0.0542  	0.01516  	-0.0065  	-0.0251  	0.02872  	0.00113  	-0.0037  	0.06055  	-0.0144  	0.14880  	-0.0095  	0.03107  	0.00427  	-0.0398  	0.10221  	
-1.0603  	-0.1763  	-0.6887  	-2.1458  	-1.0460  	-1.8211  	0.27817  	0.06748  	0.02257  	0.47730  	0.82505  	-0.1808  	0.10945  	-0.3097  	-0.6386  	0.32254  	-0.1442  	-0.0558  	0.10632  	0.10099  	0.08297  	0.29296  	-0.3098  	0.41122  	0.62981  	-0.3594  	0.18028  	-0.6093  	-0.0314  	0.32754  	0.24825  	0.08921  	-0.2187  	-0.0033  	0.29588  	0.03552  	0.33464  	0.11115  	-0.6223  	0.31346  	0.32688  	0.04017  	-0.1587  	0.35553  	0.02287  	-0.0708  	0.02867  	-0.0159  	0.01288  	-0.0796  	-0.0079  	-0.0429  	-0.0234  	0.01946  	-0.0405  	-0.0660  	0.01437  	0.00120  	-0.0230  	0.02712  	0.00136  	-0.0109  	0.06614  	-0.0192  	0.14880  	-0.0095  	0.03107  	0.00427  	-0.0398  	0.10221  	
-1.1264  	-0.1903  	-0.7233  	-2.1333  	-0.9997  	-1.8219  	0.29665  	0.05639  	0.03496  	0.49075  	0.76548  	-0.1588  	0.14580  	-0.3434  	-0.6858  	0.38067  	-0.1419  	0.00127  	0.10888  	0.15319  	-0.0166  	0.23573  	-0.3417  	0.36138  	0.63468  	-0.3420  	0.08880  	-0.5219  	0.04259  	0.32891  	0.26492  	0.06629  	-0.1918  	0.01391  	0.25557  	0.04998  	0.27103  	0.08749  	-0.5828  	0.31644  	0.35181  	0.04340  	-0.1642  	0.37630  	0.00959  	-0.0713  	0.02271  	0.00575  	0.01475  	-0.0844  	-0.0088  	-0.0453  	-0.0300  	0.02015  	-0.0359  	-0.0594  	0.01366  	0.00011  	-0.0329  	0.02331  	0.01216  	-0.0075  	0.06981  	-0.0158  	0.14880  	-0.0095  	0.03107  	0.00427  	-0.0398  	0.10221  	
-1.0418  	-0.1833  	-0.6636  	-2.0696  	-0.9586  	-1.7906  	0.29564  	0.11182  	0.06094  	0.49184  	0.75918  	-0.0965  	0.15274  	-0.3120  	-0.6228  	0.39857  	-0.1441  	-0.0244  	0.11630  	0.14184  	-0.0052  	0.24126  	-0.3156  	0.37363  	0.60554  	-0.3373  	0.10710  	-0.5413  	0.03012  	0.31784  	0.25867  	0.06213  	-0.1823  	0.01702  	0.25684  	0.01187  	0.28385  	0.08949  	-0.6002  	0.30709  	0.35459  	0.03535  	-0.1539  	0.38458  	0.00767  	-0.0707  	0.02590  	-0.0014  	0.02058  	-0.0946  	-0.0035  	-0.0467  	-0.0311  	0.01745  	-0.0392  	-0.0605  	0.00987  	-0.0028  	-0.0326  	0.02508  	0.01181  	-0.0087  	0.06723  	-0.0144  	0.14880  	-0.0095  	0.03107  	0.00427  	-0.0398  	0.10221  	
-0.9673  	-0.1347  	-0.5813  	-2.1077  	-1.0018  	-1.7461  	0.27299  	0.19810  	0.09408  	0.46972  	0.70414  	-0.1197  	0.19657  	-0.1861  	-0.5332  	0.38144  	-0.1262  	-0.0748  	0.13926  	0.07097  	0.08023  	0.25082  	-0.2645  	0.41403  	0.60158  	-0.3462  	0.17769  	-0.6178  	-0.0036  	0.34030  	0.26054  	0.06064  	-0.1793  	0.01438  	0.26859  	-0.0352  	0.32170  	0.10005  	-0.6195  	0.28585  	0.35817  	0.01997  	-0.1300  	0.37806  	0.01523  	-0.0770  	0.02198  	-0.0039  	0.02356  	-0.1001  	-0.0092  	-0.0461  	-0.0331  	0.01742  	-0.0464  	-0.0642  	0.01088  	-0.0072  	-0.0342  	0.01982  	0.00737  	-0.0083  	0.06943  	-0.0115  	0.14880  	-0.0095  	0.03107  	0.00427  	-0.0398  	0.10221  	
-0.5966  	-0.0915  	-0.4015  	-1.8023  	-0.9438  	-1.4960  	0.25845  	0.17551  	0.07378  	0.35375  	0.52576  	-0.1068  	0.15274  	-0.2982  	-0.5496  	0.58773  	-0.1348  	-0.0391  	0.13373  	0.10767  	-0.0080  	0.25433  	-0.3463  	0.33433  	0.68864  	-0.3794  	0.19016  	-0.5669  	-0.0011  	0.38768  	0.22403  	0.10488  	-0.2198  	0.00495  	0.26217  	0.07069  	0.33366  	0.12731  	-0.6097  	0.30279  	0.33742  	0.01856  	-0.1073  	0.38347  	0.01169  	-0.0772  	0.02324  	0.00339  	0.03527  	-0.0925  	-0.0005  	-0.0440  	-0.0344  	0.02265  	-0.0393  	-0.0581  	0.02193  	0.00566  	-0.0285  	0.00802  	-0.0057  	-0.0096  	0.07771  	-0.0169  	0.14880  	-0.0095  	0.03107  	0.00427  	-0.0398  	0.10221  	
-0.5283  	-0.0471  	-0.3805  	-1.6537  	-0.8325  	-1.5065  	0.27850  	0.10617  	0.05984  	0.48921  	0.51392  	-0.0490  	0.16545  	-0.3256  	-0.5617  	0.66689  	-0.1587  	0.00286  	0.11758  	0.16085  	-0.1148  	0.27530  	-0.4713  	0.34120  	0.78550  	-0.3947  	0.19188  	-0.4777  	0.08203  	0.40591  	0.19860  	0.11050  	-0.2235  	0.00185  	0.29721  	0.13977  	0.27525  	0.11575  	-0.5768  	0.32790  	0.33225  	0.02747  	-0.1007  	0.39684  	0.01513  	-0.0768  	0.02612  	0.01710  	0.03952  	-0.1029  	0.01186  	-0.0489  	-0.0249  	0.00788  	-0.0370  	-0.0620  	0.02117  	0.00669  	-0.0301  	0.02197  	-0.0066  	-0.0205  	0.08100  	-0.0105  	0.14880  	-0.0095  	0.03107  	0.00427  	-0.0398  	0.10221  	
-0.5567  	-0.1055  	-0.3859  	-1.6369  	-0.7836  	-1.5199  	0.31342  	0.09554  	0.03932  	0.53329  	0.52499  	-0.0857  	0.13747  	-0.3834  	-0.6010  	0.72844  	-0.1926  	0.01757  	0.12326  	0.13411  	-0.1561  	0.30043  	-0.5067  	0.33414  	0.87990  	-0.4028  	0.28372  	-0.4486  	0.09917  	0.44365  	0.17224  	0.13321  	-0.2408  	-0.0034  	0.31296  	0.19128  	0.28228  	0.12387  	-0.5887  	0.32950  	0.30596  	0.04989  	-0.1071  	0.41057  	0.01490  	-0.0737  	0.01192  	0.01698  	0.04094  	-0.1053  	0.02012  	-0.0474  	-0.0232  	0.01594  	-0.0333  	-0.0524  	0.01944  	0.00352  	-0.0304  	0.02259  	-0.0059  	-0.0268  	0.07583  	-0.0120  	0.14880  	-0.0095  	0.03107  	0.00427  	-0.0398  	0.10221  	
-0.5872  	-0.1216  	-0.4319  	-1.6537  	-0.7852  	-1.4691  	0.31506  	0.04806  	0.02159  	0.49549  	0.48063  	-0.1483  	0.15249  	-0.3511  	-0.5720  	0.66318  	-0.1735  	-0.0226  	0.11464  	0.07596  	-0.1345  	0.30794  	-0.4767  	0.34444  	0.89326  	-0.4135  	0.31944  	-0.4753  	0.08217  	0.47422  	0.18756  	0.14986  	-0.2714  	0.01066  	0.32820  	0.19714  	0.30200  	0.12336  	-0.6029  	0.31817  	0.30447  	0.04989  	-0.1121  	0.40311  	0.01913  	-0.0706  	0.00566  	0.00564  	0.04256  	-0.1035  	0.02629  	-0.0454  	-0.0178  	0.02461  	-0.0362  	-0.0504  	0.02174  	0.00410  	-0.0237  	0.02302  	-0.0094  	-0.0214  	0.07746  	-0.0170  	0.14880  	-0.0095  	0.03107  	0.00427  	-0.0398  	0.10221  	
-0.6163  	-0.1095  	-0.4325  	-1.7534  	-0.8660  	-1.4481  	0.30578  	0.06204  	0.01101  	0.41051  	0.48806  	-0.2229  	0.12154  	-0.4055  	-0.5524  	0.65247  	-0.1559  	-0.0229  	0.12564  	0.05280  	-0.0691  	0.30313  	-0.4209  	0.36057  	0.85668  	-0.4085  	0.31833  	-0.5105  	0.04488  	0.44732  	0.19508  	0.15476  	-0.2685  	0.00133  	0.32588  	0.16437  	0.32828  	0.13189  	-0.5996  	0.31591  	0.31990  	0.04695  	-0.1168  	0.40151  	0.01979  	-0.0705  	0.00774  	-0.0148  	0.02996  	-0.1033  	0.01714  	-0.0442  	-0.0147  	0.02235  	-0.0349  	-0.0520  	0.01840  	0.00242  	-0.0256  	0.02195  	-0.0043  	-0.0186  	0.07426  	-0.0140  	0.14880  	-0.0095  	0.03107  	0.00427  	-0.0398  	0.10221  	
-0.6843  	-0.1066  	-0.4924  	-1.7970  	-0.9426  	-1.4968  	0.29376  	0.08814  	0.02502  	0.36472  	0.48332  	-0.1734  	0.15648  	-0.3862  	-0.5614  	0.57103  	-0.1311  	-0.0220  	0.12064  	0.09249  	-0.0593  	0.29198  	-0.3926  	0.34478  	0.80707  	-0.3928  	0.26034  	-0.5293  	0.02847  	0.42134  	0.21979  	0.13171  	-0.2548  	-0.0046  	0.32045  	0.15973  	0.32761  	0.11502  	-0.6112  	0.30033  	0.32259  	0.04634  	-0.1286  	0.39667  	0.01840  	-0.0700  	0.01674  	-0.0102  	0.02638  	-0.0931  	0.00792  	-0.0443  	-0.0188  	0.02177  	-0.0319  	-0.0539  	0.02038  	0.00556  	-0.0272  	0.01860  	-0.0033  	-0.0169  	0.07614  	-0.0121  	0.14880  	-0.0095  	0.03107  	0.00427  	-0.0398  	0.10221  	
-0.8595  	-0.1332  	-0.5648  	-1.9341  	-1.0131  	-1.6377  	0.29620  	0.03008  	0.01275  	0.44438  	0.44773  	-0.1844  	0.14073  	-0.3554  	-0.5566  	0.46951  	-0.1313  	-0.0042  	0.08026  	0.09335  	-0.1129  	0.27519  	-0.3479  	0.32244  	0.79927  	-0.3586  	0.22023  	-0.5490  	0.09484  	0.41650  	0.25551  	0.09713  	-0.2502  	0.00530  	0.26658  	0.12612  	0.28261  	0.09818  	-0.6003  	0.32486  	0.34300  	0.02677  	-0.1294  	0.38497  	0.03032  	-0.0721  	0.02270  	-0.0207  	0.01729  	-0.0902  	-0.0013  	-0.0452  	-0.0269  	0.01334  	-0.0393  	-0.0655  	0.01105  	0.00597  	-0.0380  	0.01317  	-0.0007  	-0.0106  	0.08040  	-0.0126  	0.14880  	-0.0095  	0.03107  	0.00427  	-0.0398  	0.10221  	
-0.9505  	-0.1524  	-0.5838  	-2.0498  	-1.0684  	-1.7223  	0.31175  	0.05038  	0.04423  	0.45222  	0.63084  	-0.1967  	0.13283  	-0.3188  	-0.5518  	0.39045  	-0.1076  	-0.0292  	0.09959  	0.04468  	-0.0741  	0.28435  	-0.2986  	0.31858  	0.69855  	-0.3564  	0.18360  	-0.5485  	0.07044  	0.36992  	0.26188  	0.09049  	-0.2295  	0.00929  	0.25524  	0.08899  	0.32669  	0.11513  	-0.6163  	0.28130  	0.38861  	0.03854  	-0.1120  	0.37124  	0.01652  	-0.0751  	0.02232  	-0.0142  	0.02112  	-0.0915  	0.00015  	-0.0438  	-0.0330  	0.01962  	-0.0374  	-0.0617  	0.01600  	0.00527  	-0.0277  	0.01946  	0.00726  	-0.0016  	0.07665  	-0.0073  	0.14880  	-0.0095  	0.03107  	0.00427  	-0.0398  	0.10221  	
-1.0079  	-0.1255  	-0.5847  	-2.0620  	-1.0455  	-1.7430  	0.28492  	0.08140  	0.05787  	0.45384  	0.65459  	-0.1719  	0.11488  	-0.3549  	-0.5746  	0.42385  	-0.1274  	-0.0272  	0.11084  	0.05151  	-0.0424  	0.27121  	-0.2859  	0.29535  	0.65251  	-0.3484  	0.16643  	-0.5375  	0.06576  	0.35851  	0.26900  	0.07976  	-0.2241  	0.00772  	0.24170  	0.06887  	0.32197  	0.11542  	-0.6123  	0.28095  	0.39088  	0.03604  	-0.1159  	0.38679  	0.01352  	-0.0757  	0.02649  	-0.0210  	0.02196  	-0.0906  	-0.0077  	-0.0465  	-0.0267  	0.01895  	-0.0371  	-0.0565  	0.00859  	-6.8129  	-0.0268  	0.01538  	0.00963  	0.00015  	0.07774  	-0.0076  	0.14880  	-0.0095  	0.03107  	0.00427  	-0.0398  	0.10221  	
-1.0356  	-0.1458  	-0.5909  	-2.0946  	-1.0547  	-1.7556  	0.27389  	0.07201  	0.05430  	0.45587  	0.64743  	-0.1598  	0.11284  	-0.3722  	-0.6221  	0.44434  	-0.1256  	-0.0184  	0.11878  	0.06062  	-0.0532  	0.26289  	-0.2768  	0.29680  	0.61826  	-0.3343  	0.12346  	-0.5465  	0.03961  	0.34544  	0.27884  	0.07599  	-0.2222  	0.00631  	0.22841  	0.05399  	0.30606  	0.11473  	-0.6138  	0.27303  	0.40694  	0.02856  	-0.1100  	0.39567  	0.02111  	-0.0758  	0.02269  	-0.0197  	0.01759  	-0.0929  	-0.0138  	-0.0455  	-0.0269  	0.01201  	-0.0400  	-0.0618  	0.00809  	0.00450  	-0.0288  	0.01524  	0.00784  	-0.0033  	0.07955  	-0.0092  	0.14880  	-0.0095  	0.03107  	0.00427  	-0.0398  	0.10221  	
-0.9784  	-0.1454  	-0.5772  	-2.0589  	-1.0373  	-1.7129  	0.26874  	0.09610  	0.07110  	0.43571  	0.60621  	-0.1312  	0.12891  	-0.3275  	-0.5847  	0.44330  	-0.1148  	-0.0146  	0.11984  	0.07597  	-0.0488  	0.26017  	-0.2704  	0.29785  	0.60088  	-0.3386  	0.08491  	-0.5366  	0.07164  	0.34221  	0.28493  	0.06595  	-0.2081  	0.01231  	0.22534  	0.03552  	0.28697  	0.11414  	-0.6045  	0.28253  	0.40934  	0.01832  	-0.1063  	0.40055  	0.01542  	-0.0765  	0.02603  	-0.0143  	0.02891  	-0.0988  	-0.0107  	-0.0457  	-0.0262  	0.01463  	-0.0374  	-0.0646  	0.01244  	0.00677  	-0.0340  	0.01512  	0.00485  	-0.0033  	0.08178  	-0.0079  	0.14880  	-0.0095  	0.03107  	0.00427  	-0.0398  	0.10221  	
-0.8302  	-0.0926  	-0.5162  	-1.9242  	-0.9917  	-1.6217  	0.25454  	0.13809  	0.07803  	0.39406  	0.56438  	-0.0996  	0.16457  	-0.2327  	-0.4637  	0.45536  	-0.1082  	-0.0323  	0.09997  	0.06674  	-0.0045  	0.28136  	-0.2948  	0.30431  	0.60610  	-0.3425  	0.08564  	-0.5390  	0.04976  	0.34675  	0.27096  	0.07599  	-0.1835  	0.01657  	0.24909  	0.00685  	0.31678  	0.11841  	-0.6060  	0.29029  	0.39254  	0.01982  	-0.1069  	0.39121  	0.01254  	-0.0663  	0.02874  	-0.0197  	0.01848  	-0.0854  	-0.0128  	-0.0452  	-0.0261  	0.01839  	-0.0401  	-0.0627  	0.01046  	0.00299  	-0.0335  	0.02029  	0.00352  	-0.0025  	0.07123  	-0.0119  	0.14880  	-0.0095  	0.03107  	0.00427  	-0.0398  	0.10221  	
-0.6331  	-0.0258  	-0.4237  	-1.8034  	-0.9495  	-1.5265  	0.25327  	0.19742  	0.10232  	0.31966  	0.54918  	-0.0908  	0.19451  	-0.1166  	-0.3114  	0.46955  	-0.1310  	-0.0978  	0.10544  	0.05968  	0.11446  	0.28617  	-0.2883  	0.32406  	0.61309  	-0.3623  	0.15436  	-0.6225  	-0.0411  	0.34934  	0.25503  	0.08973  	-0.1566  	0.00793  	0.34520  	-0.0472  	0.40312  	0.14920  	-0.6633  	0.27048  	0.37461  	0.02419  	-0.1199  	0.38813  	0.00911  	-0.0636  	0.03590  	-0.0163  	0.01231  	-0.0835  	-0.0128  	-0.0466  	-0.0293  	0.01671  	-0.0452  	-0.0561  	0.00915  	-0.0026  	-0.0364  	0.01861  	0.00697  	-0.0027  	0.06932  	-0.0127  	0.14880  	-0.0095  	0.03107  	0.00427  	-0.0398  	0.10221  	
-0.4282  	0.06005  	-0.3045  	-1.7014  	-0.9589  	-1.3929  	0.28471  	0.29104  	0.13063  	0.26836  	0.59827  	-0.1070  	0.21830  	0.02844  	-0.2206  	0.53722  	-0.1288  	-0.1255  	0.09849  	-0.0221  	0.29748  	0.28746  	-0.2797  	0.39335  	0.60500  	-0.3802  	0.28068  	-0.7824  	-0.1746  	0.34794  	0.23509  	0.12173  	-0.1667  	-0.0039  	0.43804  	-0.1086  	0.48975  	0.19021  	-0.7048  	0.25401  	0.32283  	0.02236  	-0.1267  	0.37542  	0.00962  	-0.0632  	0.02974  	-0.0132  	0.01517  	-0.0768  	-0.0126  	-0.0414  	-0.0271  	0.01754  	-0.0416  	-0.0523  	0.00038  	0.00322  	-0.0349  	0.01086  	0.00471  	0.00293  	0.06576  	-0.0178  	0.14880  	-0.0095  	0.03107  	0.00427  	-0.0398  	0.10221  	
-0.2677  	0.09358  	-0.2075  	-1.6344  	-0.9749  	-1.2840  	0.29526  	0.36244  	0.19455  	0.22359  	0.60838  	-0.0866  	0.22325  	0.06925  	-0.1259  	0.58544  	-0.1069  	-0.1800  	0.10674  	-0.0784  	0.38404  	0.31486  	-0.2264  	0.46566  	0.61729  	-0.3981  	0.37001  	-0.9091  	-0.2960  	0.34534  	0.22420  	0.14828  	-0.1582  	-0.0191  	0.49668  	-0.1380  	0.58693  	0.20888  	-0.7384  	0.21912  	0.29371  	0.02471  	-0.1211  	0.38214  	0.00413  	-0.0672  	0.02142  	-0.0058  	0.02429  	-0.0777  	-0.0162  	-0.0433  	-0.0264  	0.02348  	-0.0449  	-0.0426  	0.00162  	0.00246  	-0.0358  	0.02153  	0.00522  	0.00292  	0.06407  	-0.0172  	0.14880  	-0.0095  	0.03107  	0.00427  	-0.0398  	0.10221  	
-0.2266  	0.08575  	-0.1733  	-1.6313  	-0.9747  	-1.2414  	0.30480  	0.38513  	0.19935  	0.21804  	0.61944  	-0.0856  	0.23441  	0.07629  	-0.1243  	0.61915  	-0.0970  	-0.1889  	0.11296  	-0.0801  	0.39086  	0.31837  	-0.2148  	0.49870  	0.63097  	-0.4029  	0.40339  	-0.9356  	-0.3182  	0.35557  	0.22270  	0.15799  	-0.1560  	-0.0132  	0.50434  	-0.1326  	0.61227  	0.21926  	-0.7286  	0.21110  	0.27187  	0.03237  	-0.1176  	0.37983  	0.00443  	-0.0683  	0.01935  	0.00072  	0.02954  	-0.0847  	-0.0179  	-0.0406  	-0.0246  	0.02624  	-0.0428  	-0.0417  	0.00196  	0.00302  	-0.0381  	0.02481  	0.00597  	-0.0026  	0.07160  	-0.0124  	0.14880  	-0.0095  	0.03107  	0.00427  	-0.0398  	0.10221  	
-0.2279  	0.08079  	-0.1555  	-1.6360  	-0.9759  	-1.2453  	0.30607  	0.38753  	0.20247  	0.23513  	0.62910  	-0.0905  	0.22734  	0.06893  	-0.1461  	0.61897  	-0.0961  	-0.1867  	0.11125  	-0.0745  	0.38500  	0.30866  	-0.2147  	0.49385  	0.63021  	-0.4019  	0.39646  	-0.9237  	-0.3059  	0.35127  	0.22072  	0.16029  	-0.1549  	-0.0152  	0.49350  	-0.1285  	0.60715  	0.21976  	-0.7228  	0.20877  	0.27205  	0.03120  	-0.1115  	0.38244  	0.00614  	-0.0685  	0.01878  	0.00309  	0.03022  	-0.0866  	-0.0180  	-0.0406  	-0.0252  	0.02457  	-0.0418  	-0.0426  	0.00354  	0.00178  	-0.0373  	0.02430  	0.00700  	-0.0045  	0.07128  	-0.0118  	0.14880  	-0.0095  	0.03107  	0.00427  	-0.0398  	0.10221  	
-0.3176  	0.06854  	-0.2260  	-1.6314  	-0.9282  	-1.3089  	0.29317  	0.35054  	0.18390  	0.25510  	0.57473  	-0.0709  	0.24458  	0.03932  	-0.1935  	0.59428  	-0.1086  	-0.1332  	0.10088  	-0.0067  	0.29886  	0.29878  	-0.2723  	0.45638  	0.64632  	-0.3857  	0.30824  	-0.8134  	-0.1925  	0.35219  	0.22094  	0.12330  	-0.1428  	-0.0103  	0.45388  	-0.1022  	0.51582  	0.18601  	-0.6770  	0.23550  	0.31512  	0.02425  	-0.1121  	0.38139  	0.00987  	-0.0712  	0.02630  	0.00417  	0.02971  	-0.0786  	-0.0037  	-0.0423  	-0.0260  	0.01866  	-0.0411  	-0.0498  	0.00465  	0.00174  	-0.0329  	0.01977  	0.00195  	-0.0070  	0.07540  	-0.0150  	0.14880  	-0.0095  	0.03107  	0.00427  	-0.0398  	0.10221  	
-0.6414  	-0.0899  	-0.5032  	-1.8551  	-0.9918  	-1.5438  	0.32354  	0.07922  	0.05847  	0.39816  	0.58816  	-0.1203  	0.17905  	-0.2452  	-0.4729  	0.49031  	-0.1179  	-0.0239  	0.07810  	0.13142  	-0.0531  	0.28541  	-0.3709  	0.31997  	0.67692  	-0.3424  	0.10695  	-0.4960  	0.03911  	0.36233  	0.25413  	0.08878  	-0.1932  	-0.0038  	0.26219  	0.06467  	0.29122  	0.11683  	-0.6127  	0.30661  	0.36290  	0.01558  	-0.1051  	0.38410  	0.01358  	-0.0696  	0.02413  	0.00748  	0.02238  	-0.0904  	-0.0058  	-0.0484  	-0.0252  	0.01833  	-0.0408  	-0.0595  	0.01597  	0.00268  	-0.0325  	0.02135  	-0.0040  	-0.0051  	0.07526  	-0.0039  	0.14880  	-0.0095  	0.03107  	0.00427  	-0.0398  	0.10221  	
-0.5532  	-0.1378  	-0.4929  	-1.6854  	-0.8973  	-1.4648  	0.30719  	0.11819  	0.06128  	0.34775  	0.58101  	-0.1380  	0.17420  	-0.3062  	-0.4537  	0.60226  	-0.1226  	-0.0445  	0.10773  	0.14271  	-0.0394  	0.27862  	-0.4629  	0.43483  	0.76654  	-0.3754  	0.18480  	-0.5085  	-0.0005  	0.37698  	0.18577  	0.14078  	-0.2185  	-0.0180  	0.36940  	0.09462  	0.32758  	0.11661  	-0.6421  	0.33458  	0.31942  	0.02640  	-0.1367  	0.39075  	0.02406  	-0.0691  	0.01712  	-0.0012  	0.03083  	-0.0831  	0.01591  	-0.0464  	-0.0279  	0.01064  	-0.0407  	-0.0570  	0.02321  	0.00675  	-0.0279  	0.02275  	-0.0101  	-0.0208  	0.07220  	-0.0086  	0.14880  	-0.0095  	0.03107  	0.00427  	-0.0398  	0.10221  	
-0.2988  	-0.0559  	-0.3849  	-1.3141  	-0.6649  	-1.3888  	0.32175  	0.20511  	0.04643  	0.34331  	0.31156  	-0.0860  	0.32149  	-0.0327  	-0.1212  	0.49489  	-0.1834  	-0.1131  	0.08863  	0.08515  	-0.0099  	0.33519  	-0.5151  	0.45579  	0.82467  	-0.4266  	0.29336  	-0.5726  	0.04580  	0.43634  	0.18872  	0.11197  	-0.2043  	-0.0059  	0.45028  	0.05839  	0.29675  	0.08472  	-0.5951  	0.37927  	0.25560  	0.07695  	-0.1452  	0.39921  	0.01724  	-0.0674  	0.01466  	0.00284  	0.04580  	-0.0900  	0.01786  	-0.0436  	-0.0297  	0.01066  	-0.0392  	-0.0533  	0.02745  	0.00918  	-0.0268  	0.01476  	-0.0113  	-0.0114  	0.07272  	-0.0162  	0.14880  	-0.0095  	0.03107  	0.00427  	-0.0398  	0.10221  	
-0.2157  	0.05449  	-0.3567  	-1.0934  	-0.5894  	-1.2455  	0.36163  	0.30489  	0.11399  	0.29912  	0.09725  	-0.1329  	0.41340  	0.29257  	0.14552  	0.40847  	-0.1552  	-0.1603  	0.09478  	-0.0045  	0.03303  	0.43459  	-0.4611  	0.41010  	0.86663  	-0.4419  	0.43723  	-0.6821  	0.09545  	0.52214  	0.15508  	0.10092  	-0.1933  	0.01520  	0.44059  	0.01123  	0.33429  	0.09000  	-0.5938  	0.38222  	0.23102  	0.08830  	-0.1451  	0.40280  	0.02507  	-0.0703  	0.00991  	0.02696  	0.04343  	-0.1001  	0.00699  	-0.0479  	-0.0303  	0.01391  	-0.0379  	-0.0384  	0.01435  	-0.0044  	-0.0313  	0.02510  	-0.0015  	-0.0116  	0.05499  	-0.0181  	0.14880  	-0.0095  	0.03107  	0.00427  	-0.0398  	0.10221  	
-0.3307  	0.01421  	-0.4872  	-0.8830  	-0.4085  	-1.3258  	0.33875  	0.28751  	0.13154  	0.29542  	0.17818  	-0.0604  	0.42359  	0.39792  	0.21872  	0.38102  	-0.1611  	-0.2160  	0.05445  	0.08933  	0.00143  	0.42337  	-0.5388  	0.50789  	0.94227  	-0.4343  	0.39396  	-0.5856  	0.06783  	0.53698  	0.16216  	0.08880  	-0.1834  	0.00455  	0.50872  	-0.0125  	0.26319  	0.04743  	-0.6093  	0.37957  	0.15853  	0.10544  	-0.1941  	0.36050  	0.00863  	-0.0775  	0.02677  	0.01851  	0.03957  	-0.0893  	0.00574  	-0.0487  	-0.0369  	0.00971  	-0.0491  	-0.0474  	0.02640  	-0.0004  	-0.0332  	0.01346  	7.88450  	-0.0166  	0.05786  	-0.0203  	0.14880  	-0.0095  	0.03107  	0.00427  	-0.0398  	0.10221  	
-0.5487  	-0.0360  	-0.6282  	-1.1059  	-0.4632  	-1.5346  	0.32655  	0.20023  	0.09017  	0.35822  	0.19649  	0.04231  	0.36833  	0.22872  	0.10702  	0.43606  	-0.1800  	-0.1348  	0.05469  	0.11918  	-0.0656  	0.38684  	-0.5054  	0.43672  	0.79969  	-0.4122  	0.28904  	-0.5255  	0.03326  	0.48179  	0.17581  	0.09548  	-0.1625  	0.03676  	0.47185  	0.00477  	0.24753  	0.06082  	-0.5955  	0.39249  	0.19259  	0.07311  	-0.1942  	0.37065  	0.01931  	-0.0669  	0.02390  	-0.0094  	0.03722  	-0.0905  	-0.0051  	-0.0413  	-0.0359  	0.02610  	-0.0435  	-0.0602  	0.01756  	-0.0062  	-0.0183  	0.02710  	-0.0021  	-0.0063  	0.05358  	-0.0167  	0.14880  	-0.0095  	0.03107  	0.00427  	-0.0398  	0.10221  	
-0.6453  	-0.0504  	-0.5703  	-1.5044  	-0.6578  	-1.4469  	0.31707  	0.20212  	0.08463  	0.31651  	0.32443  	0.01241  	0.25182  	-0.0080  	-0.1132  	0.49305  	-0.1656  	-0.0226  	0.08410  	0.10438  	-0.0126  	0.31659  	-0.4414  	0.43194  	0.72398  	-0.3771  	0.19899  	-0.5065  	0.07878  	0.43200  	0.19973  	0.10359  	-0.1645  	0.01710  	0.36943  	-0.0133  	0.27726  	0.09641  	-0.6220  	0.34973  	0.25666  	0.03998  	-0.1569  	0.39275  	0.01474  	-0.0661  	0.03399  	-0.0005  	0.03404  	-0.1018  	-0.0017  	-0.0554  	-0.0427  	0.01032  	-0.0463  	-0.0564  	0.01261  	0.00533  	-0.0297  	0.01941  	-0.0037  	-0.0201  	0.05824  	-0.0251  	0.14880  	-0.0095  	0.03107  	0.00427  	-0.0398  	0.10221  	
-0.4059  	-0.0544  	-0.3102  	-1.6575  	-0.8853  	-1.3491  	0.26719  	0.20601  	0.11197  	0.32412  	0.45974  	-0.1280  	0.24000  	-0.2021  	-0.2990  	0.58390  	-0.1175  	-0.1006  	0.15302  	0.03640  	0.09604  	0.30351  	-0.3272  	0.40687  	0.77440  	-0.3956  	0.31598  	-0.7146  	-0.1400  	0.42389  	0.20078  	0.12196  	-0.2057  	0.00360  	0.38579  	0.02007  	0.44197  	0.15813  	-0.6590  	0.27762  	0.30759  	0.04781  	-0.1123  	0.37732  	0.01761  	-0.0723  	0.01659  	-0.0015  	0.04000  	-0.0937  	-0.0147  	-0.0472  	-0.0216  	0.01847  	-0.0378  	-0.0474  	0.00357  	0.00912  	-0.0390  	0.01904  	-0.0048  	-0.0141  	0.07768  	-0.0152  	0.14880  	-0.0095  	0.03107  	0.00427  	-0.0398  	0.10221  	
-0.2894  	0.04015  	-0.1566  	-1.6790  	-0.9434  	-1.3259  	0.26947  	0.30764  	0.11817  	0.30744  	0.57685  	-0.0690  	0.23962  	-0.0747  	-0.3250  	0.58935  	-0.1227  	-0.1353  	0.14191  	0.00167  	0.26789  	0.29459  	-0.2929  	0.43999  	0.70385  	-0.4264  	0.35262  	-0.8290  	-0.2065  	0.37964  	0.21017  	0.13876  	-0.1773  	-0.0201  	0.47647  	-0.0382  	0.53301  	0.20031  	-0.6947  	0.25201  	0.29901  	0.03471  	-0.1039  	0.39530  	0.01973  	-0.0703  	0.02759  	0.00866  	0.02998  	-0.0932  	-0.0074  	-0.0450  	-0.0228  	0.01973  	-0.0435  	-0.0499  	0.01177  	-0.0039  	-0.0376  	0.02214  	-0.0076  	-0.0081  	0.07563  	-0.0226  	0.14880  	-0.0095  	0.03107  	0.00427  	-0.0398  	0.10221  	
-0.1862  	0.07220  	-0.1020  	-1.6555  	-0.9511  	-1.2606  	0.30665  	0.38512  	0.17309  	0.28140  	0.67215  	-0.0695  	0.20635  	0.00043  	-0.3687  	0.73654  	-0.1319  	-0.1540  	0.14639  	-0.0268  	0.33166  	0.27352  	-0.3222  	0.45536  	0.72546  	-0.4325  	0.40742  	-0.9099  	-0.2836  	0.38080  	0.23189  	0.17586  	-0.1602  	-0.0069  	0.49663  	-0.0916  	0.57102  	0.20414  	-0.6753  	0.22729  	0.27605  	0.02461  	-0.0885  	0.39297  	0.01014  	-0.0666  	0.00682  	0.01458  	0.05010  	-0.1002  	-0.0135  	-0.0416  	-0.0288  	0.02399  	-0.0396  	-0.0429  	0.00269  	-0.0010  	-0.0389  	0.02204  	0.00340  	-0.0051  	0.08096  	-0.0179  	0.14880  	-0.0095  	0.03107  	0.00427  	-0.0398  	0.10221  	
-0.2245  	0.09099  	-0.1155  	-1.8635  	-0.9459  	-1.3312  	0.33532  	0.34046  	0.16360  	0.39554  	0.58252  	-0.1654  	0.28821  	0.06866  	-0.3810  	0.61574  	-0.1337  	-0.1093  	0.16936  	0.00031  	0.26137  	0.29291  	-0.3243  	0.38455  	0.83489  	-0.4499  	0.38314  	-0.8110  	-0.1348  	0.38477  	0.26826  	0.11829  	-0.1700  	-0.0036  	0.40442  	-0.0104  	0.45028  	0.14762  	-0.6026  	0.29410  	0.29956  	0.00254  	-0.0971  	0.42194  	0.00200  	-0.0724  	0.00673  	0.02596  	0.05313  	-0.0947  	0.00447  	-0.0463  	-0.0289  	0.01845  	-0.0401  	-0.0414  	0.00269  	0.00519  	-0.0391  	0.02786  	0.00408  	-0.0089  	0.07621  	-0.0196  	0.14880  	-0.0095  	0.03107  	0.00427  	-0.0398  	0.10221  	
-0.4191  	0.01074  	-0.2905  	-1.5625  	-0.8338  	-1.4125  	0.33033  	0.25545  	0.11246  	0.45983  	0.46621  	-0.1277  	0.28973  	0.19541  	-0.1739  	0.55359  	-0.1380  	-0.1818  	0.13890  	0.05451  	0.14603  	0.35181  	-0.4444  	0.42706  	0.85898  	-0.4028  	0.42328  	-0.8215  	-0.1037  	0.44527  	0.20108  	0.11403  	-0.1778  	-0.0029  	0.45582  	0.00329  	0.43140  	0.13749  	-0.6533  	0.31957  	0.26787  	0.05300  	-0.1383  	0.40417  	0.03888  	-0.0715  	0.01982  	0.00594  	0.02828  	-0.0849  	-0.0097  	-0.0466  	-0.0365  	0.02405  	-0.0502  	-0.0602  	0.01099  	0.00310  	-0.0385  	0.01645  	0.00102  	-0.0166  	0.08146  	-0.0161  	0.14880  	-0.0095  	0.03107  	0.00427  	-0.0398  	0.10221  	
-0.9212  	-0.1254  	-0.5645  	-2.0542  	-1.0376  	-1.6459  	0.26077  	0.12126  	0.08924  	0.40057  	0.66845  	-0.1907  	0.15854  	-0.2726  	-0.4974  	0.43447  	-0.1289  	-0.0734  	0.11882  	0.03263  	0.13665  	0.21201  	-0.3741  	0.35556  	0.60495  	-0.3867  	0.27048  	-0.6944  	-0.0492  	0.38989  	0.26783  	0.12079  	-0.2080  	0.00633  	0.34708  	0.00186  	0.39213  	0.13418  	-0.6758  	0.27877  	0.31798  	0.02367  	-0.1446  	0.36649  	0.03562  	-0.0637  	0.02025  	-0.0318  	0.01856  	-0.0909  	-0.0111  	-0.0464  	-0.0379  	0.02479  	-0.0375  	-0.0553  	0.00923  	-0.0004  	-0.0206  	0.02025  	0.01123  	-0.0080  	0.06638  	-0.0159  	0.14880  	-0.0095  	0.03107  	0.00427  	-0.0398  	0.10221  	
-0.9077  	-0.1353  	-0.5331  	-2.1308  	-1.1059  	-1.5724  	0.26967  	0.06161  	0.03497  	0.42320  	0.60987  	-0.2255  	0.11356  	-0.3977  	-0.5840  	0.40258  	-0.0936  	-0.0482  	0.14839  	0.04800  	0.01466  	0.28987  	-0.2827  	0.33254  	0.74962  	-0.3541  	0.25511  	-0.6440  	0.01796  	0.38560  	0.27589  	0.08395  	-0.2313  	-0.0193  	0.21617  	0.08858  	0.35432  	0.11860  	-0.6301  	0.31321  	0.37389  	0.02073  	-0.1227  	0.38866  	0.03121  	-0.0670  	0.01842  	-0.0204  	0.01268  	-0.0913  	-0.0050  	-0.0426  	-0.0301  	0.01320  	-0.0428  	-0.0603  	0.01695  	0.00289  	-0.0279  	0.03033  	0.00334  	-0.0103  	0.06464  	-0.0131  	0.14880  	-0.0095  	0.03107  	0.00427  	-0.0398  	0.10221  	
-0.8925  	-0.0835  	-0.5252  	-2.0942  	-1.1284  	-1.5903  	0.26758  	0.08442  	0.06491  	0.43335  	0.48996  	-0.1966  	0.15737  	-0.3951  	-0.5797  	0.41923  	-0.0875  	-0.0162  	0.13941  	0.04101  	-0.0684  	0.31808  	-0.2132  	0.29602  	0.68989  	-0.3321  	0.16453  	-0.5504  	0.05941  	0.39154  	0.27974  	0.09332  	-0.2420  	0.00733  	0.10531  	0.05943  	0.29013  	0.12815  	-0.5851  	0.28563  	0.44524  	-0.0040  	-0.0822  	0.41475  	0.00776  	-0.0825  	0.01903  	0.01477  	0.02824  	-0.0971  	-0.0137  	-0.0458  	-0.0287  	0.01862  	-0.0345  	-0.0674  	0.01724  	-0.0007  	-0.0330  	0.01660  	0.00657  	-0.0052  	0.07281  	-0.0024  	0.14880  	-0.0095  	0.03107  	0.00427  	-0.0398  	0.10221  	
-0.8764  	-0.0892  	-0.5074  	-2.0446  	-1.0925  	-1.5890  	0.25284  	0.10557  	0.04865  	0.43073  	0.52544  	-0.1573  	0.14604  	-0.3651  	-0.5872  	0.41685  	-0.0823  	-0.0430  	0.14104  	-0.0045  	-0.0814  	0.30019  	-0.1884  	0.32030  	0.65171  	-0.3386  	0.16818  	-0.6115  	0.05861  	0.37059  	0.25495  	0.08534  	-0.2299  	0.00694  	0.16114  	0.06186  	0.31139  	0.14835  	-0.6153  	0.28007  	0.43948  	-0.0039  	-0.0886  	0.42990  	-0.0011  	-0.0792  	0.02181  	0.00630  	0.02176  	-0.0986  	-0.0212  	-0.0402  	-0.0331  	0.01811  	-0.0357  	-0.0698  	0.01529  	0.00510  	-0.0370  	0.01119  	0.00809  	-0.0077  	0.07046  	-0.0110  	0.14880  	-0.0095  	0.03107  	0.00427  	-0.0398  	0.10221  	
-0.9244  	-0.1489  	-0.5632  	-2.0725  	-1.0857  	-1.6489  	0.24471  	0.04712  	0.03814  	0.47330  	0.52803  	-0.1585  	0.15099  	-0.4239  	-0.6599  	0.45481  	-0.1126  	-0.0123  	0.13855  	0.04409  	-0.1540  	0.26807  	-0.2196  	0.29166  	0.64183  	-0.3219  	0.09213  	-0.4954  	0.10252  	0.35067  	0.27329  	0.10642  	-0.2321  	0.00258  	0.14207  	0.08129  	0.23837  	0.11238  	-0.5973  	0.31188  	0.44596  	0.00473  	-0.0855  	0.42008  	0.00332  	-0.0787  	0.01429  	0.02405  	0.03057  	-0.1001  	-0.0053  	-0.0418  	-0.0289  	0.00786  	-0.0315  	-0.0683  	0.02465  	0.00736  	-0.0221  	0.01362  	0.00638  	-0.0073  	0.06861  	-0.0014  	0.14880  	-0.0095  	0.03107  	0.00427  	-0.0398  	0.10221  	
-1.0636  	-0.1723  	-0.6634  	-2.1389  	-1.0091  	-1.8268  	0.32753  	0.00167  	-0.0133  	0.57074  	0.53176  	-0.1894  	0.21828  	-0.2753  	-0.6053  	0.37629  	-0.1713  	0.01807  	0.10981  	0.07626  	-0.1969  	0.28269  	-0.3480  	0.29574  	0.75122  	-0.3830  	0.13832  	-0.4791  	0.13897  	0.39603  	0.30468  	0.05679  	-0.2031  	0.02159  	0.22890  	0.11821  	0.19716  	0.06479  	-0.5716  	0.32310  	0.38158  	0.03073  	-0.1004  	0.39622  	0.01332  	-0.0799  	0.01627  	0.01077  	0.02536  	-0.0921  	0.00507  	-0.0445  	-0.0422  	0.00376  	-0.0318  	-0.0601  	0.01974  	0.01033  	-0.0285  	0.01172  	0.00357  	-0.0034  	0.07541  	-0.0040  	0.14880  	-0.0095  	0.03107  	0.00427  	-0.0398  	0.10221  	
-1.2338  	-0.1818  	-0.7521  	-2.2834  	-1.1605  	-1.9275  	0.24619  	0.04141  	-0.0190  	0.55311  	0.77213  	-0.2168  	0.15233  	-0.3043  	-0.6940  	0.32398  	-0.1275  	-0.0348  	0.10742  	0.07426  	-0.0519  	0.29083  	-0.2852  	0.35426  	0.65979  	-0.3534  	0.10869  	-0.5703  	0.04085  	0.34405  	0.28528  	0.06713  	-0.2070  	-0.0001  	0.20435  	0.07173  	0.24859  	0.08686  	-0.6008  	0.31403  	0.35124  	0.02658  	-0.1406  	0.36780  	0.02796  	-0.0700  	0.02908  	-0.0085  	0.01913  	-0.0797  	-0.0137  	-0.0439  	-0.0305  	0.01340  	-0.0395  	-0.0757  	0.01203  	0.00900  	-0.0287  	0.02405  	0.00441  	0.00152  	0.06675  	-0.0138  	0.14880  	-0.0095  	0.03107  	0.00427  	-0.0398  	0.10221  	
-1.0816  	-0.1327  	-0.6636  	-2.1489  	-1.0736  	-1.8484  	0.30019  	0.08618  	0.00865  	0.53294  	0.73070  	-0.2417  	0.13828  	-0.2955  	-0.6576  	0.35474  	-0.1564  	-0.0642  	0.08311  	0.09650  	-0.0452  	0.30774  	-0.3475  	0.35535  	0.69000  	-0.3301  	0.16097  	-0.5636  	0.04735  	0.35405  	0.26957  	0.07591  	-0.2060  	0.01207  	0.23269  	0.07541  	0.28598  	0.09152  	-0.5910  	0.29608  	0.36140  	0.02878  	-0.1510  	0.37352  	0.02189  	-0.0798  	0.02397  	0.00514  	0.01369  	-0.0873  	-0.0010  	-0.0401  	-0.0261  	0.01992  	-0.0422  	-0.0664  	0.01947  	-0.0003  	-0.0292  	0.02681  	0.00444  	-0.0024  	0.06576  	-0.0068  	0.14880  	-0.0095  	0.03107  	0.00427  	-0.0398  	0.10221  	
-1.0661  	-0.1492  	-0.6342  	-2.2708  	-1.1144  	-1.7625  	0.26929  	-0.0345  	0.01896  	0.54253  	0.58575  	-0.1923  	0.14248  	-0.4750  	-0.8313  	0.37732  	-0.1422  	0.02306  	0.16063  	0.04798  	-0.1730  	0.25223  	-0.2219  	0.27170  	0.64267  	-0.3191  	0.06755  	-0.4833  	0.08579  	0.33051  	0.30654  	0.06171  	-0.2293  	0.00531  	0.10740  	0.09632  	0.21963  	0.08020  	-0.5680  	0.30192  	0.42293  	0.01899  	-0.0778  	0.41109  	0.01993  	-0.0839  	0.01857  	0.01566  	0.02598  	-0.0900  	-0.0029  	-0.0458  	-0.0411  	0.01416  	-0.0326  	-0.0680  	0.02100  	0.01146  	-0.0253  	0.01611  	0.00327  	-0.0106  	0.07766  	-0.0106  	0.14880  	-0.0095  	0.03107  	0.00427  	-0.0398  	0.10221  	
-1.0381  	-0.1255  	-0.5647  	-2.2268  	-1.0835  	-1.7505  	0.25478  	0.01001  	0.01845  	0.54099  	0.58464  	-0.1426  	0.16603  	-0.4130  	-0.7453  	0.43600  	-0.1623  	0.01562  	0.13990  	0.05602  	-0.1423  	0.27901  	-0.2212  	0.29815  	0.63895  	-0.3390  	0.08019  	-0.4936  	0.07437  	0.35705  	0.29416  	0.06534  	-0.2235  	0.01683  	0.15951  	0.07585  	0.25240  	0.08051  	-0.5919  	0.27438  	0.41523  	0.03746  	-0.0926  	0.39349  	0.01694  	-0.0773  	0.02054  	0.00936  	0.02958  	-0.0869  	-0.0050  	-0.0455  	-0.0355  	0.01282  	-0.0334  	-0.0701  	0.01633  	0.00935  	-0.0193  	0.01074  	0.00457  	-0.0061  	0.07279  	-0.0022  	0.14880  	-0.0095  	0.03107  	0.00427  	-0.0398  	0.10221  	
-1.0397  	-0.0888  	-0.5865  	-2.0039  	-1.0412  	-1.8143  	0.21435  	0.15692  	0.00864  	0.45462  	0.69325  	-0.1131  	0.18408  	-0.3500  	-0.4744  	0.31377  	-0.0417  	-0.2198  	0.21942  	-0.2475  	0.06900  	0.07287  	-0.5168  	0.36448  	0.60319  	-0.2469  	0.22430  	-0.7344  	0.08696  	0.38706  	0.37920  	0.01882  	-0.3147  	-0.1651  	0.21126  	0.02675  	0.24346  	0.09936  	-0.7527  	0.19776  	0.44493  	0.18088  	-0.2472  	0.46735  	-0.0346  	-0.0519  	-0.0050  	-0.0002  	0.00240  	-0.0921  	0.00803  	-0.0448  	-0.0309  	0.03856  	-0.0375  	-0.0631  	0.01792  	-0.0049  	-0.0283  	0.02631  	0.00861  	-0.0074  	0.04996  	-0.0148  	0.14880  	-0.0095  	0.03107  	0.00427  	-0.0398  	0.10221  	
-0.7436  	-0.0711  	-0.3943  	-1.9391  	-1.0216  	-1.6342  	0.18014  	0.21650  	0.01340  	0.36239  	0.59323  	-0.1183  	0.24121  	-0.3855  	-0.4877  	0.35608  	0.05382  	-0.3514  	0.26348  	-0.4517  	0.12606  	-0.1490  	-0.7227  	0.36703  	0.55117  	-0.1557  	0.21586  	-0.7552  	0.14870  	0.33250  	0.45761  	0.02494  	-0.3829  	-0.3071  	0.15381  	0.00730  	0.20890  	0.09995  	-0.8573  	0.12226  	0.51849  	0.26470  	-0.3191  	0.54204  	-0.0887  	-0.0460  	-0.0106  	0.03203  	-0.0011  	-0.1110  	0.00151  	-0.0459  	-0.0292  	0.04532  	-0.0273  	-0.0635  	0.01226  	-0.0167  	-0.0297  	0.02460  	0.00822  	-0.0106  	0.05013  	-0.0066  	0.14880  	-0.0095  	0.03107  	0.00427  	-0.0398  	0.10221  	
-0.6239  	-0.0226  	-0.3038  	-1.8048  	-0.9274  	-1.5352  	0.20706  	0.26645  	0.00923  	0.41357  	0.62758  	-0.0667  	0.23348  	-0.3810  	-0.4509  	0.45024  	0.03177  	-0.3717  	0.27848  	-0.4163  	0.12619  	-0.1825  	-0.8615  	0.37132  	0.54805  	-0.1657  	0.17712  	-0.7647  	0.19399  	0.32197  	0.46510  	0.00729  	-0.3861  	-0.3331  	0.15840  	0.02872  	0.18308  	0.11466  	-0.8561  	0.15248  	0.51027  	0.28775  	-0.3495  	0.55385  	-0.1058  	-0.0354  	-0.0205  	0.04031  	0.00542  	-0.1188  	0.01589  	-0.0404  	-0.0247  	0.04671  	-0.0258  	-0.0642  	0.01210  	-0.0210  	-0.0309  	0.03902  	0.00865  	-0.0279  	0.04558  	-0.0109  	0.14880  	-0.0095  	0.03107  	0.00427  	-0.0398  	0.10221  	
-0.6168  	-0.0611  	-0.3036  	-1.7741  	-0.9019  	-1.5530  	0.20551  	0.24754  	0.02330  	0.46802  	0.66572  	-0.0743  	0.23011  	-0.4170  	-0.4901  	0.54357  	-0.0020  	-0.3505  	0.27105  	-0.3725  	0.09526  	-0.1578  	-0.8966  	0.36493  	0.60893  	-0.2136  	0.20549  	-0.7280  	0.16479  	0.34323  	0.41702  	0.03980  	-0.3840  	-0.3132  	0.24158  	0.07818  	0.18491  	0.10210  	-0.8432  	0.16751  	0.47365  	0.27980  	-0.3365  	0.52133  	-0.0961  	-0.0335  	-0.0220  	0.03001  	0.00829  	-0.1134  	0.02090  	-0.0436  	-0.0224  	0.04510  	-0.0236  	-0.0599  	0.01884  	-0.0169  	-0.0340  	0.03365  	0.00264  	-0.0261  	0.05179  	-0.0084  	0.14880  	-0.0095  	0.03107  	0.00427  	-0.0398  	0.10221  	
-0.5947  	-0.0892  	-0.3542  	-1.7489  	-0.8815  	-1.4918  	0.25163  	0.15363  	0.01634  	0.45304  	0.63145  	-0.1174  	0.17953  	-0.4296  	-0.5091  	0.64600  	-0.0851  	-0.2014  	0.21440  	-0.1931  	0.05602  	0.04693  	-0.7068  	0.38031  	0.73951  	-0.3098  	0.28422  	-0.6541  	0.07181  	0.37694  	0.30960  	0.08937  	-0.3375  	-0.1752  	0.29246  	0.12809  	0.27460  	0.13186  	-0.7598  	0.22554  	0.38761  	0.17497  	-0.2513  	0.46187  	-0.0465  	-0.0519  	-0.0077  	0.01054  	0.01482  	-0.1059  	0.02302  	-0.0404  	-0.0215  	0.03440  	-0.0280  	-0.0563  	0.02064  	-0.0082  	-0.0325  	0.02608  	0.00025  	-0.0277  	0.06646  	-0.0094  	0.14880  	-0.0095  	0.03107  	0.00427  	-0.0398  	0.10221  	
-0.6209  	-0.1037  	-0.4464  	-1.7922  	-0.9076  	-1.4424  	0.28425  	0.06931  	0.02028  	0.42961  	0.58747  	-0.1627  	0.13393  	-0.3622  	-0.5265  	0.62232  	-0.1583  	-0.0836  	0.13373  	0.03135  	0.01767  	0.29822  	-0.4150  	0.39299  	0.82359  	-0.4183  	0.32925  	-0.5851  	-0.0320  	0.41797  	0.20603  	0.15500  	-0.2547  	-0.0036  	0.36448  	0.15735  	0.39259  	0.13928  	-0.6375  	0.29740  	0.31319  	0.04383  	-0.1400  	0.38389  	0.01906  	-0.0733  	0.01753  	-0.0143  	0.03123  	-0.0929  	0.01159  	-0.0433  	-0.0179  	0.01933  	-0.0354  	-0.0548  	0.02112  	0.00678  	-0.0308  	0.02040  	-0.0063  	-0.0275  	0.08395  	-0.0116  	0.14880  	-0.0095  	0.03107  	0.00427  	-0.0398  	0.10221  	
-0.6031  	-0.0850  	-0.4070  	-1.7720  	-0.9322  	-1.4308  	0.29375  	0.08900  	0.01982  	0.38201  	0.57708  	-0.2020  	0.11134  	-0.3348  	-0.4806  	0.59881  	-0.1412  	-0.0910  	0.12840  	0.02960  	0.05617  	0.31948  	-0.3767  	0.40859  	0.80454  	-0.418  	0.33794  	-0.6350  	-0.0545  	0.40818  	0.19872  	0.14960  	-0.2567  	-0.0068  	0.37646  	0.14095  	0.41999  	0.14601  	-0.6536  	0.28930  	0.30814  	0.04550  	-0.1411  	0.38116  	0.02207  	-0.0734  	0.02073  	-0.0199  	0.02830  	-0.0948  	0.01218  	-0.0456  	-0.0177  	0.01822  	-0.0356  	-0.0552  	0.02273  	0.00719  	-0.0320  	0.02214  	-0.0045  	-0.0252  	0.08418  	-0.0075  	0.14880  	-0.0095  	0.03107  	0.00427  	-0.0398  	0.10221  	
-0.5707  	-0.0975  	-0.4067  	-1.7466  	-0.8969  	-1.4346  	0.29958  	0.08860  	0.02962  	0.41396  	0.57604  	-0.2004  	0.13478  	-0.3260  	-0.5019  	0.61716  	-0.1560  	-0.0803  	0.12128  	0.03261  	0.03696  	0.31965  	-0.4069  	0.39724  	0.83524  	-0.4183  	0.33356  	-0.6088  	-0.0417  	0.41897  	0.19911  	0.15490  	-0.2582  	-0.0026  	0.37829  	0.14617  	0.40904  	0.14733  	-0.6454  	0.29302  	0.30398  	0.04542  	-0.1370  	0.38328  	0.02152  	-0.0766  	0.01668  	-0.0145  	0.03068  	-0.0986  	0.01471  	-0.0449  	-0.0186  	0.01692  	-0.0343  	-0.0538  	0.02223  	0.00459  	-0.0308  	0.02034  	-0.0077  	-0.0243  	0.07996  	-0.0121  	0.14880  	-0.0095  	0.03107  	0.00427  	-0.0398  	0.10221  	
-0.5181  	-0.1080  	-0.3742  	-1.7247  	-0.8655  	-1.4109  	0.30588  	0.09936  	0.05117  	0.45793  	0.54868  	-0.1704  	0.15037  	-0.3134  	-0.4842  	0.64748  	-0.1846  	-0.0555  	0.11725  	0.05115  	-0.0049  	0.29714  	-0.4347  	0.36692  	0.83291  	-0.4230  	0.29160  	-0.5621  	0.00258  	0.42531  	0.19322  	0.15172  	-0.2532  	-0.0046  	0.38284  	0.15468  	0.37683  	0.14257  	-0.6398  	0.31612  	0.31081  	0.04207  	-0.1235  	0.39149  	0.01298  	-0.0709  	0.01404  	-0.0046  	0.02751  	-0.0977  	0.01684  	-0.0437  	-0.0228  	0.01294  	-0.0355  	-0.0563  	0.02670  	0.00503  	-0.0290  	0.02097  	-0.0051  	-0.0260  	0.07964  	-0.0112  	0.14880  	-0.0095  	0.03107  	0.00427  	-0.0398  	0.10221  	
-0.5142  	-0.1116  	-0.3670  	-1.7319  	-0.8563  	-1.4091  	0.31173  	0.09075  	0.04194  	0.47994  	0.54499  	-0.1755  	0.14381  	-0.3201  	-0.5211  	0.66068  	-0.1902  	-0.0552  	0.11214  	0.05882  	-0.0213  	0.29577  	-0.4448  	0.36120  	0.84882  	-0.4238  	0.29979  	-0.5467  	0.01623  	0.43814  	0.19289  	0.14853  	-0.2578  	-0.0028  	0.37650  	0.16024  	0.37369  	0.13669  	-0.6314  	0.31527  	0.30646  	0.04537  	-0.1217  	0.39784  	0.01301  	-0.0703  	0.01080  	0.00235  	0.02855  	-0.0985  	0.01723  	-0.0444  	-0.0234  	0.01187  	-0.0380  	-0.0560  	0.02777  	0.00446  	-0.0298  	0.01935  	-0.0055  	-0.0267  	0.08320  	-0.0116  	0.14880  	-0.0095  	0.03107  	0.00427  	-0.0398  	0.10221  	
-0.5051  	-0.1151  	-0.3669  	-1.7525  	-0.8595  	-1.4098  	0.32582  	0.08085  	0.04175  	0.46567  	0.54766  	-0.1734  	0.14520  	-0.3105  	-0.5147  	0.64221  	-0.1940  	-0.0528  	0.09894  	0.08245  	-0.0195  	0.28827  	-0.4444  	0.35653  	0.82828  	-0.4172  	0.27678  	-0.5338  	0.02284  	0.42816  	0.20190  	0.14705  	-0.2492  	0.00350  	0.38324  	0.14918  	0.36382  	0.13797  	-0.6296  	0.32124  	0.32004  	0.04861  	-0.1145  	0.40286  	0.01523  	-0.0735  	0.01264  	-0.0002  	0.02891  	-0.0982  	0.01792  	-0.0473  	-0.0227  	0.01405  	-0.0347  	-0.0562  	0.02901  	0.00282  	-0.0305  	0.02155  	-0.0071  	-0.0214  	0.08130  	-0.0108  	0.14880  	-0.0095  	0.03107  	0.00427  	-0.0398  	0.10221  	
-0.5108  	-0.1019  	-0.3573  	-1.7586  	-0.8704  	-1.4159  	0.31420  	0.07810  	0.03889  	0.46752  	0.57647  	-0.1620  	0.13764  	-0.3157  	-0.5390  	0.65629  	-0.1932  	-0.0473  	0.09809  	0.08974  	-0.0042  	0.27769  	-0.4445  	0.35635  	0.81066  	-0.4167  	0.26069  	-0.5435  	0.00363  	0.41712  	0.20637  	0.14251  	-0.2488  	0.00351  	0.38058  	0.14545  	0.36754  	0.13643  	-0.6369  	0.31756  	0.32360  	0.04539  	-0.1187  	0.39610  	0.01549  	-0.0730  	0.01018  	-0.0014  	0.02901  	-0.0961  	0.01670  	-0.0476  	-0.0213  	0.01435  	-0.0359  	-0.0573  	0.03052  	0.00370  	-0.0297  	0.02180  	-0.0080  	-0.0188  	0.08143  	-0.0098  	0.14880  	-0.0095  	0.03107  	0.00427  	-0.0398  	0.10221  	
-0.5056  	-0.1266  	-0.3629  	-1.7371  	-0.8167  	-1.4238  	0.32292  	0.05191  	0.03467  	0.50453  	0.59238  	-0.1050  	0.14872  	-0.3820  	-0.6110  	0.73108  	-0.2089  	-0.0278  	0.09236  	0.09504  	-0.0769  	0.26823  	-0.5118  	0.38100  	0.82208  	-0.4100  	0.29917  	-0.5391  	-0.0211  	0.41310  	0.20488  	0.14279  	-0.2417  	0.00282  	0.37087  	0.15954  	0.34214  	0.14508  	-0.6322  	0.33765  	0.33020  	0.05798  	-0.1180  	0.38854  	0.01758  	-0.0746  	0.00751  	0.00313  	0.03556  	-0.0963  	0.01481  	-0.0469  	-0.0204  	0.01829  	-0.0347  	-0.0580  	0.02736  	-0.0007  	-0.0331  	0.02056  	-0.0080  	-0.0239  	0.08576  	-0.0089  	0.14880  	-0.0095  	0.03107  	0.00427  	-0.0398  	0.10221  	
-0.5221  	-0.1233  	-0.4215  	-1.7221  	-0.8594  	-1.4275  	0.31885  	0.08528  	0.02566  	0.43416  	0.59350  	-0.1279  	0.13858  	-0.3937  	-0.5467  	0.69095  	-0.1670  	-0.0413  	0.11702  	0.09727  	-0.0234  	0.28676  	-0.5338  	0.42977  	0.84122  	-0.4095  	0.32941  	-0.5891  	-0.0808  	0.39883  	0.18867  	0.16725  	-0.2332  	-0.0227  	0.39075  	0.16342  	0.38901  	0.13554  	-0.6372  	0.33504  	0.30326  	0.07000  	-0.1292  	0.38292  	0.02622  	-0.0704  	0.01377  	-0.0027  	0.03883  	-0.0915  	0.00989  	-0.0462  	-0.0273  	0.01983  	-0.0296  	-0.0590  	0.03016  	0.00268  	-0.0384  	0.02044  	-0.0073  	-0.0242  	0.07627  	-0.0144  	0.14880  	-0.0095  	0.03107  	0.00427  	-0.0398  	0.10221  	
-0.4066  	-0.0998  	-0.3992  	-1.3838  	-0.7298  	-1.4282  	0.32080  	0.14238  	0.05522  	0.38270  	0.26442  	-0.1622  	0.21099  	-0.1323  	-0.2075  	0.51297  	-0.1456  	-0.1398  	0.13205  	0.08245  	0.00480  	0.36473  	-0.5138  	0.46921  	0.89968  	-0.4144  	0.35155  	-0.6622  	0.04186  	0.46806  	0.15350  	0.13282  	-0.2368  	0.01693  	0.46878  	0.09510  	0.35102  	0.08177  	-0.6197  	0.38187  	0.24319  	0.07856  	-0.1387  	0.41121  	0.03216  	-0.0768  	0.00993  	-0.0011  	0.04488  	-0.1082  	0.01879  	-0.0508  	-0.0221  	0.01273  	-0.0527  	-0.0502  	0.02315  	0.00946  	-0.0273  	0.02568  	-0.0098  	-0.0275  	0.06590  	-0.0175  	0.14880  	-0.0095  	0.03107  	0.00427  	-0.0398  	0.10221  	
-0.2539  	0.03754  	-0.3748  	-1.2226  	-0.6034  	-1.2330  	0.33095  	0.27907  	0.10382  	0.33449  	0.12181  	-0.1504  	0.34779  	0.15997  	0.05982  	0.44850  	-0.1420  	-0.1543  	0.12670  	0.00367  	0.02913  	0.41335  	-0.4395  	0.37939  	0.88265  	-0.4333  	0.43396  	-0.6834  	0.09357  	0.53394  	0.15795  	0.10788  	-0.2217  	0.02323  	0.45200  	0.02392  	0.33405  	0.10412  	-0.5960  	0.36915  	0.23166  	0.06318  	-0.1352  	0.39940  	0.01920  	-0.0703  	0.00427  	0.03411  	0.05440  	-0.1006  	0.00249  	-0.0467  	-0.0264  	0.01773  	-0.0288  	-0.0374  	0.01558  	-0.0087  	-0.0361  	0.02597  	-0.0037  	-0.0140  	0.05385  	-0.0182  	0.14880  	-0.0095  	0.03107  	0.00427  	-0.0398  	0.10221  	
-0.1497  	0.06089  	-0.2929  	-1.2680  	-0.7068  	-1.1848  	0.35222  	0.29766  	0.14166  	0.33064  	0.16458  	-0.2208  	0.39203  	0.22257  	0.00628  	0.47216  	-0.1487  	-0.1928  	0.10714  	-0.0947  	0.02321  	0.41994  	-0.3880  	0.41733  	0.86371  	-0.4362  	0.41920  	-0.7549  	0.04741  	0.52007  	0.17324  	0.09906  	-0.2145  	0.00334  	0.42057  	-0.0084  	0.35078  	0.08500  	-0.5852  	0.34138  	0.25758  	0.06319  	-0.1166  	0.40340  	0.00242  	-0.0676  	0.00060  	0.03591  	0.05147  	-0.0997  	0.00862  	-0.0404  	-0.0240  	0.02079  	-0.0391  	-0.0403  	0.00142  	-0.0050  	-0.0360  	0.02029  	-0.0001  	-0.0061  	0.05659  	-0.0265  	0.14880  	-0.0095  	0.03107  	0.00427  	-0.0398  	0.10221  	
-0.1251  	0.10140  	-0.2963  	-1.4656  	-0.7049  	-1.3069  	0.37249  	0.26071  	0.12403  	0.43713  	0.07587  	-0.3584  	0.41711  	0.27121  	0.11676  	0.35259  	-0.1375  	-0.1946  	0.12204  	-0.1449  	0.00234  	0.47839  	-0.3551  	0.42021  	1.00106  	-0.4548  	0.50269  	-0.8135  	0.07795  	0.53406  	0.18572  	0.10831  	-0.2579  	-0.0060  	0.36089  	0.00109  	0.33418  	0.09071  	-0.5697  	0.38647  	0.25801  	0.05187  	-0.1225  	0.42062  	-0.0073  	-0.0733  	-0.0031  	0.04682  	0.06035  	-0.0875  	0.00581  	-0.0437  	-0.0281  	0.01963  	-0.0367  	-0.0449  	-0.0035  	-0.0062  	-0.0355  	0.03445  	0.00096  	-0.0090  	0.06632  	-0.0210  	0.14880  	-0.0095  	0.03107  	0.00427  	-0.0398  	0.10221  	
-0.3746  	0.05035  	-0.4075  	-1.2758  	-0.6230  	-1.3900  	0.36729  	0.24226  	0.08520  	0.33546  	0.21524  	-0.1534  	0.33879  	0.24743  	0.09592  	0.37791  	-0.1219  	-0.1971  	0.07155  	0.03089  	0.08018  	0.47265  	-0.4398  	0.49590  	0.93323  	-0.4358  	0.49161  	-0.6892  	0.02288  	0.50650  	0.14916  	0.10272  	-0.2253  	-0.0066  	0.45367  	0.00063  	0.35959  	0.07830  	-0.6055  	0.37192  	0.22182  	0.08963  	-0.1715  	0.39716  	0.01548  	-0.0753  	-0.0004  	0.01260  	0.04213  	-0.1012  	0.01297  	-0.0490  	-0.0359  	0.00762  	-0.0489  	-0.0432  	0.02243  	0.00492  	-0.0219  	0.01773  	0.00077  	-0.0094  	0.06195  	-0.0200  	0.14880  	-0.0095  	0.03107  	0.00427  	-0.0398  	0.10221  	
-0.5519  	-0.0631  	-0.5160  	-1.3279  	-0.6624  	-1.3774  	0.32181  	0.18592  	0.08769  	0.30896  	0.19985  	-0.0342  	0.31004  	0.10938  	-0.0484  	0.48273  	-0.1741  	-0.0765  	0.08526  	0.08981  	0.00126  	0.35111  	-0.4468  	0.40606  	0.80968  	-0.4045  	0.27448  	-0.4944  	0.09767  	0.45584  	0.18657  	0.08945  	-0.2099  	0.02907  	0.39222  	-0.0044  	0.27070  	0.07775  	-0.5765  	0.37941  	0.23568  	0.04267  	-0.1488  	0.38349  	0.01777  	-0.0737  	0.02367  	-0.0157  	0.03110  	-0.0951  	6.33990  	-0.0593  	-0.0283  	0.02065  	-0.0373  	-0.0572  	0.01048  	-0.0021  	-0.0179  	0.03024  	-0.0075  	-0.0129  	0.06202  	-0.0137  	0.14880  	-0.0095  	0.03107  	0.00427  	-0.0398  	0.10221  	
-0.6268  	-0.0492  	-0.4271  	-1.7285  	-0.8030  	-1.4530  	0.34658  	0.14182  	0.07825  	0.33894  	0.36020  	-0.1083  	0.19795  	-0.1708  	-0.4066  	0.47542  	-0.1523  	0.02301  	0.10023  	0.10127  	-0.0610  	0.27460  	-0.4618  	0.35166  	0.77922  	-0.3974  	0.25158  	-0.5112  	0.13356  	0.44255  	0.19998  	0.09317  	-0.2163  	0.01964  	0.28254  	0.07417  	0.30022  	0.10431  	-0.5916  	0.34075  	0.31634  	0.02884  	-0.1209  	0.39810  	0.02562  	-0.0696  	0.01551  	-0.0175  	0.04142  	-0.1032  	-0.0019  	-0.0489  	-0.0315  	0.01205  	-0.0376  	-0.0519  	0.01763  	0.00613  	-0.0278  	0.01809  	-0.0012  	-0.0132  	0.06107  	-0.0131  	0.14880  	-0.0095  	0.03107  	0.00427  	-0.0398  	0.10221  	
-0.7206  	-0.1369  	-0.5607  	-1.8533  	-0.9262  	-1.4465  	0.27997  	0.08024  	0.03145  	0.31480  	0.40917  	-0.1516  	0.14546  	-0.4015  	-0.4463  	0.43560  	-0.1071  	0.02825  	0.11453  	0.07468  	-0.0831  	0.28123  	-0.3521  	0.30130  	0.79653  	-0.3823  	0.24993  	-0.5206  	0.13746  	0.42486  	0.22964  	0.08415  	-0.2245  	0.00190  	0.20986  	0.08382  	0.29190  	0.13273  	-0.5849  	0.34489  	0.36852  	0.02127  	-0.1175  	0.41855  	0.02262  	-0.0731  	0.02727  	-0.0242  	0.01486  	-0.0946  	-0.0011  	-0.0466  	-0.0240  	0.01962  	-0.0379  	-0.0559  	0.02747  	0.00638  	-0.0303  	0.02907  	-0.0011  	-0.0220  	0.07572  	-0.0063  	0.14880  	-0.0095  	0.03107  	0.00427  	-0.0398  	0.10221  	
-0.5864  	-0.0970  	-0.4763  	-1.6638  	-0.8757  	-1.3504  	0.25303  	0.16646  	0.07212  	0.22875  	0.37098  	-0.0738  	0.17652  	-0.2276  	-0.2093  	0.46897  	-0.0816  	-0.1171  	0.12077  	0.02209  	0.07919  	0.32170  	-0.2956  	0.42281  	0.73111  	-0.3705  	0.32765  	-0.6885  	-0.0856  	0.41045  	0.21583  	0.10830  	-0.1941  	-0.0004  	0.35977  	0.00530  	0.39702  	0.13400  	-0.6584  	0.28940  	0.30945  	0.02892  	-0.1234  	0.41165  	0.01258  	-0.0711  	0.03088  	-0.0132  	0.02111  	-0.0927  	-0.0039  	-0.0485  	-0.0313  	0.01444  	-0.0414  	-0.0566  	0.01738  	0.00535  	-0.0331  	0.01306  	-0.0044  	-0.0110  	0.06756  	-0.0104  	0.14880  	-0.0095  	0.03107  	0.00427  	-0.0398  	0.10221  	
-0.4140  	-0.0385  	-0.4044  	-1.4634  	-0.8389  	-1.3462  	0.34156  	0.24526  	0.11172  	0.31023  	0.25638  	-0.0744  	0.32988  	0.03905  	-0.0985  	0.49083  	-0.1036  	-0.0466  	0.06512  	0.10899  	0.00025  	0.31993  	-0.3809  	0.34695  	0.71375  	-0.3720  	0.19075  	-0.5741  	0.06889  	0.39823  	0.22421  	0.08316  	-0.1762  	0.01574  	0.32572  	0.01610  	0.27918  	0.12539  	-0.5855  	0.34512  	0.30040  	0.02281  	-0.0999  	0.40920  	0.01871  	-0.0712  	0.02350  	0.01540  	0.02980  	-0.0882  	0.00215  	-0.0493  	-0.0311  	0.01119  	-0.0346  	-0.0494  	0.01649  	-0.0035  	-0.0348  	0.01183  	0.00191  	-0.0039  	0.07661  	-0.0096  	0.14880  	-0.0095  	0.03107  	0.00427  	-0.0398  	0.10221  	
-0.1964  	0.08157  	-0.2169  	-1.4111  	-0.7973  	-1.2113  	0.37256  	0.31964  	0.12024  	0.32684  	0.24715  	-0.1876  	0.35113  	0.19604  	-0.0113  	0.43504  	-0.1499  	-0.1576  	0.11255  	-0.0491  	0.15850  	0.40160  	-0.3505  	0.41456  	0.80565  	-0.4255  	0.42424  	-0.8128  	-0.0460  	0.45605  	0.19636  	0.11665  	-0.1941  	-0.0017  	0.45161  	-0.0126  	0.41715  	0.14438  	-0.6178  	0.32062  	0.28548  	0.05173  	-0.1092  	0.40298  	-0.0056  	-0.0670  	0.00337  	0.03789  	0.04278  	-0.0955  	-0.0027  	-0.0437  	-0.0275  	0.01869  	-0.0383  	-0.0407  	0.00723  	-0.0043  	-0.0365  	0.02635  	-0.0019  	-0.0063  	0.05913  	-0.0188  	0.14880  	-0.0095  	0.03107  	0.00427  	-0.0398  	0.10221  	
-0.3409  	0.00163  	-0.2994  	-1.6170  	-0.8521  	-1.3537  	0.31438  	0.22586  	0.06267  	0.32655  	0.50207  	-0.1779  	0.23359  	-0.1262  	-0.2633  	0.53032  	-0.1267  	-0.2070  	0.14523  	-0.0172  	0.23215  	0.36253  	-0.3581  	0.50441  	0.79620  	-0.4101  	0.42217  	-0.8468  	-0.2101  	0.37740  	0.19110  	0.14583  	-0.2255  	-0.0107  	0.44213  	-0.0172  	0.52455  	0.18027  	-0.6823  	0.34353  	0.27976  	0.06796  	-0.1185  	0.40329  	0.01301  	-0.0733  	0.00756  	0.01827  	0.04045  	-0.1059  	-0.0202  	-0.0355  	-0.0297  	0.02670  	-0.0477  	-0.0585  	0.01017  	-0.0081  	-0.0328  	0.02158  	-0.0041  	-0.0085  	0.08337  	-0.0166  	0.14880  	-0.0095  	0.03107  	0.00427  	-0.0398  	0.10221  	
-0.5316  	-0.0981  	-0.3279  	-1.7015  	-0.8961  	-1.4132  	0.27973  	0.12358  	0.06521  	0.32869  	0.53687  	-0.1595  	0.17614  	-0.3010  	-0.4805  	0.60929  	-0.1068  	-0.1667  	0.13874  	0.03039  	0.10815  	0.27092  	-0.3714  	0.46091  	0.82715  	-0.4114  	0.41241  	-0.7422  	-0.0827  	0.42134  	0.18828  	0.15322  	-0.2550  	-0.0080  	0.38468  	0.07277  	0.45696  	0.16263  	-0.6914  	0.30606  	0.26304  	0.04673  	-0.1291  	0.39438  	0.02183  	-0.0753  	0.01225  	0.00660  	0.03578  	-0.1010  	-0.0021  	-0.0483  	-0.0349  	0.01794  	-0.0465  	-0.0487  	0.02075  	-0.0032  	-0.0235  	0.01724  	-0.0066  	-0.0158  	0.07900  	-0.0164  	0.14880  	-0.0095  	0.03107  	0.00427  	-0.0398  	0.10221  	
-0.5773  	-0.0918  	-0.4164  	-1.5408  	-0.7792  	-1.4083  	0.28072  	0.09335  	0.03393  	0.32024  	0.33017  	-0.1465  	0.20055  	-0.1990  	-0.3193  	0.50426  	-0.1059  	-0.1020  	0.13369  	0.07968  	-0.0464  	0.29680  	-0.4323  	0.43024  	0.87593  	-0.4114  	0.35745  	-0.5855  	0.06073  	0.46829  	0.15776  	0.12483  	-0.2467  	-0.0014  	0.35061  	0.10530  	0.32229  	0.13530  	-0.6330  	0.33129  	0.28803  	0.04666  	-0.1236  	0.39314  	0.02445  	-0.0622  	0.00853  	0.01292  	0.02636  	-0.1074  	-0.0014  	-0.0458  	-0.0261  	0.01433  	-0.0398  	-0.0555  	0.02852  	0.00669  	-0.0208  	0.02234  	-0.0046  	-0.0268  	0.07231  	-0.0156  	0.14880  	-0.0095  	0.03107  	0.00427  	-0.0398  	0.10221  	
-0.5810  	-0.0751  	-0.4667  	-1.5686  	-0.8020  	-1.3873  	0.29728  	0.10662  	0.05426  	0.32246  	0.33637  	-0.1230  	0.22746  	-0.1857  	-0.3018  	0.46495  	-0.1301  	-0.0573  	0.10608  	0.11206  	-0.0434  	0.29165  	-0.4212  	0.36146  	0.82504  	-0.3934  	0.24121  	-0.5112  	0.07321  	0.45321  	0.20227  	0.10498  	-0.2160  	0.02155  	0.33349  	0.08413  	0.27974  	0.10052  	-0.5988  	0.33106  	0.31913  	0.03845  	-0.1214  	0.38941  	0.01902  	-0.0738  	0.01645  	0.00158  	0.02945  	-0.0915  	0.01556  	-0.0473  	-0.0242  	0.01539  	-0.0423  	-0.0425  	0.02624  	0.00238  	-0.0269  	0.01994  	-0.0013  	-0.0143  	0.07313  	-0.0102  	0.14880  	-0.0095  	0.03107  	0.00427  	-0.0398  	0.10221  	
-0.6359  	-0.0883  	-0.4516  	-1.6848  	-0.8347  	-1.4591  	0.28038  	0.12070  	0.07331  	0.33603  	0.41973  	-0.1358  	0.21654  	-0.2170  	-0.3387  	0.48353  	-0.1455  	-0.0384  	0.10655  	0.13295  	-0.0510  	0.30330  	-0.4428  	0.36506  	0.78711  	-0.3964  	0.21068  	-0.4834  	0.08489  	0.39850  	0.20869  	0.10459  	-0.1968  	0.01946  	0.30669  	0.06148  	0.28467  	0.09615  	-0.5986  	0.33790  	0.33362  	0.02882  	-0.1229  	0.39102  	0.01213  	-0.0793  	0.02248  	-0.0013  	0.02461  	-0.1026  	-0.0015  	-0.0462  	-0.0301  	0.01684  	-0.0443  	-0.0532  	0.01919  	0.00140  	-0.0283  	0.02482  	0.00103  	-0.0198  	0.06951  	-0.0109  	0.14880  	-0.0095  	0.03107  	0.00427  	-0.0398  	0.10221  	
-0.4658  	-0.0179  	-0.4059  	-1.4274  	-0.7372  	-1.3066  	0.28950  	0.22296  	0.10779  	0.25914  	0.29575  	-0.0301  	0.25788  	-0.0223  	-0.1215  	0.50994  	-0.1158  	-0.0756  	0.08728  	0.08207  	0.04860  	0.29371  	-0.4017  	0.36008  	0.76564  	-0.3857  	0.26804  	-0.5450  	0.01576  	0.42714  	0.20516  	0.10131  	-0.1865  	0.00875  	0.36458  	-0.0065  	0.31800  	0.11656  	-0.6037  	0.32247  	0.27051  	0.03477  	-0.1118  	0.38252  	0.00744  	-0.0733  	0.01839  	0.00052  	0.03176  	-0.0918  	0.01037  	-0.0512  	-0.0322  	0.01658  	-0.0416  	-0.0444  	0.02459  	-0.0039  	-0.0249  	0.02417  	-0.0011  	-0.0077  	0.07091  	-0.0128  	0.14880  	-0.0095  	0.03107  	0.00427  	-0.0398  	0.10221  	
-0.4077  	-0.0272  	-0.4088  	-1.3883  	-0.7806  	-1.2530  	0.28002  	0.23165  	0.09239  	0.25801  	0.28415  	-0.0862  	0.25266  	-0.0560  	-0.1079  	0.52742  	-0.0962  	-0.0954  	0.13764  	-0.0046  	0.11220  	0.32070  	-0.3392  	0.37807  	0.79361  	-0.4122  	0.31847  	-0.6801  	-0.0217  	0.43078  	0.18617  	0.12267  	-0.2214  	-0.0036  	0.38505  	-0.0097  	0.38690  	0.13176  	-0.6223  	0.31682  	0.27649  	0.03525  	-0.1191  	0.40809  	0.00593  	-0.0721  	0.01145  	-0.0002  	0.03144  	-0.0953  	0.00028  	-0.0443  	-0.0290  	0.02012  	-0.0418  	-0.0466  	0.01939  	0.00212  	-0.0322  	0.02003  	-0.0063  	-0.0096  	0.07093  	-0.0163  	0.14880  	-0.0095  	0.03107  	0.00427  	-0.0398  	0.10221  	
-0.4072  	-0.0064  	-0.3402  	-1.6194  	-0.8141  	-1.3418  	0.27763  	0.20129  	0.08455  	0.32585  	0.46852  	-0.1397  	0.18581  	-0.1851  	-0.3048  	0.59745  	-0.1449  	-0.1430  	0.13699  	0.01864  	0.13080  	0.34258  	-0.3852  	0.45486  	0.74094  	-0.4206  	0.33262  	-0.7673  	-0.0980  	0.39280  	0.18477  	0.13049  	-0.2058  	-0.0093  	0.42173  	0.03093  	0.47405  	0.13621  	-0.6734  	0.30274  	0.30538  	0.03966  	-0.1063  	0.39927  	0.01759  	-0.0729  	0.01789  	-0.0066  	0.04233  	-0.0952  	-0.0011  	-0.0505  	-0.0244  	0.01217  	-0.0465  	-0.0488  	0.02664  	-7.6585  	-0.0337  	0.02308  	-0.0079  	-0.0068  	0.08602  	-0.0134  	0.14880  	-0.0095  	0.03107  	0.00427  	-0.0398  	0.10221  	
-0.5052  	-0.0703  	-0.2788  	-1.8767  	-0.9658  	-1.3749  	0.28132  	0.15252  	0.06507  	0.37740  	0.59271  	-0.1887  	0.11534  	-0.3377  	-0.6060  	0.68274  	-0.1948  	-0.0507  	0.15089  	0.06752  	0.04408  	0.26769  	-0.4036  	0.43157  	0.76850  	-0.4030  	0.32488  	-0.6149  	-0.0365  	0.36509  	0.21368  	0.10949  	-0.2244  	-0.0143  	0.38421  	0.11530  	0.42326  	0.12508  	-0.6565  	0.31408  	0.32473  	0.05851  	-0.1256  	0.40843  	0.01340  	-0.0647  	0.00891  	0.00048  	0.03266  	-0.0920  	0.00453  	-0.0434  	-0.0192  	0.01707  	-0.0344  	-0.0512  	0.02218  	0.00239  	-0.0279  	0.02638  	-0.0104  	-0.0187  	0.07850  	-0.0112  	0.14880  	-0.0095  	0.03107  	0.00427  	-0.0398  	0.10221  	
-0.6328  	-0.0851  	-0.3980  	-1.9181  	-1.0316  	-1.4839  	0.30443  	0.10003  	0.03645  	0.38080  	0.56863  	-0.2165  	0.10520  	-0.3687  	-0.6450  	0.61791  	-0.1417  	-0.0045  	0.14078  	0.07982  	0.02466  	0.27851  	-0.4114  	0.39336  	0.77681  	-0.4011  	0.30244  	-0.6033  	-0.0082  	0.36336  	0.20310  	0.13608  	-0.2397  	-0.0065  	0.32536  	0.15867  	0.39346  	0.12064  	-0.6295  	0.31380  	0.33724  	0.04574  	-0.1268  	0.40048  	0.02689  	-0.0722  	0.01759  	-0.0080  	0.03500  	-0.0926  	0.00326  	-0.0480  	-0.0216  	0.02365  	-0.0335  	-0.0582  	0.02136  	0.00892  	-0.0274  	0.02437  	-0.0046  	-0.0132  	0.07898  	-0.0101  	0.14880  	-0.0095  	0.03107  	0.00427  	-0.0398  	0.10221  	
-0.9843  	-0.1728  	-0.6746  	-2.0854  	-1.0561  	-1.6967  	0.27624  	0.05545  	0.00942  	0.43061  	0.62945  	-0.2045  	0.13253  	-0.2974  	-0.5909  	0.34232  	-0.1089  	-0.0185  	0.11196  	0.04850  	0.00456  	0.21947  	-0.3675  	0.34622  	0.81321  	-0.3651  	0.23053  	-0.5825  	0.03111  	0.40499  	0.25715  	0.10268  	-0.2565  	-0.0071  	0.29486  	0.11924  	0.33639  	0.09665  	-0.6102  	0.27707  	0.34415  	0.03768  	-0.1503  	0.38389  	0.03251  	-0.0744  	0.01828  	-0.0327  	0.00907  	-0.0892  	0.00188  	-0.0473  	-0.0275  	0.01630  	-0.0366  	-0.0577  	0.02116  	0.00974  	-0.0332  	0.01568  	0.00429  	-0.0071  	0.07367  	-0.0093  	0.14880  	-0.0095  	0.03107  	0.00427  	-0.0398  	0.10221  	
-0.7187  	-0.1162  	-0.5097  	-1.9298  	-0.9808  	-1.5650  	0.24603  	0.16517  	0.06936  	0.39416  	0.57215  	-0.1451  	0.16062  	-0.1985  	-0.3845  	0.42300  	-0.0851  	-0.1070  	0.11647  	-0.0233  	0.10777  	0.26743  	-0.2716  	0.45849  	0.66582  	-0.3615  	0.31566  	-0.7506  	-0.1054  	0.35854  	0.22523  	0.13854  	-0.2312  	-0.0267  	0.35353  	-0.0005  	0.40741  	0.13945  	-0.6657  	0.29939  	0.34043  	0.02105  	-0.1340  	0.37982  	0.01402  	-0.0619  	0.03145  	-0.0113  	0.01649  	-0.0873  	-0.0184  	-0.0447  	-0.0303  	0.01954  	-0.0446  	-0.0682  	0.00744  	0.00414  	-0.0310  	0.01580  	0.00224  	-0.0131  	0.06771  	-0.0155  	0.14880  	-0.0095  	0.03107  	0.00427  	-0.0398  	0.10221  	
-0.6806  	-0.0796  	-0.4101  	-1.9149  	-1.0109  	-1.4921  	0.28804  	0.13208  	0.06453  	0.38824  	0.58302  	-0.1384  	0.14773  	-0.2601  	-0.5426  	0.48692  	-0.1116  	-0.0503  	0.11920  	0.02575  	0.00570  	0.26273  	-0.2618  	0.39600  	0.65327  	-0.3503  	0.21528  	-0.6428  	-0.0271  	0.34507  	0.24530  	0.11366  	-0.1862  	-0.0229  	0.28993  	0.03240  	0.37475  	0.12686  	-0.6517  	0.30369  	0.37543  	0.02602  	-0.1070  	0.40288  	0.01531  	-0.0792  	0.02907  	-0.0014  	0.02793  	-0.0933  	-0.0086  	-0.0444  	-0.0348  	0.01478  	-0.0419  	-0.0674  	0.01183  	0.00521  	-0.0362  	0.01152  	-0.0027  	-0.0154  	0.07917  	-0.0071  	0.14880  	-0.0095  	0.03107  	0.00427  	-0.0398  	0.10221  	
-0.5988  	-0.0426  	-0.3458  	-1.8843  	-0.9842  	-1.5037  	0.28356  	0.15364  	0.07261  	0.45672  	0.64838  	-0.1071  	0.11905  	-0.2832  	-0.5544  	0.54254  	-0.1729  	-0.0638  	0.12419  	0.07474  	0.01514  	0.27151  	-0.3043  	0.37272  	0.65042  	-0.3629  	0.20024  	-0.6199  	-0.0269  	0.35891  	0.24018  	0.12649  	-0.1910  	0.00438  	0.32173  	0.05598  	0.40339  	0.14606  	-0.6439  	0.29421  	0.36998  	0.01846  	-0.1065  	0.39352  	0.00293  	-0.0816  	0.02855  	-0.0035  	0.03082  	-0.1034  	-0.0066  	-0.0434  	-0.0303  	0.02251  	-0.0406  	-0.0634  	0.01597  	0.00119  	-0.0363  	0.00903  	-0.0017  	-0.0081  	0.08076  	-0.0120  	0.14880  	-0.0095  	0.03107  	0.00427  	-0.0398  	0.10221  	
-0.6239  	-0.0582  	-0.3377  	-1.8878  	-1.0112  	-1.5414  	0.24470  	0.14856  	0.06394  	0.51230  	0.73577  	-0.0884  	0.11088  	-0.3172  	-0.6200  	0.59874  	-0.1859  	-0.0329  	0.12665  	0.12018  	0.00430  	0.21717  	-0.3865  	0.34623  	0.67859  	-0.3879  	0.16085  	-0.6053  	-0.0324  	0.36518  	0.22387  	0.13556  	-0.1937  	0.00313  	0.37006  	0.08818  	0.38209  	0.15059  	-0.6396  	0.27851  	0.36160  	0.01423  	-0.1115  	0.37488  	0.00669  	-0.0772  	0.02599  	-0.0051  	0.03202  	-0.0968  	0.00352  	-0.0479  	-0.0213  	0.01890  	-0.0391  	-0.0585  	0.01825  	0.00153  	-0.0350  	0.01403  	-0.0030  	-0.0139  	0.08505  	-0.0133  	0.14880  	-0.0095  	0.03107  	0.00427  	-0.0398  	0.10221  	
-0.6163  	-0.0586  	-0.3561  	-1.9086  	-1.0276  	-1.4837  	0.24789  	0.11938  	0.04100  	0.48758  	0.77112  	-0.1222  	0.10180  	-0.2589  	-0.6218  	0.59143  	-0.1801  	-0.0373  	0.12603  	0.05778  	0.04483  	0.22729  	-0.3509  	0.37694  	0.66070  	-0.3910  	0.19823  	-0.6361  	-0.0756  	0.36822  	0.23063  	0.13801  	-0.1959  	0.00497  	0.41686  	0.08946  	0.41075  	0.14842  	-0.6626  	0.27322  	0.34452  	0.02578  	-0.1218  	0.37304  	0.00909  	-0.0731  	0.02484  	-0.0071  	0.02568  	-0.0882  	0.00239  	-0.0486  	-0.0211  	0.02149  	-0.0366  	-0.0557  	0.01594  	0.00128  	-0.0359  	0.01723  	-0.0016  	-0.0095  	0.08303  	-0.0125  	0.14880  	-0.0095  	0.03107  	0.00427  	-0.0398  	0.10221  	
-0.6643  	-0.0847  	-0.3435  	-1.9852  	-1.0473  	-1.4936  	0.23548  	0.08425  	0.05687  	0.51809  	0.77247  	-0.1065  	0.09866  	-0.2950  	-0.7315  	0.63483  	-0.1728  	-0.0340  	0.12862  	0.08946  	0.00321  	0.19725  	-0.3775  	0.34647  	0.63706  	-0.3791  	0.15212  	-0.6045  	-0.0667  	0.34917  	0.23980  	0.13572  	-0.1841  	0.00470  	0.37793  	0.08622  	0.37561  	0.14499  	-0.6457  	0.29622  	0.36924  	0.03805  	-0.0962  	0.36557  	0.00969  	-0.0758  	0.02570  	-0.0070  	0.03830  	-0.0793  	0.00575  	-0.0481  	-0.0252  	0.02086  	-0.0358  	-0.0560  	0.01499  	0.00165  	-0.0398  	0.01803  	-0.0050  	-0.0052  	0.08561  	-0.0122  	0.14880  	-0.0095  	0.03107  	0.00427  	-0.0398  	0.10221  	
-0.7101  	-0.1065  	-0.3925  	-1.9783  	-1.0546  	-1.5232  	0.24676  	0.09408  	0.05638  	0.50069  	0.71962  	-0.1204  	0.10598  	-0.3631  	-0.7334  	0.62425  	-0.1608  	-0.0078  	0.12646  	0.09651  	-0.0490  	0.19560  	-0.3895  	0.33711  	0.67440  	-0.3751  	0.15167  	-0.5232  	-0.0006  	0.36114  	0.22806  	0.12959  	-0.2013  	-0.0071  	0.34699  	0.11656  	0.33218  	0.12938  	-0.6419  	0.32258  	0.35689  	0.03757  	-0.1068  	0.37520  	0.01087  	-0.0783  	0.02522  	-0.0155  	0.03869  	-0.0845  	0.00752  	-0.0523  	-0.0238  	0.02093  	-0.0359  	-0.0582  	0.01705  	0.00178  	-0.0333  	0.02387  	-0.0074  	-0.0028  	0.07795  	-0.0105  	0.14880  	-0.0095  	0.03107  	0.00427  	-0.0398  	0.10221  	
-0.7937  	-0.1469  	-0.5334  	-1.9555  	-1.0684  	-1.5264  	0.21768  	0.04441  	-0.0047  	0.42958  	0.73669  	-0.1391  	0.06851  	-0.3726  	-0.6028  	0.50961  	-0.1111  	-0.0923  	0.14050  	0.02566  	0.07361  	0.27859  	-0.3110  	0.42737  	0.70430  	-0.3956  	0.24866  	-0.6406  	-0.0632  	0.36277  	0.22841  	0.13499  	-0.2593  	-0.0211  	0.36112  	0.11802  	0.40929  	0.13264  	-0.6805  	0.29396  	0.34267  	0.03295  	-0.1361  	0.37030  	0.01911  	-0.0744  	0.03503  	-0.0293  	0.02800  	-0.0817  	0.01007  	-0.0485  	-0.0269  	0.02372  	-0.0362  	-0.0574  	0.02275  	0.01201  	-0.0256  	0.02721  	-0.0021  	-0.0159  	0.07882  	-0.0131  	0.14880  	-0.0095  	0.03107  	0.00427  	-0.0398  	0.10221  	
-0.7697  	-0.1438  	-0.5526  	-1.9402  	-1.0572  	-1.5356  	0.22201  	0.01407  	0.00514  	0.38477  	0.72669  	-0.1822  	0.05417  	-0.4136  	-0.6021  	0.50123  	-0.0947  	-0.0976  	0.12442  	-0.0025  	0.07765  	0.25663  	-0.2871  	0.42472  	0.68830  	-0.3853  	0.23617  	-0.6482  	-0.0815  	0.36958  	0.23113  	0.13461  	-0.2598  	-0.0157  	0.36960  	0.09813  	0.43976  	0.12657  	-0.6956  	0.27129  	0.34561  	0.02674  	-0.1376  	0.37629  	0.02835  	-0.0723  	0.03408  	-0.0304  	0.02251  	-0.0851  	0.00256  	-0.0459  	-0.0316  	0.01737  	-0.0383  	-0.0550  	0.01688  	0.01185  	-0.0292  	0.01659  	-0.0029  	-0.0224  	0.07544  	-0.0146  	0.14880  	-0.0095  	0.03107  	0.00427  	-0.0398  	0.10221  	
-0.6850  	-0.1219  	-0.4263  	-1.8913  	-0.9820  	-1.5444  	0.25585  	0.08055  	0.05520  	0.51194  	0.70831  	-0.0807  	0.11028  	-0.4059  	-0.6758  	0.63150  	-0.1573  	-0.0253  	0.14492  	0.10103  	-0.0423  	0.24141  	-0.3965  	0.35883  	0.71592  	-0.3799  	0.17589  	-0.5637  	-0.0221  	0.37295  	0.21980  	0.13216  	-0.2309  	-0.0045  	0.33444  	0.13046  	0.37541  	0.13264  	-0.6614  	0.31229  	0.35202  	0.03576  	-0.1275  	0.38203  	0.01696  	-0.0743  	0.02501  	-0.0152  	0.03031  	-0.0919  	0.00170  	-0.0493  	-0.0255  	0.01794  	-0.0355  	-0.0580  	0.01527  	0.00357  	-0.0325  	0.01893  	-0.0016  	-0.0188  	0.07289  	-0.0116  	0.14880  	-0.0095  	0.03107  	0.00427  	-0.0398  	0.10221  	
-0.6162  	-0.1231  	-0.4415  	-1.7824  	-0.8753  	-1.4702  	0.28513  	0.07804  	0.02621  	0.50241  	0.64492  	-0.0867  	0.13622  	-0.3994  	-0.6821  	0.70722  	-0.1821  	-0.0189  	0.11597  	0.07820  	-0.0704  	0.25826  	-0.4938  	0.36572  	0.77750  	-0.4023  	0.26432  	-0.5352  	0.00434  	0.39852  	0.19447  	0.14179  	-0.2341  	-0.0085  	0.35204  	0.17721  	0.33416  	0.11766  	-0.6300  	0.32113  	0.32084  	0.04959  	-0.1339  	0.37535  	0.02172  	-0.0742  	0.01764  	-0.0126  	0.03722  	-0.0918  	0.01278  	-0.0482  	-0.0244  	0.01862  	-0.0326  	-0.0593  	0.02293  	0.00622  	-0.0337  	0.01869  	-0.0099  	-0.0216  	0.08159  	-0.0101  	0.14880  	-0.0095  	0.03107  	0.00427  	-0.0398  	0.10221  	
-0.6494  	-0.1529  	-0.4380  	-1.8496  	-0.9502  	-1.4779  	0.23669  	0.10946  	0.01824  	0.41328  	0.64931  	-0.1270  	0.12112  	-0.4101  	-0.6410  	0.68332  	-0.1473  	-0.0812  	0.14365  	0.04630  	0.05275  	0.25275  	-0.4414  	0.44899  	0.77325  	-0.4011  	0.30148  	-0.6105  	-0.0753  	0.38466  	0.20569  	0.15729  	-0.2550  	-0.0273  	0.38433  	0.12574  	0.41605  	0.12432  	-0.6692  	0.30160  	0.29658  	0.05915  	-0.1424  	0.37624  	0.02452  	-0.0688  	0.01936  	-0.0212  	0.02999  	-0.0813  	0.00731  	-0.0537  	-0.0218  	0.01965  	-0.0357  	-0.0523  	0.02732  	0.00538  	-0.0353  	0.02236  	-0.0095  	-0.0233  	0.07252  	-0.0065  	0.14880  	-0.0095  	0.03107  	0.00427  	-0.0398  	0.10221  	
-0.4002  	-0.0317  	-0.3925  	-1.5589  	-0.7659  	-1.3782  	0.22859  	0.17436  	0.02851  	0.32178  	0.40878  	-0.1069  	0.17236  	-0.1082  	-0.1108  	0.49645  	-0.1124  	-0.1835  	0.14250  	-0.0172  	0.20685  	0.32037  	-0.4422  	0.55218  	0.70477  	-0.3855  	0.42033  	-0.8347  	-0.2192  	0.38041  	0.19822  	0.18044  	-0.2241  	-0.0262  	0.54242  	0.01603  	0.47578  	0.13619  	-0.7188  	0.34965  	0.25357  	0.05196  	-0.1615  	0.38348  	0.01474  	-0.0696  	0.02805  	-0.0252  	0.03514  	-0.0939  	0.01522  	-0.0450  	-0.0316  	0.01535  	-0.0542  	-0.0504  	0.01442  	-0.0040  	-0.0401  	0.03712  	-0.0107  	-0.0112  	0.06075  	-0.0211  	0.14880  	-0.0095  	0.03107  	0.00427  	-0.0398  	0.10221  	
-0.1873  	0.09304  	-0.2332  	-1.4766  	-0.8046  	-1.2143  	0.33162  	0.25909  	0.08731  	0.34559  	0.23143  	-0.1202  	0.36712  	0.15800  	0.07407  	0.42048  	-0.1714  	-0.1965  	0.11950  	-0.1359  	0.18076  	0.39671  	-0.2848  	0.47325  	0.73302  	-0.4137  	0.46244  	-0.9207  	-0.1831  	0.41840  	0.23300  	0.12655  	-0.1875  	-0.0187  	0.55506  	-0.0183  	0.48060  	0.14007  	-0.7015  	0.31092  	0.23034  	0.04487  	-0.1193  	0.39889  	0.00440  	-0.0794  	0.00823  	0.02815  	0.03276  	-0.0830  	0.01060  	-0.0469  	-0.0331  	0.00231  	-0.0390  	-0.0394  	0.00398  	0.00366  	-0.0469  	0.02092  	-0.0070  	-0.0004  	0.07119  	-0.0107  	0.14880  	-0.0095  	0.03107  	0.00427  	-0.0398  	0.10221  	
-0.2594  	0.02235  	-0.2653  	-1.4854  	-0.7806  	-1.2900  	0.34184  	0.32363  	0.11974  	0.32293  	0.38766  	-0.2068  	0.27649  	-0.0046  	-0.1010  	0.51420  	-0.1174  	-0.1812  	0.17112  	-0.0850  	0.22533  	0.37711  	-0.3219  	0.52360  	0.78534  	-0.4298  	0.42688  	-0.9017  	-0.1789  	0.39209  	0.20344  	0.14652  	-0.2219  	-0.0091  	0.48471  	-0.0027  	0.48329  	0.17704  	-0.6936  	0.31025  	0.26838  	0.05067  	-0.1221  	0.40509  	-0.0036  	-0.0653  	0.00145  	0.01193  	0.04131  	-0.0914  	-0.0076  	-0.0412  	-0.0243  	0.02467  	-0.0373  	-0.0450  	0.01091  	0.00102  	-0.0437  	0.02312  	-0.0008  	-0.0038  	0.07031  	-0.0206  	0.14880  	-0.0095  	0.03107  	0.00427  	-0.0398  	0.10221  	
-0.5157  	-0.0804  	-0.3020  	-1.7648  	-0.9219  	-1.4016  	0.23568  	0.15754  	0.05574  	0.39523  	0.62189  	-0.1402  	0.16353  	-0.2825  	-0.4936  	0.68156  	-0.1812  	-0.1245  	0.18084  	0.03162  	0.10335  	0.32525  	-0.3703  	0.50741  	0.78562  	-0.4318  	0.36674  	-0.7402  	-0.0885  	0.35805  	0.19043  	0.14091  	-0.2467  	-0.0300  	0.42986  	0.12053  	0.45937  	0.15312  	-0.6863  	0.30252  	0.28112  	0.05619  	-0.1356  	0.38371  	0.01067  	-0.0746  	0.02058  	0.00034  	0.03068  	-0.0911  	0.01003  	-0.0480  	-0.0220  	0.02243  	-0.0399  	-0.0603  	0.02360  	0.00398  	-0.0244  	0.01354  	-0.0045  	-0.0207  	0.07117  	-0.0173  	0.14880  	-0.0095  	0.03107  	0.00427  	-0.0398  	0.10221  	
-0.5601  	-0.1235  	-0.3664  	-1.7979  	-0.9078  	-1.4042  	0.29033  	0.11211  	0.04312  	0.46008  	0.61412  	-0.1608  	0.14218  	-0.3938  	-0.6337  	0.72207  	-0.1768  	-0.0425  	0.15472  	0.04554  	0.00125  	0.30168  	-0.4432  	0.41141  	0.85250  	-0.4165  	0.32971  	-0.6005  	-0.0118  	0.40440  	0.19267  	0.13784  	-0.2504  	-0.0151  	0.36772  	0.16678  	0.39170  	0.13974  	-0.6341  	0.32077  	0.30377  	0.06271  	-0.1241  	0.39107  	0.01576  	-0.0693  	0.02099  	-0.0041  	0.03315  	-0.0997  	0.01533  	-0.0432  	-0.0245  	0.01601  	-0.0308  	-0.0570  	0.02140  	0.00228  	-0.0285  	0.02017  	-0.0093  	-0.0275  	0.07847  	-0.0093  	0.14880  	-0.0095  	0.03107  	0.00427  	-0.0398  	0.10221  	
-0.6568  	-0.1400  	-0.4455  	-1.8363  	-0.9639  	-1.4565  	0.27220  	0.05681  	0.00995  	0.39528  	0.58102  	-0.2123  	0.11347  	-0.3845  	-0.4882  	0.58649  	-0.1381  	-0.0751  	0.14428  	-0.0080  	0.02871  	0.32065  	-0.3464  	0.41990  	0.82829  	-0.4203  	0.32808  	-0.6308  	-0.0187  	0.41147  	0.20203  	0.15159  	-0.2618  	-0.0181  	0.36310  	0.15113  	0.40817  	0.14610  	-0.6604  	0.29697  	0.32303  	0.04212  	-0.1297  	0.39011  	0.01070  	-0.0709  	0.02007  	-0.0155  	0.02572  	-0.0888  	0.01364  	-0.0420  	-0.0185  	0.01808  	-0.0345  	-0.0552  	0.02037  	0.00650  	-0.0322  	0.02488  	-0.0029  	-0.0329  	0.08074  	-0.0096  	0.14880  	-0.0095  	0.03107  	0.00427  	-0.0398  	0.10221  	
-0.6745  	-0.1165  	-0.4821  	-1.8742  	-0.9866  	-1.4738  	0.25964  	0.02648  	0.01257  	0.38989  	0.60404  	-0.2167  	0.08653  	-0.3784  	-0.4970  	0.54000  	-0.1239  	-0.0897  	0.13608  	0.01421  	0.05858  	0.30801  	-0.3444  	0.38976  	0.77974  	-0.4113  	0.27719  	-0.6200  	-0.0526  	0.40487  	0.21236  	0.14581  	-0.2574  	-0.0056  	0.36945  	0.13736  	0.43285  	0.14269  	-0.6622  	0.28121  	0.32440  	0.02928  	-0.1347  	0.37399  	0.02579  	-0.0717  	0.01930  	-0.0311  	0.02070  	-0.0899  	0.00866  	-0.0423  	-0.0217  	0.01648  	-0.0375  	-0.0492  	0.01742  	0.01054  	-0.0270  	0.02243  	-0.0021  	-0.0243  	0.07761  	-0.0119  	0.14880  	-0.0095  	0.03107  	0.00427  	-0.0398  	0.10221  	
-0.5733  	-0.0873  	-0.3352  	-1.9524  	-1.0136  	-1.4731  	0.29424  	0.09039  	0.07725  	0.44535  	0.58679  	-0.1970  	0.09935  	-0.3911  	-0.6298  	0.64313  	-0.1508  	-0.0389  	0.13546  	0.10389  	-0.0305  	0.25975  	-0.4015  	0.33068  	0.75836  	-0.3892  	0.18209  	-0.5545  	0.01846  	0.37081  	0.22192  	0.12366  	-0.2376  	-0.0062  	0.31695  	0.13902  	0.36888  	0.11130  	-0.6274  	0.33908  	0.36200  	0.03689  	-0.1228  	0.38911  	0.01008  	-0.0699  	0.01626  	-0.0101  	0.03323  	-0.0826  	0.01014  	-0.0532  	-0.0259  	0.01437  	-0.0368  	-0.0485  	0.02246  	0.00208  	-0.0359  	0.01821  	-0.0025  	-0.0209  	0.07189  	-0.0056  	0.14880  	-0.0095  	0.03107  	0.00427  	-0.0398  	0.10221  	
-0.9049  	-0.1359  	-0.5121  	-1.9286  	-0.9872  	-1.6921  	0.30239  	0.02700  	0.03176  	0.50182  	0.57817  	-0.2034  	0.14378  	-0.3202  	-0.6650  	0.53722  	-0.1483  	-0.0894  	0.10434  	0.10184  	-0.0743  	0.26089  	-0.3940  	0.38091  	0.79217  	-0.3730  	0.17589  	-0.5637  	0.06573  	0.40951  	0.24860  	0.10308  	-0.2366  	-0.0081  	0.31425  	0.17345  	0.30747  	0.10200  	-0.6283  	0.33393  	0.37036  	0.04192  	-0.1291  	0.38788  	0.02309  	-0.0700  	0.02019  	-0.0147  	0.01893  	-0.0931  	0.00076  	-0.0428  	-0.0297  	0.01487  	-0.0381  	-0.0660  	0.01608  	0.00863  	-0.0392  	0.02410  	-0.0031  	-0.0254  	0.08571  	-0.0090  	0.14880  	-0.0095  	0.03107  	0.00427  	-0.0398  	0.10221  	
-1.1018  	-0.1295  	-0.6214  	-2.0070  	-0.9585  	-1.7467  	0.23453  	0.06442  	-0.0016  	0.46858  	0.65136  	-0.1500  	0.14414  	-0.2291  	-0.5602  	0.33079  	-0.1013  	-0.1156  	0.11581  	0.05046  	-0.0017  	0.24814  	-0.3111  	0.41030  	0.74524  	-0.3433  	0.18485  	-0.5730  	0.05459  	0.39691  	0.25543  	0.08708  	-0.2107  	-0.0224  	0.25960  	0.09421  	0.30995  	0.08958  	-0.6161  	0.27539  	0.31692  	0.04201  	-0.1420  	0.36591  	0.04847  	-0.0723  	0.03555  	-0.0234  	0.00952  	-0.0780  	-0.0116  	-0.0454  	-0.0228  	0.02435  	-0.0423  	-0.0796  	0.01745  	0.00706  	-0.0211  	0.03198  	0.00477  	-0.0193  	0.06919  	-0.0136  	0.14880  	-0.0095  	0.03107  	0.00427  	-0.0398  	0.10221  	
-1.0497  	-0.1379  	-0.6488  	-2.0302  	-0.9999  	-1.7415  	0.25121  	0.14995  	0.04151  	0.47430  	0.68047  	-0.1064  	0.18254  	-0.1325  	-0.4449  	0.30825  	-0.1053  	-0.0462  	0.11487  	0.04510  	0.03138  	0.28721  	-0.3254  	0.36473  	0.66943  	-0.3552  	0.15459  	-0.5823  	0.00787  	0.35850  	0.25171  	0.06533  	-0.1915  	-0.0056  	0.25403  	0.04839  	0.29628  	0.10687  	-0.5954  	0.28772  	0.32506  	0.03776  	-0.1462  	0.35666  	0.02040  	-0.0727  	0.02956  	-0.0126  	0.00713  	-0.0921  	-0.0163  	-0.0451  	-0.0272  	0.02059  	-0.0467  	-0.0649  	0.01477  	-7.3527  	-0.0272  	0.01966  	0.00533  	-0.0047  	0.07084  	-0.0163  	0.14880  	-0.0095  	0.03107  	0.00427  	-0.0398  	0.10221  	
-0.9762  	-0.1213  	-0.5551  	-2.2082  	-1.1215  	-1.7129  	0.28651  	0.10441  	0.06150  	0.50751  	0.64254  	-0.2270  	0.15243  	-0.2853  	-0.6046  	0.35410  	-0.0938  	-0.0470  	0.13328  	0.05405  	0.01579  	0.26491  	-0.2716  	0.34488  	0.70489  	-0.3590  	0.19922  	-0.6182  	0.03476  	0.34817  	0.27114  	0.06996  	-0.2037  	-0.0045  	0.21384  	0.05394  	0.31909  	0.11330  	-0.5868  	0.32021  	0.36678  	0.01872  	-0.1203  	0.40367  	0.02001  	-0.0733  	0.02038  	-0.0079  	0.01434  	-0.0847  	-0.0031  	-0.0457  	-0.0333  	0.01881  	-0.0397  	-0.0636  	0.01651  	0.00799  	-0.0303  	0.01986  	0.00535  	-0.0049  	0.08311  	-0.0100  	0.14880  	-0.0095  	0.03107  	0.00427  	-0.0398  	0.10221  	
-0.7514  	-0.0876  	-0.4779  	-1.9157  	-0.9936  	-1.5189  	0.24619  	0.14097  	0.07912  	0.38015  	0.52804  	-0.1228  	0.14067  	-0.3285  	-0.4849  	0.47576  	-0.1046  	-0.0558  	0.14894  	0.08148  	0.01950  	0.26812  	-0.3176  	0.37771  	0.68879  	-0.3612  	0.23007  	-0.5637  	0.02085  	0.36904  	0.24061  	0.10133  	-0.2018  	-0.0020  	0.25476  	0.05780  	0.33979  	0.12570  	-0.6269  	0.31800  	0.36681  	0.02244  	-0.1122  	0.39357  	0.00841  	-0.0727  	0.02248  	-0.0048  	0.01740  	-0.0930  	-0.0058  	-0.0448  	-0.0313  	0.01807  	-0.0452  	-0.0675  	0.02188  	0.00218  	-0.0300  	0.01516  	-0.0012  	-0.0061  	0.07617  	-0.0100  	0.14880  	-0.0095  	0.03107  	0.00427  	-0.0398  	0.10221  	
-0.5458  	-0.0012  	-0.2972  	-1.7600  	-0.9850  	-1.4590  	0.27316  	0.20670  	0.12753  	0.41988  	0.52712  	-0.0693  	0.21780  	-0.1497  	-0.4347  	0.56362  	-0.1403  	-0.0803  	0.14268  	0.08041  	0.08521  	0.29557  	-0.3364  	0.37553  	0.63817  	-0.3757  	0.21719  	-0.6755  	-0.0530  	0.35383  	0.24844  	0.11057  	-0.1485  	-0.0034  	0.32464  	-0.0082  	0.39788  	0.12948  	-0.6350  	0.29871  	0.35872  	0.02499  	-0.1170  	0.38649  	0.01919  	-0.0656  	0.01835  	0.00483  	0.02102  	-0.0903  	-0.0091  	-0.0434  	-0.0240  	0.01395  	-0.0472  	-0.0478  	0.00389  	-0.0022  	-0.0378  	0.02354  	0.01007  	-0.0034  	0.06590  	-0.0154  	0.14880  	-0.0095  	0.03107  	0.00427  	-0.0398  	0.10221  	
-0.1503  	0.07422  	-0.1533  	-1.6173  	-0.9073  	-1.3310  	0.32606  	0.30095  	0.12994  	0.43214  	0.40284  	-0.2179  	0.36418  	0.13884  	-0.1413  	0.46024  	-0.1155  	-0.1504  	0.14185  	-0.0470  	0.18671  	0.37503  	-0.3150  	0.43441  	0.85502  	-0.4244  	0.42526  	-0.8655  	-0.1284  	0.45663  	0.25173  	0.12316  	-0.2109  	-0.0204  	0.44229  	0.00487  	0.44792  	0.14364  	-0.6244  	0.30859  	0.28560  	0.03903  	-0.0937  	0.39595  	-0.0110  	-0.0681  	0.00540  	0.04216  	0.05457  	-0.0970  	8.81908  	-0.0482  	-0.0263  	0.01568  	-0.0393  	-0.0400  	0.00891  	0.00232  	-0.0398  	0.03129  	-0.0041  	-0.0061  	0.07342  	-0.0213  	0.14880  	-0.0095  	0.03107  	0.00427  	-0.0398  	0.10221  	
-0.5217  	-0.0117  	-0.4253  	-1.6002  	-0.7847  	-1.5539  	0.31804  	0.25147  	0.05081  	0.41893  	0.47888  	-0.1979  	0.30191  	0.13827  	-0.1700  	0.40402  	-0.1152  	-0.1501  	0.13938  	0.01379  	0.16713  	0.32173  	-0.3924  	0.52342  	0.83963  	-0.4185  	0.44372  	-0.8128  	-0.1321  	0.45275  	0.21077  	0.10340  	-0.1943  	-0.0077  	0.48991  	-0.0052  	0.43437  	0.11932  	-0.6612  	0.33434  	0.25236  	0.06876  	-0.1791  	0.36762  	0.00708  	-0.0768  	0.01649  	-0.0070  	0.02631  	-0.0791  	-0.0077  	-0.0426  	-0.0446  	0.02034  	-0.0520  	-0.0577  	0.01608  	-0.0082  	-0.0405  	0.01192  	0.00909  	-0.0080  	0.06190  	-0.0183  	0.14880  	-0.0095  	0.03107  	0.00427  	-0.0398  	0.10221  	
-0.8788  	-0.1308  	-0.5698  	-1.9882  	-0.9512  	-1.6815  	0.28227  	0.15129  	0.08264  	0.39297  	0.67383  	-0.1765  	0.20464  	-0.1835  	-0.3900  	0.38250  	-0.1802  	-0.1076  	0.09909  	0.06237  	0.18324  	0.21519  	-0.3727  	0.39185  	0.61600  	-0.3611  	0.30392  	-0.6747  	-0.0878  	0.37841  	0.28262  	0.09538  	-0.1823  	0.02029  	0.40713  	-0.0435  	0.40699  	0.10862  	-0.6689  	0.30273  	0.29944  	0.05823  	-0.1498  	0.39093  	0.03481  	-0.0690  	0.03587  	-0.0394  	0.01202  	-0.1055  	-0.0167  	-0.0488  	-0.0351  	0.02468  	-0.0490  	-0.0621  	0.01903  	-0.0036  	-0.0471  	0.01874  	0.00543  	0.00277  	0.07076  	-0.0057  	0.14880  	-0.0095  	0.03107  	0.00427  	-0.0398  	0.10221  	
-0.8128  	-0.0899  	-0.4653  	-2.0034  	-1.0571  	-1.5296  	0.27038  	0.12239  	0.06015  	0.36277  	0.61090  	-0.1946  	0.12486  	-0.2962  	-0.5210  	0.44343  	-0.1062  	-0.0727  	0.13050  	0.03328  	0.05568  	0.29394  	-0.2717  	0.41154  	0.68688  	-0.3630  	0.26615  	-0.6535  	-0.0030  	0.37072  	0.23979  	0.10948  	-0.2166  	-0.0201  	0.24713  	0.05325  	0.37814  	0.12816  	-0.6267  	0.31082  	0.39257  	0.02918  	-0.1239  	0.39044  	0.01367  	-0.0703  	0.02803  	-0.0094  	0.01451  	-0.0927  	-0.0093  	-0.0446  	-0.0287  	0.01927  	-0.0406  	-0.0634  	0.01239  	0.00343  	-0.0296  	0.02189  	0.00100  	-0.0116  	0.06763  	-0.0101  	0.14880  	-0.0095  	0.03107  	0.00427  	-0.0398  	0.10221  	
-0.5089  	-0.0021  	-0.3126  	-1.7469  	-0.9224  	-1.3908  	0.26256  	0.26559  	0.13651  	0.35216  	0.42555  	-0.1234  	0.25933  	-0.0919  	-0.2921  	0.54985  	-0.1462  	-0.0824  	0.13026  	0.00078  	0.12555  	0.31204  	-0.2644  	0.43226  	0.63168  	-0.3679  	0.26555  	-0.7686  	-0.1272  	0.34865  	0.28131  	0.11033  	-0.1672  	-0.0196  	0.35061  	-0.0482  	0.41837  	0.14239  	-0.6510  	0.32739  	0.36658  	0.02011  	-0.1010  	0.39433  	0.00255  	-0.0672  	0.02558  	0.01369  	0.02888  	-0.0860  	-0.0083  	-0.0403  	-0.0321  	0.01972  	-0.0402  	-0.0579  	-0.0053  	-0.0022  	-0.0304  	0.02024  	0.00531  	-0.0122  	0.06777  	-0.0220  	0.14880  	-0.0095  	0.03107  	0.00427  	-0.0398  	0.10221  	
-0.3089  	0.05209  	-0.1990  	-1.7531  	-0.9445  	-1.3521  	0.27773  	0.28271  	0.13272  	0.35271  	0.53264  	-0.0792  	0.25351  	-0.0164  	-0.2539  	0.60507  	-0.1370  	-0.1065  	0.13986  	-0.0246  	0.21960  	0.32787  	-0.2582  	0.42383  	0.63244  	-0.3990  	0.29358  	-0.8555  	-0.2068  	0.36710  	0.25992  	0.13384  	-0.1590  	-0.0186  	0.42272  	-0.0609  	0.50307  	0.17494  	-0.6931  	0.27511  	0.35026  	0.02362  	-0.0872  	0.39184  	0.00713  	-0.0745  	0.02429  	0.01593  	0.04105  	-0.0857  	-0.0162  	-0.0408  	-0.0287  	0.02092  	-0.0389  	-0.0452  	0.00601  	-0.0022  	-0.0405  	0.01966  	-0.0014  	-0.0053  	0.06719  	-0.0231  	0.14880  	-0.0095  	0.03107  	0.00427  	-0.0398  	0.10221  	
-0.2372  	0.06024  	-0.1344  	-1.7055  	-0.9530  	-1.2172  	0.31513  	0.37385  	0.14633  	0.32230  	0.62236  	-0.0346  	0.21823  	0.02045  	-0.2825  	0.65170  	-0.1314  	-0.1437  	0.14336  	-0.0177  	0.31971  	0.32161  	-0.2497  	0.46189  	0.70186  	-0.4124  	0.34341  	-0.8670  	-0.2814  	0.36382  	0.23946  	0.14570  	-0.1659  	-0.0162  	0.45623  	-0.0801  	0.55356  	0.19498  	-0.6939  	0.23567  	0.29942  	0.03053  	-0.0875  	0.39193  	0.00547  	-0.0653  	0.01400  	0.00721  	0.04028  	-0.0811  	-0.0087  	-0.0450  	-0.0213  	0.02672  	-0.0430  	-0.0428  	0.01202  	-0.0013  	-0.0378  	0.02439  	-0.0021  	-0.0060  	0.08188  	-0.0192  	0.14880  	-0.0095  	0.03107  	0.00427  	-0.0398  	0.10221  	
-0.2730  	0.04959  	-0.1398  	-1.6666  	-0.9702  	-1.2004  	0.32083  	0.37694  	0.18105  	0.31627  	0.56805  	-0.0179  	0.24797  	0.06475  	-0.2988  	0.65784  	-0.1068  	-0.1280  	0.13315  	-0.0085  	0.30874  	0.30532  	-0.2831  	0.39612  	0.67897  	-0.3984  	0.34033  	-0.8126  	-0.1901  	0.35978  	0.25366  	0.13846  	-0.1552  	-0.0172  	0.39246  	-0.0651  	0.50760  	0.17177  	-0.6643  	0.22582  	0.32277  	0.02285  	-0.0911  	0.39735  	0.01710  	-0.0736  	0.02005  	0.01794  	0.04628  	-0.0735  	-0.0174  	-0.0480  	-0.0224  	0.02755  	-0.0377  	-0.0434  	0.00305  	-0.0030  	-0.0345  	0.02250  	0.00736  	-0.0078  	0.07440  	-0.0194  	0.14880  	-0.0095  	0.03107  	0.00427  	-0.0398  	0.10221  	
-0.3042  	0.02512  	-0.3508  	-1.4688  	-0.7335  	-1.2781  	0.35914  	0.26218  	0.11414  	0.39011  	0.26916  	-0.1939  	0.40076  	0.22132  	-0.0969  	0.45610  	-0.1365  	-0.1262  	0.12395  	-0.0319  	0.08907  	0.35401  	-0.4015  	0.38854  	0.93707  	-0.4424  	0.39819  	-0.7293  	0.02151  	0.49377  	0.23104  	0.07760  	-0.2032  	0.01478  	0.42850  	0.01923  	0.35374  	0.10670  	-0.5947  	0.32796  	0.24813  	0.03982  	-0.1184  	0.39907  	0.01347  	-0.0795  	0.01326  	0.02649  	0.04614  	-0.0921  	0.00688  	-0.0476  	-0.0200  	0.01891  	-0.0386  	-0.0348  	0.00375  	-0.0010  	-0.0392  	0.03225  	0.00688  	0.00253  	0.07655  	-0.0147  	0.14880  	-0.0095  	0.03107  	0.00427  	-0.0398  	0.10221  	
-0.5507  	-0.1021  	-0.5418  	-1.5506  	-0.7413  	-1.5717  	0.36398  	0.21630  	0.12032  	0.40656  	0.42269  	-0.1256  	0.34113  	0.21326  	-0.1851  	0.47109  	-0.1536  	-0.0845  	0.11695  	0.06310  	0.06692  	0.29639  	-0.4964  	0.45069  	0.87408  	-0.4104  	0.29840  	-0.6581  	-0.0159  	0.44120  	0.21099  	0.06692  	-0.1760  	0.00056  	0.44674  	-0.0102  	0.36904  	0.08108  	-0.6234  	0.31818  	0.23727  	0.05627  	-0.1521  	0.36821  	0.01141  	-0.0683  	0.02768  	-0.0088  	0.03032  	-0.0751  	-0.0016  	-0.0616  	-0.0323  	0.02544  	-0.0433  	-0.0412  	0.01089  	-0.0193  	-0.0232  	0.02069  	-0.0037  	0.00122  	0.05517  	-0.0173  	0.14880  	-0.0095  	0.03107  	0.00427  	-0.0398  	0.10221  	
-1.1112  	-0.1860  	-0.7181  	-2.1443  	-0.9718  	-1.8745  	0.26253  	0.08995  	0.05083  	0.53562  	0.77920  	-0.1391  	0.19662  	-0.1822  	-0.6800  	0.34243  	-0.1566  	-0.0746  	0.12024  	0.09559  	0.04045  	0.23597  	-0.2971  	0.43175  	0.60989  	-0.3161  	0.15553  	-0.6127  	-0.0024  	0.35479  	0.25611  	0.05991  	-0.1658  	0.02088  	0.33101  	0.02004  	0.29176  	0.05644  	-0.5880  	0.34620  	0.28469  	0.09472  	-0.2056  	0.38500  	0.02053  	-0.0836  	0.03675  	-0.0196  	0.02577  	-0.0900  	-0.0133  	-0.0459  	-0.0300  	0.02803  	-0.0439  	-0.0588  	0.01691  	0.00791  	-0.0228  	0.02239  	0.01257  	-0.0037  	0.05183  	-0.0229  	0.14880  	-0.0095  	0.03107  	0.00427  	-0.0398  	0.10221  	
-1.0486  	-0.2158  	-0.6326  	-1.9495  	-0.9347  	-1.8661  	0.24478  	0.22844  	0.03713  	0.45459  	0.80322  	-0.0835  	0.23694  	-0.2300  	-0.5259  	0.26616  	-0.0908  	-0.2244  	0.18985  	-0.1518  	0.13582  	-0.0108  	-0.5840  	0.41859  	0.55300  	-0.2416  	0.12009  	-0.6520  	0.07489  	0.32682  	0.36730  	0.00622  	-0.2890  	-0.1616  	0.26575  	-0.0679  	0.20418  	0.07714  	-0.7163  	0.23437  	0.37161  	0.19357  	-0.3119  	0.43485  	-0.0309  	-0.0557  	0.00459  	-0.0041  	0.00522  	-0.0984  	-0.0048  	-0.0427  	-0.0334  	0.03032  	-0.0443  	-0.0593  	0.01287  	-0.0120  	-0.0302  	0.03151  	0.00859  	-0.0031  	0.04130  	-0.0215  	0.14880  	-0.0095  	0.03107  	0.00427  	-0.0398  	0.10221  	
-0.6562  	-0.0501  	-0.5052  	-1.4120  	-0.7054  	-1.6049  	0.27664  	0.37869  	0.08477  	0.31072  	0.45027  	0.12593  	0.36846  	0.03759  	-0.0614  	0.34320  	-0.0276  	-0.3059  	0.19829  	-0.2944  	0.11614  	-0.1930  	-0.9618  	0.40497  	0.56141  	-0.1742  	0.10065  	-0.5570  	0.26369  	0.36491  	0.42116  	-0.0477  	-0.3398  	-0.2865  	0.23062  	-0.0594  	0.00491  	0.04593  	-0.7649  	0.27567  	0.40301  	0.29058  	-0.3803  	0.53487  	-0.0803  	-0.0277  	-0.0154  	0.03859  	-0.0223  	-0.1091  	0.01635  	-0.0478  	-0.0439  	0.05151  	-0.0335  	-0.0515  	0.01320  	-0.0171  	-0.0407  	0.03728  	-0.0023  	-0.0143  	0.01403  	-0.0149  	0.14880  	-0.0095  	0.03107  	0.00427  	-0.0398  	0.10221  	
-0.4259  	0.08825  	-0.4068  	-1.1958  	-0.6990  	-1.3201  	0.22682  	0.37896  	0.07490  	0.17223  	0.05823  	-0.0213  	0.47226  	-0.0264  	0.33965  	0.29927  	0.07124  	-0.4593  	0.26477  	-0.4699  	0.17843  	-0.1008  	-0.8928  	0.34945  	0.64571  	-0.2062  	0.29592  	-0.8676  	0.25238  	0.38360  	0.41933  	-0.0036  	-0.3736  	-0.3137  	0.28160  	-0.0786  	0.09451  	0.12174  	-0.8328  	0.20650  	0.42021  	0.27643  	-0.3468  	0.56226  	-0.0960  	-0.0408  	-0.0324  	0.07191  	0.01887  	-0.1203  	0.01752  	-0.0367  	-0.0302  	0.04804  	-0.0293  	-0.0431  	0.00789  	-0.0244  	-0.0306  	0.03916  	0.01511  	0.00064  	0.04675  	-0.0048  	0.14880  	-0.0095  	0.03107  	0.00427  	-0.0398  	0.10221  	
-0.3413  	0.11239  	-0.3391  	-1.2873  	-0.6556  	-1.2610  	0.17582  	0.41490  	0.09558  	0.22569  	0.13783  	-0.0721  	0.44323  	-0.1214  	0.08163  	0.47292  	0.02879  	-0.4598  	0.28594  	-0.4861  	0.17170  	-0.0424  	-0.8790  	0.45460  	0.67443  	-0.2758  	0.33428  	-0.8679  	0.17838  	0.36830  	0.40193  	0.04011  	-0.3859  	-0.3002  	0.28322  	-0.0326  	0.15420  	0.11990  	-0.7901  	0.19941  	0.44940  	0.25522  	-0.3180  	0.53386  	-0.1194  	-0.0342  	-0.0363  	0.06772  	0.00498  	-0.1295  	0.00289  	-0.0387  	-0.0199  	0.04108  	-0.0280  	-0.0395  	0.01668  	-0.0234  	-0.0269  	0.03449  	0.02287  	0.00825  	0.04393  	-0.0133  	0.14880  	-0.0095  	0.03107  	0.00427  	-0.0398  	0.10221  	
-0.4125  	-0.0559  	-0.2648  	-1.6210  	-0.8227  	-1.3752  	0.21687  	0.19474  	0.04811  	0.34114  	0.50255  	-0.0916  	0.23825  	-0.3026  	-0.3785  	0.60344  	-0.0826  	-0.2403  	0.22341  	-0.2005  	0.09692  	0.11102  	-0.6951  	0.43938  	0.71048  	-0.3099  	0.28631  	-0.7564  	0.10187  	0.39564  	0.31209  	0.06694  	-0.3442  	-0.1808  	0.34426  	0.07147  	0.27103  	0.12004  	-0.7603  	0.25000  	0.38867  	0.17791  	-0.2439  	0.48051  	-0.0557  	-0.0558  	-0.0100  	0.02630  	0.01325  	-0.1108  	0.02233  	-0.0412  	-0.0155  	0.02915  	-0.0377  	-0.0520  	0.02528  	-0.0103  	-0.0254  	0.03301  	0.00322  	-0.0258  	0.05855  	-0.0136  	0.14880  	-0.0095  	0.03107  	0.00427  	-0.0398  	0.10221  	
-0.5733  	-0.1525  	-0.3501  	-1.8021  	-0.9159  	-1.4307  	0.28934  	0.08303  	0.04097  	0.37655  	0.52483  	-0.1749  	0.12451  	-0.3488  	-0.5225  	0.66108  	-0.1655  	-0.0622  	0.15509  	0.05556  	0.02511  	0.30223  	-0.3896  	0.47401  	0.86139  	-0.4446  	0.39056  	-0.6362  	-0.0210  	0.39245  	0.19404  	0.15171  	-0.2534  	-0.0269  	0.38754  	0.15652  	0.40315  	0.12213  	-0.6516  	0.32675  	0.29435  	0.05235  	-0.1200  	0.40534  	0.01448  	-0.0710  	0.01453  	-0.0115  	0.03155  	-0.0927  	0.01281  	-0.0469  	-0.0196  	0.01817  	-0.0327  	-0.0500  	0.02923  	0.00301  	-0.0227  	0.02456  	-0.0027  	-0.0249  	0.07346  	-0.0112  	0.14880  	-0.0095  	0.03107  	0.00427  	-0.0398  	0.10221  	
-0.6437  	-0.1320  	-0.4897  	-1.8548  	-0.9946  	-1.4460  	0.25854  	0.07864  	0.02987  	0.31231  	0.53780  	-0.1782  	0.11845  	-0.3087  	-0.4250  	0.48461  	-0.1159  	-0.0969  	0.13242  	-0.0334  	0.06861  	0.31545  	-0.2961  	0.40102  	0.73388  	-0.3893  	0.30152  	-0.7132  	-0.0359  	0.38762  	0.22765  	0.15106  	-0.2431  	-0.0077  	0.36230  	0.08991  	0.43033  	0.14626  	-0.6861  	0.29477  	0.34316  	0.03503  	-0.1259  	0.38822  	0.01267  	-0.0750  	0.02748  	-0.0230  	0.01159  	-0.0895  	0.00018  	-0.0446  	-0.0257  	0.01690  	-0.0344  	-0.0597  	0.02143  	0.01151  	-0.0274  	0.02099  	-0.0012  	-0.0173  	0.07365  	-0.0086  	0.14880  	-0.0095  	0.03107  	0.00427  	-0.0398  	0.10221  	
-0.6478  	-0.0927  	-0.3920  	-1.8455  	-0.9637  	-1.4886  	0.30473  	0.10218  	0.07084  	0.44667  	0.62982  	-0.1296  	0.11477  	-0.2696  	-0.5766  	0.59825  	-0.1588  	-0.0402  	0.12126  	0.10921  	-0.0026  	0.28080  	-0.3872  	0.36590  	0.70194  	-0.3820  	0.18249  	-0.5692  	-0.0225  	0.37082  	0.20769  	0.12825  	-0.2129  	-0.0082  	0.34319  	0.11279  	0.38558  	0.11128  	-0.6535  	0.31004  	0.33948  	0.04071  	-0.1261  	0.37876  	0.02243  	-0.0789  	0.02603  	-0.0082  	0.03455  	-0.0934  	0.00602  	-0.0511  	-0.0288  	0.01208  	-0.0324  	-0.0586  	0.02147  	0.00964  	-0.0339  	0.01996  	-0.0058  	-0.0152  	0.07524  	-0.0072  	0.14880  	-0.0095  	0.03107  	0.00427  	-0.0398  	0.10221  	
-0.5975  	-0.0587  	-0.3491  	-1.9363  	-1.0194  	-1.5452  	0.31039  	0.10393  	0.06767  	0.49388  	0.58793  	-0.1427  	0.14127  	-0.2379  	-0.5950  	0.56681  	-0.1819  	-0.0121  	0.11593  	0.12413  	-0.0979  	0.27420  	-0.4112  	0.31400  	0.71585  	-0.3807  	0.11663  	-0.5096  	0.06635  	0.37311  	0.23960  	0.10474  	-0.2051  	-0.0011  	0.28595  	0.12515  	0.31429  	0.10249  	-0.6120  	0.33102  	0.37605  	0.02823  	-0.1078  	0.38651  	0.00503  	-0.0736  	0.02490  	0.00019  	0.03670  	-0.0940  	0.00683  	-0.0513  	-0.0278  	0.01089  	-0.0362  	-0.0625  	0.02005  	0.00306  	-0.0380  	0.01329  	-0.0051  	-0.0100  	0.07863  	-0.0100  	0.14880  	-0.0095  	0.03107  	0.00427  	-0.0398  	0.10221  	
-0.7019  	-0.1238  	-0.4893  	-1.8126  	-0.9435  	-1.5444  	0.27722  	0.07920  	0.03616  	0.41154  	0.55460  	-0.1579  	0.10895  	-0.3077  	-0.5772  	0.57866  	-0.1511  	-0.0785  	0.13084  	0.09343  	-0.0187  	0.25746  	-0.4350  	0.38622  	0.79756  	-0.3967  	0.24913  	-0.5525  	0.03954  	0.40356  	0.21200  	0.11836  	-0.2427  	-0.0125  	0.34203  	0.15815  	0.35420  	0.10657  	-0.6397  	0.31851  	0.32214  	0.02896  	-0.1382  	0.38564  	0.02031  	-0.0685  	0.02115  	-0.0064  	0.02187  	-0.0830  	0.01314  	-0.0429  	-0.0276  	0.00581  	-0.0371  	-0.0621  	0.02216  	0.01276  	-0.0334  	0.02038  	-0.0079  	-0.0251  	0.08517  	-0.0081  	0.14880  	-0.0095  	0.03107  	0.00427  	-0.0398  	0.10221  	
-0.4871  	-0.0606  	-0.4326  	-1.6711  	-0.8684  	-1.4248  	0.24989  	0.18226  	0.10402  	0.25676  	0.45902  	-0.1357  	0.19990  	-0.1170  	-0.0834  	0.44230  	-0.0810  	-0.1941  	0.08767  	-0.0869  	0.21893  	0.33569  	-0.2827  	0.54935  	0.69654  	-0.3977  	0.40434  	-0.8532  	-0.1952  	0.36801  	0.23159  	0.17681  	-0.1922  	-0.0320  	0.46661  	-0.0751  	0.49564  	0.14445  	-0.7445  	0.32796  	0.29458  	0.04711  	-0.1520  	0.36291  	0.00161  	-0.0660  	0.03234  	-0.0271  	0.02642  	-0.0945  	-0.0098  	-0.0445  	-0.0383  	0.01695  	-0.0452  	-0.0567  	0.01111  	-0.0045  	-0.0239  	0.02618  	-0.0009  	-0.0109  	0.06917  	-0.0147  	0.14880  	-0.0095  	0.03107  	0.00427  	-0.0398  	0.10221  	
-0.3047  	0.03259  	-0.2700  	-1.5551  	-0.8711  	-1.3234  	0.32658  	0.28794  	0.10973  	0.32091  	0.34185  	-0.1619  	0.29191  	0.10654  	-0.1075  	0.47486  	-0.1228  	-0.1256  	0.12199  	-0.0786  	0.18141  	0.34100  	-0.2915  	0.44863  	0.74729  	-0.4187  	0.42194  	-0.8360  	-0.1365  	0.38681  	0.21068  	0.14928  	-0.1977  	-0.0241  	0.46819  	-0.0213  	0.46003  	0.14137  	-0.6841  	0.29551  	0.26777  	0.04518  	-0.1186  	0.39386  	0.00191  	-0.0742  	0.01715  	0.00817  	0.03542  	-0.0744  	-0.0054  	-0.0434  	-0.0269  	0.02253  	-0.0406  	-0.0407  	0.01177  	-0.0017  	-0.0334  	0.02549  	0.00545  	0.00080  	0.07224  	-0.0186  	0.14880  	-0.0095  	0.03107  	0.00427  	-0.0398  	0.10221  	
-0.4241  	-0.0304  	-0.3150  	-1.6290  	-0.8492  	-1.3722  	0.29246  	0.17734  	0.07513  	0.35320  	0.51329  	-0.1013  	0.18865  	-0.1819  	-0.3536  	0.59000  	-0.1484  	-0.0971  	0.15154  	0.02371  	0.14320  	0.30615  	-0.4061  	0.45499  	0.75873  	-0.4176  	0.34012  	-0.7213  	-0.1012  	0.39179  	0.19573  	0.14221  	-0.2085  	-0.0083  	0.43203  	0.04797  	0.44854  	0.15340  	-0.6878  	0.30116  	0.30525  	0.04341  	-0.1367  	0.39799  	0.01537  	-0.0703  	0.01503  	0.00270  	0.03481  	-0.0915  	0.00597  	-0.0416  	-0.0249  	0.01906  	-0.0385  	-0.0459  	0.01538  	0.00258  	-0.0285  	0.02898  	-0.0007  	-0.0148  	0.07007  	-0.0182  	0.14880  	-0.0095  	0.03107  	0.00427  	-0.0398  	0.10221  	
-0.5919  	-0.1124  	-0.4448  	-1.7922  	-0.9331  	-1.4377  	0.27284  	0.08768  	0.02042  	0.32629  	0.55311  	-0.1969  	0.11069  	-0.3125  	-0.4745  	0.53886  	-0.1218  	-0.0793  	0.11986  	0.01159  	0.08819  	0.29294  	-0.3603  	0.44250  	0.75515  	-0.4012  	0.36533  	-0.6966  	-0.0539  	0.40187  	0.20707  	0.14539  	-0.2343  	-0.0168  	0.38871  	0.09707  	0.42141  	0.14096  	-0.6798  	0.30318  	0.29990  	0.04487  	-0.1347  	0.39657  	0.01889  	-0.0699  	0.02297  	-0.0158  	0.01857  	-0.0917  	0.00811  	-0.0438  	-0.0268  	0.01780  	-0.0380  	-0.0549  	0.02066  	0.00806  	-0.0329  	0.01687  	-0.0086  	-0.0207  	0.07973  	-0.0156  	0.14880  	-0.0095  	0.03107  	0.00427  	-0.0398  	0.10221  	
-0.5993  	-0.1088  	-0.4322  	-1.7259  	-0.8915  	-1.4635  	0.31099  	0.07494  	0.03213  	0.43642  	0.56127  	-0.1975  	0.12709  	-0.3593  	-0.5285  	0.62550  	-0.1428  	-0.0326  	0.11923  	0.07283  	-0.0127  	0.28189  	-0.4076  	0.37707  	0.80336  	-0.3960  	0.28201  	-0.5755  	-0.0034  	0.41243  	0.20139  	0.13014  	-0.2512  	-0.0033  	0.33726  	0.13907  	0.35616  	0.12701  	-0.6294  	0.30487  	0.32377  	0.04166  	-0.1291  	0.38954  	0.02570  	-0.0732  	0.02247  	-0.0112  	0.02598  	-0.0913  	0.00843  	-0.0441  	-0.0224  	0.01616  	-0.0334  	-0.0575  	0.02145  	0.00725  	-0.0359  	0.01853  	-0.0088  	-0.0290  	0.07722  	-0.0120  	0.14880  	-0.0095  	0.03107  	0.00427  	-0.0398  	0.10221  	
-0.5354  	-0.1092  	-0.3937  	-1.7471  	-0.8571  	-1.4691  	0.30390  	0.08736  	0.04278  	0.48056  	0.60218  	-0.1540  	0.13641  	-0.3773  	-0.5526  	0.68257  	-0.1826  	-0.0154  	0.12394  	0.09017  	-0.0573  	0.29077  	-0.4431  	0.35683  	0.81611  	-0.4033  	0.24222  	-0.5397  	0.02734  	0.41299  	0.20007  	0.13156  	-0.2446  	0.00338  	0.35696  	0.16371  	0.33909  	0.13877  	-0.6344  	0.32194  	0.32024  	0.03902  	-0.1215  	0.39475  	0.01149  	-0.0715  	0.01777  	-0.0026  	0.02581  	-0.0930  	0.01018  	-0.0444  	-0.0235  	0.01504  	-0.0355  	-0.0566  	0.02384  	0.00222  	-0.0347  	0.02146  	-0.0043  	-0.0255  	0.07988  	-0.0116  	0.14880  	-0.0095  	0.03107  	0.00427  	-0.0398  	0.10221  	
-0.5335  	-0.1035  	-0.4086  	-1.7839  	-0.8797  	-1.4221  	0.32229  	0.07637  	0.04289  	0.47161  	0.59472  	-0.1470  	0.14253  	-0.3361  	-0.5639  	0.64615  	-0.1876  	-0.0154  	0.10136  	0.08042  	-0.0543  	0.28151  	-0.4639  	0.33311  	0.79126  	-0.4113  	0.25164  	-0.5163  	0.05461  	0.41477  	0.20842  	0.12158  	-0.2392  	0.01149  	0.36425  	0.16637  	0.33750  	0.12691  	-0.6252  	0.31854  	0.31985  	0.04001  	-0.1240  	0.39700  	0.01565  	-0.0748  	0.01415  	-0.0046  	0.02884  	-0.0946  	0.01476  	-0.0481  	-0.0223  	0.01494  	-0.0363  	-0.0532  	0.02570  	0.00336  	-0.0304  	0.02080  	-0.0075  	-0.0172  	0.08511  	-0.0090  	0.14880  	-0.0095  	0.03107  	0.00427  	-0.0398  	0.10221  	
-0.5119  	-0.1076  	-0.3797  	-1.8240  	-0.8849  	-1.4342  	0.31109  	0.04787  	0.02902  	0.46851  	0.62175  	-0.1491  	0.12529  	-0.3809  	-0.5924  	0.68510  	-0.1942  	-0.0451  	0.10848  	0.07849  	-0.0301  	0.25747  	-0.4456  	0.37376  	0.77249  	-0.4123  	0.26709  	-0.5643  	-0.0149  	0.39141  	0.20243  	0.13436  	-0.2295  	0.00293  	0.38386  	0.14388  	0.37524  	0.13626  	-0.6444  	0.33668  	0.33177  	0.05696  	-0.1271  	0.39318  	0.01799  	-0.0667  	0.00595  	-0.0048  	0.02498  	-0.0821  	0.00856  	-0.0466  	-0.0239  	0.01464  	-0.0427  	-0.0520  	0.02543  	0.00393  	-0.0329  	0.02138  	-0.0088  	-0.0226  	0.07915  	-0.0098  	0.14880  	-0.0095  	0.03107  	0.00427  	-0.0398  	0.10221  	
-0.4535  	-0.0716  	-0.3743  	-1.7009  	-0.8786  	-1.3282  	0.28534  	0.09760  	0.05726  	0.37784  	0.55558  	-0.1540  	0.13830  	-0.2614  	-0.3419  	0.64861  	-0.1202  	-0.0590  	0.11606  	0.08000  	0.12597  	0.31805  	-0.4341  	0.50746  	0.71890  	-0.4033  	0.33480  	-0.7452  	-0.1772  	0.33854  	0.20559  	0.16556  	-0.2213  	-0.0129  	0.49901  	0.08862  	0.43111  	0.12952  	-0.7148  	0.36620  	0.29175  	0.07355  	-0.1560  	0.38042  	0.02038  	-0.0651  	0.01162  	-0.0224  	0.02377  	-0.0911  	0.01015  	-0.0492  	-0.0316  	0.01472  	-0.0434  	-0.0582  	0.02381  	0.00643  	-0.0352  	0.01752  	-0.0054  	-0.0184  	0.07113  	-0.0167  	0.14880  	-0.0095  	0.03107  	0.00427  	-0.0398  	0.10221  	
-0.1577  	0.02951  	-0.2060  	-1.5303  	-0.7821  	-1.3233  	0.36456  	0.22144  	0.07903  	0.38562  	0.31714  	-0.1780  	0.31231  	0.05353  	0.02175  	0.41973  	-0.1422  	-0.1604  	0.09249  	-0.0230  	0.15529  	0.34807  	-0.3651  	0.50696  	0.74112  	-0.4081  	0.41040  	-0.8045  	-0.1061  	0.40915  	0.21504  	0.15949  	-0.2224  	-0.0177  	0.50222  	0.02936  	0.45949  	0.11185  	-0.6914  	0.36070  	0.28075  	0.06512  	-0.1538  	0.39843  	0.00589  	-0.0711  	0.01284  	0.01464  	0.04116  	-0.0851  	0.00538  	-0.0457  	-0.0196  	0.01277  	-0.0410  	-0.0458  	0.01894  	-0.0108  	-0.0407  	0.03214  	0.00608  	-0.0125  	0.06354  	-0.0169  	0.14880  	-0.0095  	0.03107  	0.00427  	-0.0398  	0.10221  	
-0.1561  	0.02183  	-0.1704  	-1.4236  	-0.8054  	-1.2054  	0.41122  	0.26185  	0.11862  	0.35437  	0.25721  	-0.2228  	0.36562  	0.20226  	0.03430  	0.38333  	-0.1257  	-0.1680  	0.08994  	-0.0612  	0.12983  	0.42289  	-0.3582  	0.43190  	0.81661  	-0.4219  	0.44895  	-0.8722  	-0.0629  	0.44641  	0.20889  	0.11831  	-0.2042  	0.00234  	0.42827  	-0.0123  	0.43153  	0.13076  	-0.6332  	0.33341  	0.25924  	0.07814  	-0.1243  	0.39626  	0.01718  	-0.0765  	0.00196  	0.04411  	0.05209  	-0.0989  	0.00577  	-0.0464  	-0.0258  	0.01438  	-0.0354  	-0.0393  	0.01443  	0.00270  	-0.0351  	0.01998  	0.00267  	-0.0104  	0.07330  	-0.0110  	0.14880  	-0.0095  	0.03107  	0.00427  	-0.0398  	0.10221  	
-0.1339  	0.10932  	-0.2107  	-1.3350  	-0.7383  	-1.1041  	0.36564  	0.35851  	0.14768  	0.27222  	0.17732  	-0.2530  	0.39481  	0.21399  	0.00104  	0.50608  	-0.1109  	-0.1632  	0.11713  	-0.1220  	0.10159  	0.44673  	-0.3939  	0.42249  	0.90279  	-0.4394  	0.46492  	-0.8177  	0.00565  	0.51582  	0.19835  	0.10449  	-0.2264  	-0.0039  	0.39844  	-0.0111  	0.38616  	0.11305  	-0.5830  	0.32282  	0.24970  	0.06066  	-0.1121  	0.40198  	0.00201  	-0.0652  	-0.0129  	0.04569  	0.05848  	-0.0960  	-0.0037  	-0.0468  	-0.0281  	0.01388  	-0.0334  	-0.0355  	0.00828  	-0.0002  	-0.0359  	0.02300  	-0.0038  	-0.0024  	0.07116  	-0.0167  	0.14880  	-0.0095  	0.03107  	0.00427  	-0.0398  	0.10221  	
-0.3778  	0.02402  	-0.4373  	-1.2903  	-0.6419  	-1.4303  	0.35491  	0.31766  	0.09939  	0.34668  	0.28417  	-0.2379  	0.39876  	0.43840  	0.15205  	0.38059  	-0.1573  	-0.1335  	0.06171  	0.02866  	0.08034  	0.43581  	-0.5479  	0.52504  	0.93312  	-0.4308  	0.41751  	-0.7555  	-0.0086  	0.49464  	0.21026  	0.09470  	-0.1998  	0.00933  	0.49305  	-0.0503  	0.34734  	0.08012  	-0.6399  	0.37490  	0.18356  	0.07701  	-0.1871  	0.34205  	0.01042  	-0.0700  	0.02411  	0.00417  	0.03140  	-0.0893  	0.00427  	-0.0400  	-0.0339  	0.01459  	-0.0477  	-0.0510  	0.00572  	-0.0027  	-0.0288  	0.02626  	-0.0053  	6.63347  	0.05585  	-0.0230  	0.14880  	-0.0095  	0.03107  	0.00427  	-0.0398  	0.10221  	
-0.7213  	-0.1377  	-0.6870  	-1.3447  	-0.5923  	-1.6387  	0.35912  	0.19462  	0.05592  	0.41596  	0.44957  	0.01714  	0.30715  	0.15504  	-0.0525  	0.42912  	-0.1858  	-0.0890  	0.04382  	0.13686  	0.03553  	0.29204  	-0.5103  	0.47589  	0.72717  	-0.3861  	0.25557  	-0.5467  	0.00912  	0.40656  	0.21657  	0.08949  	-0.1671  	0.00143  	0.46652  	-0.0292  	0.25493  	0.05441  	-0.6319  	0.38677  	0.20838  	0.07622  	-0.2290  	0.35901  	0.02063  	-0.0718  	0.02139  	-0.0157  	0.00655  	-0.0814  	0.00597  	-0.0282  	-0.0291  	0.01275  	-0.0370  	-0.0576  	0.01690  	-0.0054  	-0.0270  	0.02794  	0.00543  	-0.0029  	0.05311  	-0.0272  	0.14880  	-0.0095  	0.03107  	0.00427  	-0.0398  	0.10221  	
-0.8350  	-0.1566  	-0.6645  	-1.4199  	-0.6439  	-1.6470  	0.30932  	0.17651  	0.09014  	0.41961  	0.49099  	0.10934  	0.30141  	0.02884  	-0.2176  	0.50303  	-0.2134  	-0.0057  	0.07139  	0.21758  	-0.0427  	0.27980  	-0.4973  	0.41031  	0.65879  	-0.3545  	0.04745  	-0.4133  	0.08181  	0.39355  	0.21543  	0.07163  	-0.1572  	0.00581  	0.36571  	-0.0008  	0.20920  	0.06201  	-0.5956  	0.32531  	0.28340  	0.03204  	-0.1715  	0.36680  	0.01670  	-0.0732  	0.02974  	0.00320  	0.01883  	-0.1051  	-0.0056  	-0.0519  	-0.0303  	0.01660  	-0.0531  	-0.0630  	0.01847  	-0.0006  	-0.0393  	0.02104  	-0.0087  	-0.0139  	0.05911  	-0.0180  	0.14880  	-0.0095  	0.03107  	0.00427  	-0.0398  	0.10221  	
-0.5231  	-0.0509  	-0.4908  	-1.4134  	-0.7013  	-1.3786  	0.31136  	0.22358  	0.08748  	0.30112  	0.30590  	-0.0279  	0.29130  	0.03374  	-0.1354  	0.60185  	-0.1272  	-0.0556  	0.12774  	0.03571  	0.01988  	0.34683  	-0.4506  	0.39803  	0.78244  	-0.3842  	0.24860  	-0.5901  	0.04966  	0.47491  	0.19746  	0.07262  	-0.2128  	-0.0009  	0.34819  	-0.0255  	0.30320  	0.10344  	-0.6165  	0.34603  	0.27268  	0.04541  	-0.1415  	0.37271  	0.01425  	-0.0656  	0.00437  	-0.0037  	0.01972  	-0.0958  	-0.0122  	-0.0506  	-0.0358  	0.01824  	-0.0461  	-0.0527  	0.02137  	-0.0004  	-0.0372  	0.01704  	-0.0020  	-0.0158  	0.06086  	-0.0178  	0.14880  	-0.0095  	0.03107  	0.00427  	-0.0398  	0.10221  	
-0.6416  	-0.0856  	-0.4348  	-1.7722  	-0.8898  	-1.4376  	0.29320  	0.11994  	0.06227  	0.35840  	0.49497  	-0.1060  	0.16006  	-0.3106  	-0.4221  	0.53100  	-0.1510  	-0.0590  	0.14812  	0.06583  	0.05427  	0.29839  	-0.3568  	0.41981  	0.74110  	-0.3867  	0.25197  	-0.6411  	-0.0279  	0.41045  	0.22379  	0.11395  	-0.2084  	0.01003  	0.32609  	0.02627  	0.36507  	0.13395  	-0.6450  	0.32135  	0.32652  	0.03987  	-0.1353  	0.38907  	0.01142  	-0.0698  	0.01236  	-0.0164  	0.01913  	-0.0901  	0.00057  	-0.0432  	-0.0251  	0.01407  	-0.0454  	-0.0544  	0.02233  	0.00681  	-0.0229  	0.01718  	-0.0055  	-0.0156  	0.07445  	-0.0213  	0.14880  	-0.0095  	0.03107  	0.00427  	-0.0398  	0.10221  	
-0.6909  	-0.1066  	-0.4773  	-1.9347  	-1.0102  	-1.4488  	0.19994  	0.01848  	0.00954  	0.34343  	0.59133  	-0.1811  	0.06707  	-0.4285  	-0.5765  	0.51485  	-0.1048  	-0.0743  	0.15309  	0.01050  	0.11539  	0.28584  	-0.2810  	0.43368  	0.74355  	-0.3877  	0.33809  	-0.7225  	-0.0729  	0.38701  	0.19885  	0.13288  	-0.2419  	-0.0197  	0.33870  	0.09967  	0.41951  	0.12528  	-0.6649  	0.30878  	0.33378  	0.04645  	-0.1292  	0.40078  	0.02390  	-0.0540  	0.02089  	-0.0273  	0.00650  	-0.0813  	-0.0042  	-0.0414  	-0.0226  	0.01987  	-0.0437  	-0.0556  	0.01760  	0.01587  	-0.0266  	0.01061  	-0.0096  	-0.0167  	0.07209  	-0.0212  	0.14880  	-0.0095  	0.03107  	0.00427  	-0.0398  	0.10221  	
-0.6552  	-0.0992  	-0.4397  	-1.8681  	-0.9828  	-1.4740  	0.24926  	0.08941  	0.05036  	0.41259  	0.61011  	-0.1732  	0.09227  	-0.4185  	-0.5879  	0.57269  	-0.1252  	-0.0596  	0.13922  	0.05708  	0.04197  	0.27368  	-0.3061  	0.37641  	0.72279  	-0.3852  	0.23385  	-0.6301  	-0.0312  	0.37529  	0.23429  	0.11455  	-0.2374  	-0.0130  	0.31073  	0.09751  	0.41647  	0.12848  	-0.6512  	0.29163  	0.3582  	0.01870  	-0.1202  	0.40843  	0.02130  	-0.0675  	0.02602  	-0.0100  	0.01966  	-0.0965  	-0.0016  	-0.0449  	-0.0253  	0.01207  	-0.0360  	-0.0585  	0.01441  	0.00746  	-0.0316  	0.01963  	-0.0003  	-0.0269  	0.07783  	-0.0068  	0.14880  	-0.0095  	0.03107  	0.00427  	-0.0398  	0.10221  	
-0.6308  	-0.0830  	-0.3450  	-1.8825  	-1.0021  	-1.5071  	0.26105  	0.13526  	0.08151  	0.47689  	0.67771  	-0.1177  	0.11151  	-0.3642  	-0.6518  	0.65061  	-0.1625  	-0.0262  	0.14462  	0.11270  	-0.0039  	0.24814  	-0.3966  	0.36086  	0.71781  	-0.3932  	0.19185  	-0.5955  	-0.0291  	0.35921  	0.21486  	0.13926  	-0.2144  	-0.0044  	0.34925  	0.11282  	0.39606  	0.14662  	-0.6537  	0.29528  	0.35478  	0.02331  	-0.1111  	0.37882  	0.00950  	-0.0764  	0.02304  	-0.0050  	0.03480  	-0.0937  	0.00523  	-0.0511  	-0.0259  	0.01715  	-0.0337  	-0.0528  	0.01841  	0.00388  	-0.0362  	0.01873  	-0.0024  	-0.0154  	0.07864  	-0.0102  	0.14880  	-0.0095  	0.03107  	0.00427  	-0.0398  	0.10221  	
-0.6297  	-0.0827  	-0.3187  	-1.9438  	-1.0498  	-1.5079  	0.28811  	0.11534  	0.08421  	0.45555  	0.63327  	-0.1594  	0.13778  	-0.3314  	-0.7277  	0.62845  	-0.1611  	-0.0141  	0.14363  	0.11691  	-0.0398  	0.24623  	-0.4159  	0.31308  	0.70248  	-0.3969  	0.17946  	-0.5480  	-0.0178  	0.36327  	0.22470  	0.12871  	-0.2074  	-0.0084  	0.32566  	0.13188  	0.37086  	0.11745  	-0.6230  	0.30153  	0.35900  	0.03409  	-0.1011  	0.37055  	0.01756  	-0.0715  	0.02332  	0.00463  	0.04163  	-0.0897  	0.00605  	-0.0487  	-0.0291  	0.01348  	-0.0305  	-0.0535  	0.01662  	0.00803  	-0.0387  	0.02114  	-0.0009  	-0.0145  	0.08026  	-0.0105  	0.14880  	-0.0095  	0.03107  	0.00427  	-0.0398  	0.10221  	
-0.7244  	-0.1115  	-0.5015  	-1.8744  	-0.9770  	-1.6148  	0.31107  	0.09094  	0.04111  	0.51673  	0.59188  	-0.1223  	0.13597  	-0.2782  	-0.6594  	0.53634  	-0.1748  	-0.0071  	0.12371  	0.11943  	-0.0972  	0.28436  	-0.4211  	0.33405  	0.76987  	-0.3943  	0.17098  	-0.4901  	0.10833  	0.37872  	0.23036  	0.10467  	-0.2319  	-0.0130  	0.27525  	0.15432  	0.28700  	0.10725  	-0.6030  	0.34388  	0.35785  	0.02730  	-0.1190  	0.38934  	0.02120  	-0.0785  	0.01702  	-0.0037  	0.02520  	-0.0935  	0.00919  	-0.0441  	-0.0223  	0.01555  	-0.0317  	-0.0628  	0.02344  	0.00195  	-0.0310  	0.02407  	0.00208  	-0.0162  	0.08089  	-0.0072  	0.14880  	-0.0095  	0.03107  	0.00427  	-0.0398  	0.10221  	
-0.9153  	-0.1546  	-0.5810  	-1.9600  	-1.0068  	-1.6392  	0.26935  	0.07644  	0.02682  	0.43496  	0.56746  	-0.1553  	0.12352  	-0.2485  	-0.4615  	0.37939  	-0.1378  	-0.0234  	0.12102  	0.06749  	-0.0037  	0.26509  	-0.3630  	0.35510  	0.77580  	-0.3798  	0.20813  	-0.5600  	0.06540  	0.40886  	0.23821  	0.08998  	-0.2353  	-0.0007  	0.26238  	0.09793  	0.32230  	0.10067  	-0.6286  	0.29716  	0.33487  	0.02727  	-0.1359  	0.37931  	0.02847  	-0.0698  	0.01624  	-0.0126  	0.00512  	-0.0883  	-0.0052  	-0.0418  	-0.0210  	0.01703  	-0.0394  	-0.0675  	0.02271  	0.00557  	-0.0320  	0.01604  	-0.0006  	-0.0225  	0.07485  	-0.0064  	0.14880  	-0.0095  	0.03107  	0.00427  	-0.0398  	0.10221  	
-0.8334  	-0.1219  	-0.5137  	-1.9533  	-0.9728  	-1.5025  	0.27232  	0.07363  	0.04145  	0.37756  	0.52126  	-0.1550  	0.12571  	-0.2585  	-0.4843  	0.42476  	-0.1243  	-0.0246  	0.13483  	0.06104  	-0.0532  	0.28520  	-0.3003  	0.35093  	0.74005  	-0.3699  	0.19363  	-0.5093  	0.09214  	0.40524  	0.25232  	0.07534  	-0.2394  	0.00867  	0.23278  	0.08559  	0.29242  	0.09817  	-0.6066  	0.30414  	0.36918  	0.03348  	-0.1246  	0.38345  	0.01885  	-0.0733  	0.02363  	-0.0078  	0.01490  	-0.0881  	-0.0017  	-0.0391  	-0.0276  	0.01560  	-0.0422  	-0.0636  	0.02543  	0.00399  	-0.0249  	0.01701  	0.00491  	-0.0190  	0.07463  	-0.0124  	0.14880  	-0.0095  	0.03107  	0.00427  	-0.0398  	0.10221  	
-0.7360  	-0.1013  	-0.5143  	-1.6836  	-0.8011  	-1.5328  	0.27854  	0.09317  	0.05494  	0.39647  	0.42156  	-0.0630  	0.19127  	-0.2653  	-0.3999  	0.46848  	-0.1722  	0.00567  	0.10687  	0.18729  	-0.1155  	0.32061  	-0.4563  	0.31903  	0.75257  	-0.3796  	0.12591  	-0.4010  	0.13818  	0.43429  	0.23486  	0.09228  	-0.1946  	0.03155  	0.25266  	0.09380  	0.21685  	0.08202  	-0.5670  	0.34615  	0.32706  	0.03804  	-0.1261  	0.38423  	0.02263  	-0.0784  	0.02662  	-0.0011  	0.03581  	-0.0941  	0.00757  	-0.0460  	-0.0292  	0.01516  	-0.0420  	-0.0646  	0.02421  	0.00896  	-0.0243  	0.02036  	-0.0053  	-0.0283  	0.07885  	-0.0131  	0.14880  	-0.0095  	0.03107  	0.00427  	-0.0398  	0.10221  	
-0.7510  	-0.1242  	-0.7287  	-1.4073  	-0.5203  	-1.5904  	0.32154  	0.16840  	0.07267  	0.42745  	0.37463  	0.05778  	0.32798  	-0.0734  	-0.2917  	0.51588  	-0.1980  	0.01035  	0.04060  	0.24366  	-0.1574  	0.24424  	-0.5211  	0.31344  	0.73534  	-0.3476  	0.04915  	-0.2654  	0.21972  	0.42477  	0.22206  	0.05873  	-0.1589  	0.03028  	0.36178  	0.03676  	0.08028  	0.03784  	-0.5376  	0.36229  	0.25594  	0.06002  	-0.1355  	0.35874  	0.02914  	-0.0764  	0.02567  	-0.0098  	0.03040  	-0.0724  	0.00571  	-0.0485  	-0.0381  	0.01790  	-0.0399  	-0.0660  	0.02319  	0.00380  	-0.0196  	0.01722  	-0.0151  	-0.0153  	0.07779  	-0.0139  	0.14880  	-0.0095  	0.03107  	0.00427  	-0.0398  	0.10221  	
-0.6919  	-0.1191  	-0.7237  	-1.1772  	-0.4412  	-1.5169  	0.37995  	0.17378  	0.07356  	0.35351  	0.37181  	0.12120  	0.37631  	0.07456  	-0.1896  	0.45686  	-0.2501  	-0.0298  	0.00518  	0.25612  	-0.2107  	0.25982  	-0.6585  	0.31164  	0.82111  	-0.3702  	0.11773  	-0.2267  	0.20380  	0.49056  	0.18906  	0.04775  	-0.1677  	0.04549  	0.41303  	0.09401  	0.11910  	0.01143  	-0.5208  	0.35473  	0.22916  	0.07976  	-0.1656  	0.35723  	0.04187  	-0.0782  	0.01193  	0.00232  	0.03575  	-0.0804  	0.01441  	-0.0482  	-0.0251  	0.02038  	-0.0366  	-0.0545  	0.03029  	-0.0035  	-0.0129  	0.01700  	-0.0210  	-0.0123  	0.06331  	-0.0112  	0.14880  	-0.0095  	0.03107  	0.00427  	-0.0398  	0.10221  	
-0.5814  	-0.0376  	-0.5918  	-1.2015  	-0.5227  	-1.3712  	0.34739  	0.27409  	0.08108  	0.24698  	0.25790  	0.11827  	0.38668  	0.25547  	0.01803  	0.47423  	-0.2015  	-0.0607  	0.08581  	0.22125  	-0.1190  	0.35459  	-0.5754  	0.32763  	0.83570  	-0.4149  	0.17187  	-0.2686  	0.21307  	0.51300  	0.19038  	0.05314  	-0.1661  	0.03688  	0.40331  	0.01790  	0.18884  	0.03237  	-0.5477  	0.35649  	0.24738  	0.05358  	-0.1633  	0.37654  	0.00957  	-0.0735  	0.02294  	0.01530  	0.04171  	-0.0964  	0.00599  	-0.0500  	-0.0351  	0.01942  	-0.0441  	-0.0397  	0.02971  	-0.0071  	-0.0156  	0.01866  	0.00168  	-0.0094  	0.05170  	-0.0288  	0.14880  	-0.0095  	0.03107  	0.00427  	-0.0398  	0.10221  	
-0.5052  	0.03654  	-0.5256  	-1.2553  	-0.6255  	-1.3212  	0.32064  	0.24796  	0.11194  	0.22153  	0.07076  	-0.0395  	0.38733  	0.24964  	0.12044  	0.46132  	-0.1350  	-0.0486  	0.09836  	0.12865  	-0.1129  	0.39561  	-0.5165  	0.34159  	0.86121  	-0.3890  	0.21873  	-0.4251  	0.20390  	0.50978  	0.17975  	0.05092  	-0.1715  	0.03512  	0.35790  	-0.0136  	0.21210  	0.05779  	-0.5465  	0.36849  	0.25663  	0.05305  	-0.1438  	0.37380  	0.02249  	-0.0705  	0.01473  	0.00451  	0.04023  	-0.0929  	-0.0092  	-0.0444  	-0.0374  	0.01316  	-0.0443  	-0.0426  	0.01485  	-0.0038  	-0.0242  	0.01811  	-0.0030  	-0.0060  	0.06582  	-0.0275  	0.14880  	-0.0095  	0.03107  	0.00427  	-0.0398  	0.10221  	
-0.4499  	-0.0141  	-0.4548  	-1.3951  	-0.7252  	-1.3235  	0.31750  	0.15893  	0.10024  	0.32465  	0.14930  	-0.1141  	0.27946  	-0.1013  	-0.0743  	0.51749  	-0.1125  	-0.0464  	0.13658  	0.07969  	-0.0277  	0.34162  	-0.3925  	0.33286  	0.80731  	-0.4064  	0.23588  	-0.5312  	0.12028  	0.45469  	0.18078  	0.10498  	-0.1922  	0.03104  	0.31569  	0.00684  	0.27116  	0.11190  	-0.5781  	0.36951  	0.30247  	0.02139  	-0.1203  	0.39524  	0.01743  	-0.0658  	0.00770  	0.00694  	0.03402  	-0.1044  	-0.0020  	-0.0486  	-0.0316  	0.01962  	-0.0356  	-0.0553  	0.01969  	0.00893  	-0.0199  	0.01889  	-0.0039  	-0.0091  	0.06659  	-0.0196  	0.14880  	-0.0095  	0.03107  	0.00427  	-0.0398  	0.10221  	
-0.4589  	-0.0580  	-0.2877  	-1.5411  	-0.7907  	-1.3986  	0.24413  	0.16508  	0.05366  	0.32002  	0.43377  	-0.0984  	0.25742  	-0.3376  	-0.4085  	0.57251  	-0.0707  	-0.2680  	0.21757  	-0.1939  	0.01835  	0.08304  	-0.7083  	0.41140  	0.72242  	-0.3093  	0.29095  	-0.7176  	0.12606  	0.43201  	0.30084  	0.08143  	-0.3238  	-0.1553  	0.29968  	0.09053  	0.23023  	0.11865  	-0.7346  	0.23138  	0.36852  	0.18587  	-0.2397  	0.46787  	-0.0438  	-0.0503  	-0.0191  	0.03711  	0.03217  	-0.1139  	0.01186  	-0.0400  	-0.0225  	0.02542  	-0.0330  	-0.0518  	0.02805  	-0.0037  	-0.0116  	0.02263  	-0.0021  	-0.0255  	0.06604  	-0.0201  	0.14880  	-0.0095  	0.03107  	0.00427  	-0.0398  	0.10221  	
-0.5172  	-0.0717  	-0.2728  	-1.6565  	-0.8310  	-1.5100  	0.24563  	0.21176  	-0.0032  	0.37980  	0.60163  	-0.0915  	0.21859  	-0.4826  	-0.4994  	0.59113  	-0.0045  	-0.3561  	0.28349  	-0.4003  	0.09871  	-0.1113  	-0.9234  	0.42236  	0.75395  	-0.2393  	0.35856  	-0.7628  	0.14164  	0.38653  	0.40056  	0.04787  	-0.4301  	-0.3130  	0.23371  	0.12626  	0.21264  	0.12197  	-0.8233  	0.16563  	0.41247  	0.30117  	-0.3454  	0.54179  	-0.0830  	-0.0352  	-0.0272  	0.04311  	0.01582  	-0.1231  	0.02312  	-0.0354  	-0.0149  	0.04699  	-0.0218  	-0.0564  	0.01832  	-0.0163  	-0.0243  	0.04108  	0.00102  	-0.0339  	0.05777  	-0.0120  	0.14880  	-0.0095  	0.03107  	0.00427  	-0.0398  	0.10221  	
-0.6281  	-0.0815  	-0.2880  	-1.5544  	-0.8664  	-1.4853  	0.16975  	0.19103  	-0.0503  	0.26835  	0.53376  	-0.1652  	0.16411  	-0.4238  	-0.3356  	0.44386  	0.09804  	-0.4664  	0.30395  	-0.5294  	0.24688  	-0.1392  	-0.8764  	0.50750  	0.72744  	-0.2249  	0.42234  	-0.9044  	0.10543  	0.41346  	0.39148  	0.07041  	-0.4601  	-0.3610  	0.25525  	0.10532  	0.27391  	0.14776  	-0.9139  	0.10834  	0.40966  	0.31562  	-0.3845  	0.55873  	-0.0856  	-0.0249  	-0.0500  	0.02792  	-0.0022  	-0.1230  	0.02516  	-0.0324  	-0.0075  	0.04504  	-0.0247  	-0.0492  	0.01922  	-0.0125  	-0.0221  	0.03710  	0.00702  	-0.0331  	0.03793  	-0.0150  	0.14880  	-0.0095  	0.03107  	0.00427  	-0.0398  	0.10221  	
-0.5857  	-0.0662  	-0.3324  	-1.6397  	-0.8800  	-1.4854  	0.20875  	0.19651  	-0.0367  	0.34209  	0.60445  	-0.1776  	0.20046  	-0.4377  	-0.4016  	0.50390  	0.03645  	-0.4135  	0.27828  	-0.4580  	0.18405  	-0.0873  	-0.8588  	0.42913  	0.74130  	-0.2428  	0.33693  	-0.8310  	0.07706  	0.39338  	0.40485  	0.05652  	-0.4484  	-0.3166  	0.24897  	0.10238  	0.27869  	0.14490  	-0.8661  	0.13231  	0.42837  	0.28580  	-0.3541  	0.52835  	-0.0835  	-0.0344  	-0.0342  	0.02536  	-0.0001  	-0.1145  	0.02513  	-0.0323  	-0.0158  	0.04537  	-0.0229  	-0.0526  	0.01863  	-0.0115  	-0.0294  	0.03557  	-0.0003  	-0.0334  	0.05137  	-0.0172  	0.14880  	-0.0095  	0.03107  	0.00427  	-0.0398  	0.10221  	
-0.5635  	-0.0760  	-0.3211  	-1.7239  	-0.9116  	-1.4619  	0.25762  	0.17771  	0.01762  	0.41497  	0.63875  	-0.1569  	0.17179  	-0.3582  	-0.4887  	0.59700  	-0.0904  	-0.2314  	0.23007  	-0.2309  	0.14322  	0.07092  	-0.6476  	0.42107  	0.73551  	-0.3226  	0.32438  	-0.7517  	0.02150  	0.37819  	0.30051  	0.10233  	-0.3424  	-0.1783  	0.33143  	0.12593  	0.36081  	0.14417  	-0.7811  	0.21202  	0.38209  	0.17861  	-0.2512  	0.46851  	-0.0383  	-0.0544  	-0.0121  	0.01472  	0.01600  	-0.1159  	0.01549  	-0.0428  	-0.0195  	0.03590  	-0.0286  	-0.0536  	0.02043  	-0.0064  	-0.0317  	0.03035  	-0.0001  	-0.0288  	0.06384  	-0.0127  	0.14880  	-0.0095  	0.03107  	0.00427  	-0.0398  	0.10221  	
-0.5258  	-0.1087  	-0.3707  	-1.7420  	-0.9050  	-1.4150  	0.31500  	0.11294  	0.03966  	0.42451  	0.59283  	-0.1706  	0.15192  	-0.2954  	-0.5904  	0.66380  	-0.1971  	-0.0430  	0.11714  	0.07985  	0.01053  	0.28608  	-0.4346  	0.38214  	0.79063  	-0.4176  	0.27367  	-0.5826  	-0.0405  	0.40293  	0.18833  	0.14199  	-0.2283  	-0.0062  	0.37943  	0.14399  	0.39681  	0.12608  	-0.6413  	0.30909  	0.30867  	0.04608  	-0.1294  	0.37735  	0.02098  	-0.0737  	0.01572  	-0.0053  	0.03126  	-0.0952  	0.01539  	-0.0484  	-0.0209  	0.01240  	-0.0373  	-0.0566  	0.02445  	0.00732  	-0.0320  	0.01969  	-0.0094  	-0.0253  	0.07990  	-0.0123  	0.14880  	-0.0095  	0.03107  	0.00427  	-0.0398  	0.10221  	
-0.5249  	-0.0775  	-0.3370  	-1.8599  	-0.9559  	-1.4480  	0.32164  	0.10008  	0.06515  	0.44586  	0.57065  	-0.1793  	0.13268  	-0.3168  	-0.6107  	0.63886  	-0.1803  	-0.0404  	0.11480  	0.10878  	-0.0311  	0.27348  	-0.4097  	0.35391  	0.76122  	-0.3994  	0.20646  	-0.5464  	0.02058  	0.37625  	0.21404  	0.12026  	-0.2251  	-0.0017  	0.33458  	0.13752  	0.37047  	0.12028  	-0.6294  	0.34304  	0.34260  	0.02902  	-0.1212  	0.39160  	0.01623  	-0.0709  	0.01638  	-0.0061  	0.03650  	-0.0828  	0.01309  	-0.0556  	-0.0225  	0.01343  	-0.0368  	-0.0564  	0.02487  	0.00331  	-0.0366  	0.02228  	-0.0108  	-0.0219  	0.07526  	-0.0078  	0.14880  	-0.0095  	0.03107  	0.00427  	-0.0398  	0.10221  	
-0.7820  	-0.1342  	-0.5830  	-1.7440  	-0.8745  	-1.6374  	0.32288  	0.10516  	0.05288  	0.40617  	0.52338  	-0.1733  	0.16291  	-0.2210  	-0.5605  	0.53211  	-0.1612  	-0.0297  	0.12496  	0.10342  	-0.0591  	0.30317  	-0.4509  	0.38121  	0.80041  	-0.3779  	0.18882  	-0.4933  	0.12893  	0.42124  	0.20771  	0.09908  	-0.2362  	0.00638  	0.30999  	0.17554  	0.29617  	0.09605  	-0.5811  	0.33101  	0.32613  	0.03703  	-0.1446  	0.35746  	0.01918  	-0.0770  	0.02346  	0.00188  	0.03422  	-0.1016  	0.00948  	-0.0458  	-0.0267  	0.00953  	-0.0345  	-0.0641  	0.02351  	0.00121  	-0.0202  	0.02703  	-0.0003  	-0.0276  	0.07760  	-0.0043  	0.14880  	-0.0095  	0.03107  	0.00427  	-0.0398  	0.10221  	
-0.8342  	-0.1436  	-0.6762  	-1.6206  	-0.7218  	-1.6342  	0.29766  	0.12326  	0.03679  	0.35985  	0.58936  	-0.0340  	0.22466  	-0.1158  	-0.3227  	0.39504  	-0.1893  	-0.0859  	0.08321  	0.17472  	-2.2661  	0.24273  	-0.5192  	0.41884  	0.76977  	-0.3812  	0.17990  	-0.4814  	0.06812  	0.40607  	0.21492  	0.08137  	-0.1862  	0.03505  	0.40267  	0.05221  	0.27490  	0.06530  	-0.6118  	0.30001  	0.27066  	0.05961  	-0.1824  	0.34610  	0.03528  	-0.0740  	0.02042  	-0.0161  	0.03287  	-0.0985  	0.01598  	-0.0486  	-0.0339  	0.01300  	-0.0455  	-0.0527  	0.02499  	0.00200  	-0.0181  	0.02014  	0.00178  	-0.0225  	0.07419  	-0.0103  	0.14880  	-0.0095  	0.03107  	0.00427  	-0.0398  	0.10221  	
-0.7431  	-0.1217  	-0.6450  	-1.5650  	-0.7347  	-1.6266  	0.29163  	0.15596  	0.07635  	0.38817  	0.51589  	0.01672  	0.29217  	-0.0282  	-0.2878  	0.45156  	-0.1775  	-0.0405  	0.05150  	0.18002  	-0.0455  	0.27143  	-0.4614  	0.33371  	0.70425  	-0.3632  	0.13469  	-0.4504  	0.10185  	0.39782  	0.22325  	0.06164  	-0.1651  	0.02086  	0.39786  	0.01765  	0.23127  	0.06727  	-0.6003  	0.35072  	0.25299  	0.03441  	-0.1660  	0.36621  	0.03362  	-0.0793  	0.02813  	-0.0112  	0.02053  	-0.0911  	0.01126  	-0.0495  	-0.0384  	0.01352  	-0.0447  	-0.0506  	0.02218  	-0.0013  	-0.0276  	0.02572  	0.00276  	-0.0181  	0.07589  	-0.0127  	0.14880  	-0.0095  	0.03107  	0.00427  	-0.0398  	0.10221  	
-0.5811  	-0.0564  	-0.4364  	-1.6328  	-0.8187  	-1.4684  	0.32057  	0.20531  	0.10840  	0.34257  	0.41110  	-0.0447  	0.27097  	0.00910  	-0.2065  	0.43816  	-0.1331  	-0.0478  	0.05121  	0.12710  	-0.0178  	0.32589  	-0.4049  	0.33599  	0.68802  	-0.3708  	0.11287  	-0.5077  	0.07908  	0.39739  	0.22709  	0.05298  	-0.1866  	0.02332  	0.33329  	0.01499  	0.24810  	0.08985  	-0.5762  	0.32123  	0.30464  	0.02067  	-0.1204  	0.39046  	0.00834  	-0.0843  	0.02953  	0.00532  	0.03089  	-0.0887  	0.00058  	-0.0505  	-0.0276  	0.01909  	-0.0422  	-0.0627  	0.02221  	0.00938  	-0.0316  	0.01563  	-0.0021  	-0.0199  	0.07173  	-0.0121  	0.14880  	-0.0095  	0.03107  	0.00427  	-0.0398  	0.10221  	
-0.4044  	0.00257  	-0.3607  	-1.4520  	-0.7462  	-1.3688  	0.27624  	0.28155  	0.12749  	0.30735  	0.28204  	-0.0687  	0.31711  	0.09183  	-0.0285  	0.46293  	-0.1387  	-0.1491  	0.09808  	0.04749  	0.07411  	0.33192  	-0.3645  	0.45742  	0.68862  	-0.3800  	0.30107  	-0.6744  	-0.0778  	0.40935  	0.24311  	0.09565  	-0.1584  	0.00642  	0.40422  	-0.0636  	0.37181  	0.09860  	-0.6314  	0.33643  	0.25851  	0.04330  	-0.1263  	0.40030  	0.01224  	-0.0749  	0.01772  	-0.0042  	0.03352  	-0.0880  	-0.0099  	-0.0495  	-0.0383  	0.01564  	-0.0478  	-0.0485  	0.01957  	0.00046  	-0.0317  	0.01922  	-9.5496  	0.00447  	0.05767  	-0.0127  	0.14880  	-0.0095  	0.03107  	0.00427  	-0.0398  	0.10221  	
-0.2153  	0.06721  	-0.1715  	-1.5941  	-0.9075  	-1.2707  	0.30088  	0.33471  	0.15023  	0.28626  	0.44840  	-0.1489  	0.27554  	0.15237  	-0.0409  	0.53449  	-0.1262  	-0.1658  	0.12293  	-0.0765  	0.29882  	0.34553  	-0.2499  	0.48768  	0.70062  	-0.4065  	0.40721  	-0.9106  	-0.2224  	0.40219  	0.23413  	0.14679  	-0.1741  	-0.0194  	0.47662  	-0.0824  	0.51737  	0.17061  	-0.6859  	0.25482  	0.28657  	0.04706  	-0.1151  	0.38984  	0.00501  	-0.0688  	0.01168  	0.01826  	0.03631  	-0.0833  	-0.0160  	-0.0439  	-0.0240  	0.02390  	-0.0430  	-0.0406  	0.00650  	0.00461  	-0.0375  	0.02221  	0.00256  	-0.0008  	0.06781  	-0.0205  	0.14880  	-0.0095  	0.03107  	0.00427  	-0.0398  	0.10221  	
-0.2170  	0.07687  	-0.1871  	-1.5783  	-0.8640  	-1.2533  	0.34551  	0.33071  	0.13154  	0.31043  	0.38842  	-0.2041  	0.29389  	0.15297  	-0.1009  	0.51794  	-0.1171  	-0.1788  	0.12483  	-0.0793  	0.24974  	0.35170  	-0.3159  	0.46560  	0.80358  	-0.4264  	0.45763  	-0.8601  	-0.1338  	0.42228  	0.20434  	0.13394  	-0.1994  	-0.0140  	0.45895  	-0.0448  	0.49249  	0.13901  	-0.6546  	0.28538  	0.27993  	0.04189  	-0.1122  	0.40011  	0.00836  	-0.0704  	0.00631  	0.03360  	0.04995  	-0.0912  	-0.0065  	-0.0454  	-0.0280  	0.02077  	-0.0424  	-0.0458  	0.00850  	0.00038  	-0.0331  	0.02109  	-0.0014  	-0.0038  	0.07116  	-0.0219  	0.14880  	-0.0095  	0.03107  	0.00427  	-0.0398  	0.10221  	
-0.2939  	0.05962  	-0.3348  	-1.5251  	-0.8081  	-1.3662  	0.32841  	0.28196  	0.12641  	0.31276  	0.33889  	-0.1758  	0.33127  	0.18954  	-0.0604  	0.47776  	-0.1528  	-0.1306  	0.10093  	-0.0011  	0.15630  	0.36276  	-0.3970  	0.41904  	0.83679  	-0.4303  	0.39559  	-0.7497  	-0.0301  	0.47781  	0.21255  	0.13322  	-0.1849  	-0.0017  	0.44772  	-0.0310  	0.40908  	0.11671  	-0.6170  	0.31249  	0.27127  	0.04958  	-0.1365  	0.39371  	0.00811  	-0.0694  	0.01105  	0.01683  	0.03863  	-0.1074  	-0.0097  	-0.0425  	-0.0349  	0.01254  	-0.0425  	-0.0455  	0.00095  	0.00141  	-0.0250  	0.02051  	0.00233  	-0.0063  	0.06262  	-0.0234  	0.14880  	-0.0095  	0.03107  	0.00427  	-0.0398  	0.10221  	
-0.4379  	-0.0053  	-0.4785  	-1.3719  	-0.6470  	-1.4419  	0.35351  	0.21613  	0.11105  	0.33782  	0.35054  	0.03755  	0.32311  	0.11775  	-0.1445  	0.53618  	-0.1884  	-0.0696  	0.05665  	0.11014  	0.03429  	0.35977  	-0.4950  	0.40246  	0.77672  	-0.4086  	0.25848  	-0.5349  	0.08066  	0.46960  	0.20564  	0.08503  	-0.1825  	0.01275  	0.38188  	0.00811  	0.28708  	0.07153  	-0.5705  	0.33277  	0.26372  	0.05584  	-0.1347  	0.38175  	0.02233  	-0.0730  	0.01684  	0.01082  	0.04138  	-0.1018  	-0.0085  	-0.0515  	-0.0332  	0.01310  	-0.0471  	-0.0537  	0.02052  	0.00534  	-0.0312  	0.01014  	0.00315  	-0.0181  	0.06331  	-0.0101  	0.14880  	-0.0095  	0.03107  	0.00427  	-0.0398  	0.10221  	
-0.4855  	-0.0296  	-0.5578  	-1.2723  	-0.5492  	-1.4021  	0.31949  	0.19134  	0.08194  	0.31244  	0.25603  	0.07042  	0.33023  	0.11760  	-0.0113  	0.51863  	-0.1716  	-0.0557  	0.07821  	0.13347  	-0.0340  	0.35649  	-0.5237  	0.35871  	0.83731  	-0.3973  	0.22182  	-0.4452  	0.14942  	0.49038  	0.21030  	0.06374  	-0.1895  	0.03888  	0.39681  	0.01100  	0.23466  	0.05625  	-0.5447  	0.34928  	0.23859  	0.06540  	-0.1636  	0.36733  	0.02260  	-0.0748  	0.01500  	0.00610  	0.03340  	-0.0981  	0.00600  	-0.0480  	-0.0309  	0.01223  	-0.0422  	-0.0467  	0.02544  	0.00651  	-0.0225  	0.02085  	0.00023  	-0.0132  	0.05798  	-0.0150  	0.14880  	-0.0095  	0.03107  	0.00427  	-0.0398  	0.10221  	
-0.5277  	-0.0438  	-0.5644  	-1.3523  	-0.5949  	-1.4155  	0.34542  	0.16094  	0.09656  	0.32681  	0.25298  	0.04185  	0.31507  	0.07280  	-0.0898  	0.50519  	-0.1717  	-0.0400  	0.07008  	0.15685  	-0.0933  	0.33426  	-0.5176  	0.32032  	0.79753  	-0.3710  	0.14781  	-0.3872  	0.16883  	0.46383  	0.21010  	0.05309  	-0.1683  	0.03385  	0.33987  	0.02305  	0.21125  	0.06307  	-0.5234  	0.36594  	0.26702  	0.05604  	-0.1326  	0.37195  	0.02872  	-0.0736  	0.02220  	0.00704  	0.02524  	-0.0881  	0.00336  	-0.0486  	-0.0349  	0.01509  	-0.0386  	-0.0580  	0.02890  	0.00822  	-0.0305  	0.02046  	-0.0007  	-0.0214  	0.07073  	-0.0096  	0.14880  	-0.0095  	0.03107  	0.00427  	-0.0398  	0.10221  	
-0.5351  	-0.0271  	-0.5742  	-1.3015  	-0.5511  	-1.3971  	0.33620  	0.16322  	0.10603  	0.32795  	0.26227  	0.08801  	0.35941  	0.15507  	-0.1102  	0.51026  	-0.1798  	-0.0094  	0.10283  	0.13373  	-0.0654  	0.32178  	-0.5412  	0.33361  	0.78654  	-0.3898  	0.15582  	-0.3737  	0.16887  	0.48090  	0.21194  	0.04760  	-0.1751  	0.03796  	0.36635  	0.02704  	0.21289  	0.03797  	-0.5337  	0.36976  	0.27234  	0.03938  	-0.1447  	0.37151  	0.02677  	-0.0699  	0.01672  	0.00627  	0.02643  	-0.0909  	0.00044  	-0.0493  	-0.0373  	0.01405  	-0.0512  	-0.0532  	0.02350  	0.00575  	-0.0340  	0.01578  	0.00036  	-0.0188  	0.05423  	-0.0162  	0.14880  	-0.0095  	0.03107  	0.00427  	-0.0398  	0.10221  	
-0.6993  	-0.0462  	-0.5945  	-1.5843  	-0.6754  	-1.4898  	0.30835  	0.15649  	0.08277  	0.37718  	0.39170  	0.03273  	0.27367  	-0.0460  	-0.2156  	0.48477  	-0.1612  	-0.0188  	0.13046  	0.11927  	-0.0056  	0.25012  	-0.4358  	0.37913  	0.71575  	-0.3894  	0.17587  	-0.4640  	0.08353  	0.40400  	0.19945  	0.08892  	-0.1864  	0.00417  	0.34043  	-0.0089  	0.25379  	0.08509  	-0.6142  	0.35685  	0.29234  	0.03562  	-0.1510  	0.38214  	0.03535  	-0.0716  	0.02043  	-0.0146  	0.02713  	-0.0910  	0.00015  	-0.0504  	-0.0342  	0.01151  	-0.0475  	-0.0602  	0.01961  	0.00534  	-0.0216  	0.02129  	-0.0012  	-0.0107  	0.06448  	-0.0187  	0.14880  	-0.0095  	0.03107  	0.00427  	-0.0398  	0.10221  	
-0.6355  	-0.0771  	-0.4368  	-1.7837  	-0.9458  	-1.4566  	0.26949  	0.17933  	0.09534  	0.34890  	0.49187  	-0.1399  	0.17401  	-0.2272  	-0.3990  	0.48675  	-0.1466  	-0.0722  	0.12899  	0.07516  	0.05872  	0.26448  	-0.2928  	0.40664  	0.70371  	-0.3688  	0.22384  	-0.6476  	-0.0424  	0.39083  	0.23952  	0.11078  	-0.1995  	0.00368  	0.31468  	0.01297  	0.34821  	0.13168  	-0.6350  	0.30088  	0.32815  	0.03300  	-0.1134  	0.38487  	0.01322  	-0.0846  	0.02074  	-0.0160  	0.02618  	-0.0900  	-0.0016  	-0.0489  	-0.0268  	0.01640  	-0.0441  	-0.0551  	0.02086  	0.00553  	-0.0311  	0.01608  	-0.0067  	-0.0058  	0.07456  	-0.0102  	0.14880  	-0.0095  	0.03107  	0.00427  	-0.0398  	0.10221  	
-0.4250  	0.02476  	-0.2086  	-1.7711  	-0.9808  	-1.3669  	0.25976  	0.28873  	0.11448  	0.35340  	0.56532  	-0.0722  	0.22390  	-0.1055  	-0.4182  	0.59469  	-0.1252  	-0.0992  	0.16701  	0.02496  	0.20627  	0.27917  	-0.2976  	0.41255  	0.66739  	-0.4037  	0.30769  	-0.7782  	-0.1595  	0.37004  	0.23559  	0.12122  	-0.1570  	-0.0110  	0.39408  	-0.0347  	0.49976  	0.18749  	-0.6723  	0.25814  	0.34894  	0.02353  	-0.1000  	0.39130  	0.01697  	-0.0670  	0.02168  	0.00486  	0.02724  	-0.0882  	-0.0095  	-0.0409  	-0.0283  	0.01710  	-0.0387  	-0.0510  	0.00644  	0.00318  	-0.0370  	0.01739  	-0.0012  	-0.0157  	0.07333  	-0.0184  	0.14880  	-0.0095  	0.03107  	0.00427  	-0.0398  	0.10221  	
-0.5726  	-0.0672  	-0.3549  	-1.8281  	-0.9725  	-1.4621  	0.26342  	0.13447  	0.07644  	0.41938  	0.64565  	-0.1167  	0.14224  	-0.2114  	-0.5505  	0.63283  	-0.1638  	-0.0497  	0.14902  	0.07073  	0.06907  	0.25497  	-0.3795  	0.37105  	0.70765  	-0.3898  	0.21684  	-0.6038  	-0.0536  	0.36054  	0.22655  	0.10919  	-0.2084  	-0.0053  	0.37935  	0.09504  	0.41078  	0.12323  	-0.6663  	0.28745  	0.32845  	0.04074  	-0.1204  	0.37972  	0.01807  	-0.0706  	0.01567  	-0.0005  	0.02849  	-0.0836  	0.00994  	-0.0454  	-0.0292  	0.01978  	-0.0385  	-0.0548  	0.01757  	0.00280  	-0.0319  	0.02069  	-0.0075  	-0.0137  	0.07600  	-0.0103  	0.14880  	-0.0095  	0.03107  	0.00427  	-0.0398  	0.10221  	
-0.7006  	-0.0583  	-0.4110  	-1.9041  	-0.9876  	-1.5396  	0.28269  	0.12696  	0.06639  	0.49102  	0.57399  	-0.1124  	0.13383  	-0.1808  	-0.6121  	0.52072  	-0.1491  	-0.0418  	0.13046  	0.05435  	0.00916  	0.26791  	-0.3490  	0.33880  	0.71050  	-0.3674  	0.22922  	-0.6232  	-0.0170  	0.37687  	0.25585  	0.11162  	-0.2002  	-0.0130  	0.31146  	0.08101  	0.37442  	0.12080  	-0.6410  	0.29212  	0.37016  	0.02584  	-0.1249  	0.39707  	0.01721  	-0.0688  	0.02482  	0.00561  	0.01947  	-0.0923  	0.00298  	-0.0469  	-0.0301  	0.01658  	-0.0388  	-0.0589  	0.01699  	0.00237  	-0.0363  	0.01855  	-0.0005  	-0.0102  	0.07918  	-0.0105  	0.14880  	-0.0095  	0.03107  	0.00427  	-0.0398  	0.10221  	
-0.8840  	-0.1003  	-0.5180  	-2.0445  	-1.0529  	-1.6731  	0.29598  	0.05830  	0.05417  	0.47836  	0.61703  	-0.1589  	0.13542  	-0.2766  	-0.5865  	0.44786  	-0.1181  	-0.0306  	0.10095  	0.09065  	-0.0189  	0.27695  	-0.3382  	0.34450  	0.72659  	-0.3724  	0.20889  	-0.5691  	0.00628  	0.36828  	0.24452  	0.10492  	-0.2186  	-0.0044  	0.26910  	0.09327  	0.32831  	0.12241  	-0.6355  	0.29276  	0.38088  	0.03029  	-0.1161  	0.38167  	0.01781  	-0.0794  	0.02609  	-0.0135  	0.02101  	-0.0873  	-0.0042  	-0.0467  	-0.0252  	0.01992  	-0.0347  	-0.0613  	0.01799  	0.00636  	-0.0280  	0.02108  	0.00168  	0.00067  	0.07799  	-0.0107  	0.14880  	-0.0095  	0.03107  	0.00427  	-0.0398  	0.10221  	
-0.9737  	-0.1750  	-0.5974  	-2.0652  	-1.0378  	-1.7414  	0.30767  	0.07237  	0.04243  	0.46304  	0.68136  	-0.2072  	0.10683  	-0.3325  	-0.5919  	0.40996  	-0.1512  	-0.0189  	0.11454  	0.05379  	-0.0594  	0.27141  	-0.3207  	0.33047  	0.70848  	-0.3629  	0.15785  	-0.5572  	0.05725  	0.36084  	0.26207  	0.08868  	-0.2164  	-0.0003  	0.26897  	0.08862  	0.33821  	0.11318  	-0.6183  	0.29144  	0.39213  	0.03433  	-0.1245  	0.39452  	0.01594  	-0.0735  	0.02188  	-0.0182  	0.01928  	-0.0990  	-0.0088  	-0.0419  	-0.0264  	0.01782  	-0.0398  	-0.0595  	0.01556  	0.00351  	-0.0295  	0.02083  	0.00871  	-0.0038  	0.07814  	-0.0091  	0.14880  	-0.0095  	0.03107  	0.00427  	-0.0398  	0.10221  	
-1.0066  	-0.1626  	-0.6215  	-2.1046  	-1.0592  	-1.7829  	0.28828  	0.05500  	0.03841  	0.48088  	0.69349  	-0.1841  	0.11887  	-0.3820  	-0.6467  	0.42235  	-0.1571  	-0.0034  	0.12003  	0.04613  	-0.0617  	0.27933  	-0.3000  	0.29780  	0.64301  	-0.3460  	0.13565  	-0.5391  	0.05007  	0.35525  	0.27448  	0.07988  	-0.2264  	0.00556  	0.22304  	0.08717  	0.31117  	0.11833  	-0.6155  	0.28885  	0.40507  	0.03525  	-0.1098  	0.38271  	0.01375  	-0.0774  	0.02474  	-0.0156  	0.01774  	-0.0952  	-0.0114  	-0.0441  	-0.0286  	0.01331  	-0.0428  	-0.0595  	0.01011  	0.00032  	-0.0302  	0.01843  	0.00828  	-0.0039  	0.07672  	-0.0083  	0.14880  	-0.0095  	0.03107  	0.00427  	-0.0398  	0.10221  	
-1.0403  	-0.1755  	-0.6212  	-2.1045  	-1.0564  	-1.7954  	0.29078  	0.04948  	0.03293  	0.49500  	0.65887  	-0.1729  	0.09439  	-0.4099  	-0.6916  	0.44220  	-0.1591  	0.00183  	0.10616  	0.05939  	-0.0938  	0.27617  	-0.3138  	0.27841  	0.63327  	-0.3374  	0.10735  	-0.5165  	0.05990  	0.35075  	0.28460  	0.08310  	-0.2213  	0.00057  	0.20078  	0.09371  	0.28185  	0.10766  	-0.5972  	0.28343  	0.41249  	0.02796  	-0.1082  	0.39685  	0.02078  	-0.0765  	0.02027  	-0.0172  	0.01706  	-0.0924  	-0.0140  	-0.0448  	-0.0307  	0.00681  	-0.0398  	-0.0624  	0.00707  	0.00457  	-0.0306  	0.01549  	0.00485  	-0.0014  	0.07685  	-0.0064  	0.14880  	-0.0095  	0.03107  	0.00427  	-0.0398  	0.10221  	
-1.0564  	-0.1752  	-0.5991  	-2.1122  	-1.0702  	-1.7929  	0.28454  	0.05341  	0.04176  	0.48177  	0.64308  	-0.1762  	0.10644  	-0.4090  	-0.6874  	0.44369  	-0.1447  	0.00630  	0.10584  	0.07401  	-0.0782  	0.26269  	-0.2938  	0.29132  	0.62124  	-0.3339  	0.10837  	-0.5411  	0.04789  	0.34069  	0.28387  	0.07489  	-0.2232  	0.00788  	0.20211  	0.06540  	0.28304  	0.11086  	-0.6010  	0.27897  	0.41757  	0.02111  	-0.1069  	0.39823  	0.02662  	-0.0776  	0.01939  	-0.0192  	0.01483  	-0.0958  	-0.0161  	-0.0443  	-0.0276  	0.00782  	-0.0428  	-0.0631  	0.00796  	0.00298  	-0.0306  	0.01333  	0.00676  	-0.0057  	0.08006  	-0.0067  	0.14880  	-0.0095  	0.03107  	0.00427  	-0.0398  	0.10221  	
-0.9972  	-0.1576  	-0.5859  	-2.0675  	-1.0460  	-1.7466  	0.27676  	0.07604  	0.06280  	0.44878  	0.62261  	-0.1400  	0.11420  	-0.3835  	-0.6359  	0.45677  	-0.1311  	-0.0052  	0.11933  	0.07754  	-0.0676  	0.25565  	-0.2702  	0.29140  	0.60906  	-0.3343  	0.09860  	-0.5412  	0.06407  	0.34330  	0.28132  	0.07611  	-0.2174  	0.01322  	0.21810  	0.05038  	0.29138  	0.11929  	-0.6089  	0.27920  	0.40763  	0.02370  	-0.1052  	0.40488  	0.02293  	-0.0754  	0.02417  	-0.0186  	0.02521  	-0.0988  	-0.0132  	-0.0458  	-0.0262  	0.01411  	-0.0371  	-0.0647  	0.00962  	0.00514  	-0.0302  	0.01271  	0.00495  	-0.0041  	0.07971  	-0.0074  	0.14880  	-0.0095  	0.03107  	0.00427  	-0.0398  	0.10221  	
-0.9161  	-0.1355  	-0.5719  	-2.0050  	-1.0242  	-1.6931  	0.27322  	0.10185  	0.06029  	0.42342  	0.59766  	-0.1200  	0.14061  	-0.3265  	-0.5567  	0.44896  	-0.1193  	-0.0098  	0.11228  	0.08165  	-0.0345  	0.26961  	-0.2807  	0.29551  	0.60455  	-0.3418  	0.10312  	-0.5371  	0.06760  	0.35100  	0.27300  	0.07558  	-0.2124  	0.00967  	0.23954  	0.03600  	0.30045  	0.12367  	-0.6101  	0.28453  	0.39735  	0.02891  	-0.1096  	0.39438  	0.01722  	-0.0750  	0.02925  	-0.0165  	0.02658  	-0.0947  	-0.0086  	-0.0460  	-0.0250  	0.01725  	-0.0375  	-0.0658  	0.01372  	0.00655  	-0.0330  	0.01621  	0.00258  	-0.0030  	0.07758  	-0.0077  	0.14880  	-0.0095  	0.03107  	0.00427  	-0.0398  	0.10221  	
-0.8865  	-0.1072  	-0.5302  	-1.9832  	-1.0285  	-1.6781  	0.25179  	0.11188  	0.07658  	0.41587  	0.59951  	-0.1193  	0.15444  	-0.2814  	-0.5308  	0.45064  	-0.1067  	-0.0171  	0.10583  	0.07411  	-0.0121  	0.25901  	-0.2967  	0.28629  	0.59430  	-0.3382  	0.09383  	-0.5338  	0.04788  	0.34549  	0.27866  	0.07621  	-0.1912  	0.01425  	0.24607  	0.01747  	0.30956  	0.12084  	-0.6118  	0.28339  	0.39846  	0.02151  	-0.1078  	0.38979  	0.01561  	-0.0703  	0.03046  	-0.0191  	0.01757  	-0.0856  	-0.0135  	-0.0440  	-0.0264  	0.01860  	-0.0393  	-0.0630  	0.00803  	0.00392  	-0.0356  	0.01685  	0.00526  	-0.0015  	0.07500  	-0.0115  	0.14880  	-0.0095  	0.03107  	0.00427  	-0.0398  	0.10221  	
-0.6628  	-0.0289  	-0.4136  	-1.8237  	-0.9625  	-1.5407  	0.2579  	0.20104  	0.10781  	0.34305  	0.58706  	-0.0932  	0.19436  	-0.1112  	-0.3492  	0.50319  	-0.1359  	-0.0952  	0.09654  	0.05476  	0.12163  	0.26766  	-0.2926  	0.32098  	0.59041  	-0.3524  	0.15072  	-0.6283  	-0.0553  	0.34354  	0.26077  	0.08631  	-0.1550  	0.01236  	0.34276  	-0.0514  	0.40537  	0.15116  	-0.6645  	0.26134  	0.38093  	0.02946  	-0.1162  	0.38940  	0.01391  	-0.0648  	0.03402  	-0.0195  	0.01061  	-0.0776  	-0.0176  	-0.0466  	-0.0273  	0.01880  	-0.0436  	-0.0594  	0.00972  	-0.0015  	-0.0359  	0.01685  	0.00804  	-0.0023  	0.06970  	-0.0118  	0.14880  	-0.0095  	0.03107  	0.00427  	-0.0398  	0.10221  	
-0.4811  	0.04379  	-0.3338  	-1.7263  	-0.9817  	-1.4279  	0.27567  	0.28184  	0.12582  	0.28861  	0.59685  	-0.1103  	0.21419  	0.01229  	-0.2404  	0.53148  	-0.1311  	-0.1250  	0.10116  	-0.0084  	0.26853  	0.28609  	-0.2762  	0.38928  	0.60144  	-0.3737  	0.25791  	-0.7656  	-0.1705  	0.34238  	0.24430  	0.11550  	-0.1627  	-0.0021  	0.42274  	-0.1100  	0.48352  	0.18527  	-0.7063  	0.25023  	0.33114  	0.02718  	-0.1200  	0.37603  	0.01147  	-0.0642  	0.03067  	-0.0185  	0.01353  	-0.0769  	-0.0173  	-0.0426  	-0.0269  	0.01754  	-0.0449  	-0.0559  	0.00124  	-3.1606  	-0.0361  	0.01289  	0.00493  	0.00444  	0.06738  	-0.0166  	0.14880  	-0.0095  	0.03107  	0.00427  	-0.0398  	0.10221  	
-0.2740  	0.09537  	-0.2091  	-1.6465  	-0.9853  	-1.2942  	0.29537  	0.36036  	0.19337  	0.22555  	0.62176  	-0.0889  	0.22289  	0.07313  	-0.1409  	0.58793  	-0.1120  	-0.1797  	0.10596  	-0.0832  	0.39134  	0.31238  	-0.2230  	0.46757  	0.61464  	-0.3966  	0.36403  	-0.9149  	-0.3033  	0.34452  	0.22597  	0.14907  	-0.1565  	-0.0182  	0.49660  	-0.1397  	0.58773  	0.20936  	-0.7418  	0.21535  	0.29381  	0.02504  	-0.1226  	0.38324  	0.00423  	-0.0672  	0.02075  	-0.0069  	0.02397  	-0.0768  	-0.0178  	-0.0437  	-0.0246  	0.02425  	-0.0461  	-0.0425  	0.00035  	0.00236  	-0.0357  	0.02092  	0.00610  	0.00390  	0.06414  	-0.0185  	0.14880  	-0.0095  	0.03107  	0.00427  	-0.0398  	0.10221  	
-0.2248  	0.08965  	-0.1729  	-1.6355  	-0.9843  	-1.2385  	0.29972  	0.38925  	0.20344  	0.20896  	0.61511  	-0.0830  	0.23610  	0.08387  	-0.1102  	0.61759  	-0.0946  	-0.1952  	0.11518  	-0.0950  	0.39826  	0.32284  	-0.2078  	0.50082  	0.62982  	-0.4040  	0.40639  	-0.9484  	-0.3270  	0.35854  	0.22526  	0.15802  	-0.1624  	-0.0133  	0.50958  	-0.1377  	0.61628  	0.22060  	-0.7303  	0.21214  	0.27185  	0.03205  	-0.1196  	0.38059  	0.00395  	-0.0691  	0.01811  	0.00054  	0.02996  	-0.0850  	-0.0178  	-0.0405  	-0.0241  	0.02647  	-0.0439  	-0.0408  	0.00088  	0.00355  	-0.0375  	0.02592  	0.00606  	-0.0016  	0.07134  	-0.0125  	0.14880  	-0.0095  	0.03107  	0.00427  	-0.0398  	0.10221  	
-0.2266  	0.08624  	-0.1756  	-1.6327  	-0.9796  	-1.2371  	0.29983  	0.38866  	0.20206  	0.21217  	0.61505  	-0.0837  	0.23496  	0.08023  	-0.1100  	0.61693  	-0.0921  	-0.1947  	0.11379  	-0.0917  	0.39277  	0.31952  	-0.2083  	0.50068  	0.62919  	-0.4038  	0.40495  	-0.9455  	-0.3255  	0.35880  	0.22452  	0.15847  	-0.1630  	-0.0134  	0.50851  	-0.1374  	0.61367  	0.22109  	-0.7290  	0.21165  	0.27043  	0.03151  	-0.1194  	0.38069  	0.00404  	-0.0685  	0.01793  	0.00021  	0.02984  	-0.0857  	-0.0175  	-0.0402  	-0.0243  	0.02608  	-0.0436  	-0.0414  	0.00137  	0.00353  	-0.0377  	0.02523  	0.00588  	-0.0018  	0.07136  	-0.0122  	0.14880  	-0.0095  	0.03107  	0.00427  	-0.0398  	0.10221  	
-0.3858  	0.04654  	-0.2499  	-1.7154  	-0.9378  	-1.3700  	0.30980  	0.29081  	0.15799  	0.29701  	0.56879  	-0.0866  	0.23376  	-0.0136  	-0.3037  	0.57174  	-0.1330  	-0.0681  	0.08587  	0.01153  	0.17917  	0.25814  	-0.3261  	0.37787  	0.65112  	-0.3801  	0.23211  	-0.6834  	-0.1049  	0.35035  	0.22520  	0.11395  	-0.1344  	-0.0121  	0.40648  	-0.0524  	0.42534  	0.15864  	-0.6524  	0.26503  	0.33728  	0.03213  	-0.1009  	0.37192  	0.00026  	-0.0768  	0.02533  	0.01052  	0.02925  	-0.0922  	0.00120  	-0.0433  	-0.0261  	0.01431  	-0.0412  	-0.0497  	0.01369  	0.00067  	-0.0308  	0.01835  	0.00610  	-0.0142  	0.07608  	-0.0056  	0.14880  	-0.0095  	0.03107  	0.00427  	-0.0398  	0.10221  	
-0.5763  	-0.0127  	-0.3977  	-1.8039  	-0.9323  	-1.4680  	0.28830  	0.16529  	0.11786  	0.41601  	0.55006  	-0.0792  	0.22150  	-0.0745  	-0.4760  	0.56486  	-0.1476  	-0.0379  	0.11137  	0.05290  	-0.0310  	0.23531  	-0.3747  	0.31416  	0.69438  	-0.3597  	0.16826  	-0.5315  	0.01119  	0.37311  	0.25709  	0.09834  	-0.1438  	0.00362  	0.29495  	0.02722  	0.33088  	0.12551  	-0.6047  	0.29766  	0.38988  	0.02806  	-0.0918  	0.38049  	-0.0024  	-0.0693  	0.03454  	0.01755  	0.02288  	-0.0851  	-0.0021  	-0.0427  	-0.0286  	0.01911  	-0.0408  	-0.0584  	0.01288  	-0.0037  	-0.0303  	0.02313  	0.00301  	-0.0020  	0.08515  	-0.0039  	0.14880  	-0.0095  	0.03107  	0.00427  	-0.0398  	0.10221  	
-0.7089  	-0.0945  	-0.4721  	-1.9330  	-0.9602  	-1.5966  	0.30087  	0.12103  	0.07245  	0.47467  	0.56924  	-0.1572  	0.18889  	-0.1861  	-0.6189  	0.46146  	-0.1537  	-0.0183  	0.12376  	0.05241  	-0.0785  	0.25497  	-0.3890  	0.33051  	0.75754  	-0.3748  	0.20380  	-0.5512  	0.03616  	0.39211  	0.24612  	0.09843  	-0.1982  	-0.0151  	0.27789  	0.08729  	0.34299  	0.11843  	-0.6205  	0.31273  	0.37727  	0.02799  	-0.1084  	0.38492  	0.01621  	-0.0764  	0.02499  	0.00195  	0.02229  	-0.0928  	0.00146  	-0.0479  	-0.0292  	0.01190  	-0.0381  	-0.0605  	0.02037  	0.00362  	-0.0347  	0.01818  	0.00090  	-0.0085  	0.07665  	-0.0060  	0.14880  	-0.0095  	0.03107  	0.00427  	-0.0398  	0.10221  	
-0.8604  	-0.1246  	-0.5511  	-2.0785  	-1.0819  	-1.6699  	0.29834  	0.10532  	0.06129  	0.45269  	0.67529  	-0.2222  	0.14042  	-0.2095  	-0.5333  	0.36042  	-0.1061  	-0.0710  	0.13110  	0.06064  	0.06489  	0.27705  	-0.3629  	0.39157  	0.76519  	-0.3885  	0.27049  	-0.7104  	-0.0472  	0.35837  	0.25996  	0.08288  	-0.1960  	-0.0085  	0.32444  	0.05239  	0.40858  	0.13200  	-0.6741  	0.29171  	0.34475  	0.03195  	-0.1424  	0.38647  	0.01860  	-0.0696  	0.01936  	-0.0043  	0.01223  	-0.0831  	-0.0027  	-0.0477  	-0.0370  	0.02023  	-0.0383  	-0.0569  	0.01585  	0.00022  	-0.0316  	0.01899  	0.00034  	-0.0018  	0.07365  	-0.0108  	0.14880  	-0.0095  	0.03107  	0.00427  	-0.0398  	0.10221  	
-0.9060  	-0.1498  	-0.5554  	-2.0654  	-1.0480  	-1.6776  	0.28340  	0.09534  	0.04162  	0.44785  	0.67252  	-0.2040  	0.11186  	-0.3281  	-0.5868  	0.42253  	-0.1332  	-0.0401  	0.15159  	0.07255  	0.04591  	0.26337  	-0.3282  	0.37199  	0.74067  	-0.3681  	0.23834  	-0.6283  	-0.0279  	0.36665  	0.23783  	0.09387  	-0.2257  	-0.0121  	0.29645  	0.05834  	0.37333  	0.12195  	-0.6486  	0.30545  	0.34463  	0.03999  	-0.1478  	0.38933  	0.02346  	-0.0668  	0.01963  	-0.0119  	0.01979  	-0.0954  	-0.0063  	-0.0451  	-0.0290  	0.01718  	-0.0444  	-0.0624  	0.01846  	0.00685  	-0.0309  	0.01627  	0.00019  	-0.0186  	0.06889  	-0.0151  	0.14880  	-0.0095  	0.03107  	0.00427  	-0.0398  	0.10221  	
-0.6507  	-0.1037  	-0.5367  	-1.4727  	-0.6943  	-1.4841  	0.29954  	0.18317  	0.07246  	0.31713  	0.51262  	0.04318  	0.21468  	-0.1401  	-0.2628  	0.56355  	-0.1515  	-0.0148  	0.10257  	0.16899  	-0.0341  	0.26662  	-0.5011  	0.41742  	0.74616  	-0.3772  	0.18315  	-0.4650  	0.08376  	0.43856  	0.20611  	0.07367  	-0.1983  	0.01721  	0.38111  	0.04065  	0.24896  	0.08154  	-0.6033  	0.33620  	0.24827  	0.06760  	-0.1740  	0.35621  	0.02703  	-0.0749  	0.02633  	-0.0156  	0.02803  	-0.0989  	0.00512  	-0.0515  	-0.0345  	0.01823  	-0.0420  	-0.0589  	0.02445  	0.00152  	-0.0256  	0.02562  	-0.0145  	-0.0179  	0.07593  	-0.0126  	0.14880  	-0.0095  	0.03107  	0.00427  	-0.0398  	0.10221  	
-0.5107  	-0.0473  	-0.5332  	-1.2457  	-0.5624  	-1.3593  	0.31688  	0.22826  	0.07869  	0.25619  	0.28815  	0.02532  	0.31480  	0.06208  	-0.0938  	0.54807  	-0.1572  	-0.0351  	0.08527  	0.17475  	-0.0467  	0.27342  	-0.5698  	0.37767  	0.83782  	-0.3879  	0.19313  	-0.4065  	0.16215  	0.51826  	0.21086  	0.07612  	-0.1964  	0.02026  	0.37734  	0.03656  	0.21950  	0.06513  	-0.5681  	0.33988  	0.22429  	0.07477  	-0.1503  	0.34735  	0.01338  	-0.0709  	0.01885  	-0.0045  	0.03937  	-0.0955  	0.01000  	-0.0516  	-0.0324  	0.01592  	-0.0384  	-0.0487  	0.02668  	0.00390  	-0.0267  	0.01674  	-0.0080  	-0.0195  	0.06177  	-0.0111  	0.14880  	-0.0095  	0.03107  	0.00427  	-0.0398  	0.10221  	
-0.4991  	-0.0023  	-0.5940  	-1.1730  	-0.5059  	-1.3377  	0.29617  	0.22938  	0.10200  	0.24916  	0.18544  	0.02256  	0.36287  	0.20058  	0.04308  	0.48179  	-0.1532  	-0.1383  	0.09797  	0.10545  	-0.0875  	0.34093  	-0.5405  	0.36731  	0.84413  	-0.3790  	0.29350  	-0.4204  	0.14401  	0.55134  	0.20704  	0.07200  	-0.1782  	0.02375  	0.42977  	0.01472  	0.24036  	0.06103  	-0.5725  	0.30692  	0.20284  	0.07668  	-0.1636  	0.34600  	0.00697  	-0.0714  	0.02384  	0.00397  	0.04104  	-0.0914  	0.00946  	-0.0470  	-0.0349  	0.01837  	-0.0465  	-0.0479  	0.02183  	0.00613  	-0.0165  	0.01027  	-0.0056  	-0.0131  	0.05529  	-0.0238  	0.14880  	-0.0095  	0.03107  	0.00427  	-0.0398  	0.10221  	
-0.4617  	-0.0175  	-0.5363  	-1.2308  	-0.5134  	-1.3803  	0.29061  	0.23864  	0.09728  	0.26912  	0.18902  	-0.0048  	0.36683  	0.21723  	0.02531  	0.46785  	-0.1527  	-0.1322  	0.08831  	0.08546  	-0.0646  	0.32820  	-0.5001  	0.39907  	0.77285  	-0.3898  	0.27090  	-0.4634  	0.09999  	0.53313  	0.19281  	0.08605  	-0.1899  	0.01520  	0.42057  	-0.0203  	0.25460  	0.05284  	-0.5803  	0.33728  	0.21872  	0.05913  	-0.1529  	0.36175  	0.03650  	-0.0670  	0.01441  	-0.0002  	0.03334  	-0.0814  	-0.0003  	-0.0466  	-0.0343  	0.01633  	-0.0444  	-0.0551  	0.01787  	0.00763  	-0.0207  	0.01951  	-0.0037  	-0.0211  	0.05639  	-0.0209  	0.14880  	-0.0095  	0.03107  	0.00427  	-0.0398  	0.10221  	
-0.3697  	0.03822  	-0.3775  	-1.4690  	-0.7359  	-1.3183  	0.30173  	0.30421  	0.10836  	0.29884  	0.19722  	-0.1083  	0.36593  	0.16779  	0.08057  	0.45845  	-0.1164  	-0.1437  	0.10692  	0.00393  	0.08662  	0.34350  	-0.3606  	0.39735  	0.75824  	-0.3934  	0.34258  	-0.6687  	-0.0016  	0.48405  	0.21658  	0.10318  	-0.1869  	0.00270  	0.37672  	-0.0344  	0.35852  	0.10757  	-0.6099  	0.32257  	0.25957  	0.05101  	-0.1303  	0.40596  	0.02366  	-0.0690  	0.01461  	0.00287  	0.03063  	-0.0822  	-0.0118  	-0.0479  	-0.0380  	0.00980  	-0.0352  	-0.0469  	0.01475  	0.00700  	-0.0335  	0.02028  	-0.0002  	-0.0061  	0.07024  	-0.0232  	0.14880  	-0.0095  	0.03107  	0.00427  	-0.0398  	0.10221  	
-0.6641  	-0.0143  	-0.6403  	-1.3349  	-0.4655  	-1.5511  	0.35629  	0.27696  	0.04351  	0.32126  	0.31275  	0.05634  	0.38889  	0.24599  	-0.2370  	0.52346  	-0.2450  	-0.0320  	0.03440  	0.21102  	-0.1379  	0.27504  	-0.6316  	0.32411  	0.77685  	-0.4219  	0.14003  	-0.3185  	0.19966  	0.49125  	0.19738  	0.04946  	-0.1727  	0.02138  	0.39328  	0.06529  	0.12711  	-0.0087  	-0.5294  	0.38799  	0.25405  	0.06295  	-0.1728  	0.37597  	0.02136  	-0.0776  	0.01070  	-0.0056  	0.02100  	-0.0885  	0.01972  	-0.0392  	-0.0297  	0.00894  	-0.0457  	-0.0460  	0.03362  	0.00563  	-0.0353  	0.02388  	0.01157  	-0.0051  	0.06553  	-0.0210  	0.14880  	-0.0095  	0.03107  	0.00427  	-0.0398  	0.10221  	
-0.5914  	-0.0293  	-0.6626  	-1.1866  	-0.4084  	-1.5428  	0.39274  	0.25255  	0.08117  	0.32098  	0.34217  	0.13134  	0.40450  	0.31242  	-0.1337  	0.44965  	-0.2719  	-0.0220  	0.02008  	0.25717  	-0.1658  	0.30046  	-0.7164  	0.31611  	0.84661  	-0.4264  	0.14966  	-0.2693  	0.21761  	0.52295  	0.16786  	0.01704  	-0.1608  	0.05772  	0.44066  	0.07736  	0.15363  	-0.0095  	-0.5125  	0.39351  	0.21930  	0.08702  	-0.1840  	0.35679  	0.02713  	-0.0730  	0.00386  	0.00148  	0.03309  	-0.0840  	0.01799  	-0.0426  	-0.0288  	0.02043  	-0.0484  	-0.0335  	0.03323  	-0.0019  	-0.0234  	0.01733  	-0.0016  	-0.0027  	0.05581  	-0.0231  	0.14880  	-0.0095  	0.03107  	0.00427  	-0.0398  	0.10221  	
-0.5804  	-0.0443  	-0.6445  	-1.1285  	-0.4409  	-1.4973  	0.39138  	0.29894  	0.07804  	0.27500  	0.28841  	0.11749  	0.41970  	0.30208  	-0.0129  	0.45197  	-0.2095  	-0.0363  	0.01892  	0.25619  	-0.1508  	0.32486  	-0.6787  	0.32189  	0.86655  	-0.4414  	0.18577  	-0.2646  	0.21967  	0.51950  	0.17843  	0.04745  	-0.1414  	0.05139  	0.43814  	0.03449  	0.16478  	0.01098  	-0.5459  	0.38061  	0.19687  	0.07166  	-0.1873  	0.35928  	0.02443  	-0.0685  	0.01853  	0.00795  	0.04020  	-0.0906  	0.02258  	-0.0440  	-0.0416  	0.01505  	-0.0429  	-0.0370  	0.03769  	-0.0049  	-0.0158  	0.01421  	0.00695  	-0.0068  	0.05402  	-0.0232  	0.14880  	-0.0095  	0.03107  	0.00427  	-0.0398  	0.10221  	
-0.5312  	0.01100  	-0.5803  	-1.0695  	-0.4077  	-1.4924  	0.35847  	0.36574  	0.07550  	0.19397  	0.24086  	0.08784  	0.48959  	0.34340  	0.13884  	0.40103  	-0.1265  	-0.1946  	0.09925  	0.02160  	-0.0807  	0.11264  	-0.9491  	0.34261  	0.83280  	-0.3541  	0.17019  	-0.3331  	0.37638  	0.53533  	0.28047  	-0.0181  	-0.2445  	-0.1023  	0.37410  	0.00217  	0.06469  	0.00200  	-0.6480  	0.32049  	0.29222  	0.19269  	-0.3100  	0.44773  	-0.0273  	-0.0459  	-0.0025  	0.03512  	0.01555  	-0.1129  	0.02072  	-0.0462  	-0.0380  	0.04205  	-0.0406  	-0.0395  	0.03000  	-0.0184  	-0.0209  	0.03047  	0.01508  	-0.0126  	0.03704  	-0.0249  	0.14880  	-0.0095  	0.03107  	0.00427  	-0.0398  	0.10221  	
-0.5063  	0.03023  	-0.5389  	-0.9961  	-0.4051  	-1.4763  	0.31491  	0.37527  	0.04890  	0.16292  	0.18244  	0.07223  	0.52220  	0.28173  	0.25509  	0.34081  	-0.0358  	-0.3622  	0.17551  	-0.2447  	-0.0159  	-0.0661  	-1.1280  	0.35390  	0.82033  	-0.2640  	0.22596  	-0.4625  	0.43195  	0.53902  	0.36782  	-0.0603  	-0.3366  	-0.2392  	0.32767  	-0.0345  	0.01962  	0.00854  	-0.7469  	0.24653  	0.33395  	0.31234  	-0.4045  	0.49929  	-0.0712  	-0.0310  	-0.0264  	0.04352  	0.00057  	-0.1271  	0.02074  	-0.0440  	-0.0378  	0.04785  	-0.0360  	-0.0390  	0.02133  	-0.0232  	-0.0245  	0.03618  	0.01511  	-0.0172  	0.03137  	-0.0259  	0.14880  	-0.0095  	0.03107  	0.00427  	-0.0398  	0.10221  	
-0.4865  	0.06745  	-0.5075  	-0.9750  	-0.4456  	-1.4075  	0.25616  	0.38422  	0.05367  	0.09577  	0.05711  	0.01831  	0.53697  	0.23805  	0.33182  	0.33976  	0.01970  	-0.4179  	0.21749  	-0.3431  	-0.0533  	-0.1012  	-1.1159  	0.35498  	0.79672  	-0.2067  	0.25736  	-0.4614  	0.44633  	0.53767  	0.37048  	-0.0614  	-0.3434  	-0.2615  	0.29691  	-0.0564  	0.00161  	0.01913  	-0.7778  	0.20619  	0.33316  	0.35670  	-0.4195  	0.51299  	-0.1022  	-0.0236  	-0.0253  	0.04638  	0.00254  	-0.1275  	0.02578  	-0.0416  	-0.0359  	0.05001  	-0.0346  	-0.0325  	0.01346  	-0.0280  	-0.0170  	0.03272  	0.00905  	-0.0118  	0.03054  	-0.0304  	0.14880  	-0.0095  	0.03107  	0.00427  	-0.0398  	0.10221  	
-0.4592  	0.08711  	-0.4548  	-1.1113  	-0.5629  	-1.3193  	0.25827  	0.34173  	0.06691  	0.17222  	0.00620  	-0.0780  	0.48654  	0.11983  	0.26846  	0.36773  	0.03326  	-0.3425  	0.21072  	-0.3630  	-0.0014  	-0.0009  	-1.0283  	0.34399  	0.79206  	-0.2126  	0.22512  	-0.5882  	0.39693  	0.49323  	0.37842  	-0.0331  	-0.3691  	-0.2619  	0.23144  	-0.0411  	0.02702  	0.04758  	-0.7319  	0.22444  	0.40549  	0.29624  	-0.3600  	0.51838  	-0.0808  	-0.0308  	-0.0294  	0.03456  	0.01681  	-0.1186  	0.00959  	-0.0384  	-0.0358  	0.04468  	-0.0265  	-0.0500  	0.00741  	-0.0136  	-0.0318  	0.03369  	0.00909  	-0.0104  	0.04008  	-0.0195  	0.14880  	-0.0095  	0.03107  	0.00427  	-0.0398  	0.10221  	
-0.4861  	0.07389  	-0.4431  	-1.2736  	-0.6547  	-1.4135  	0.29919  	0.28515  	0.10087  	0.28391  	0.12569  	-0.0635  	0.40236  	0.16534  	0.07235  	0.39704  	-0.0917  	-0.2257  	0.17945  	-0.1399  	0.05168  	0.18434  	-0.7498  	0.32221  	0.78271  	-0.3177  	0.2608  	-0.5873  	0.26191  	0.48305  	0.33365  	-0.0071  	-0.2815  	-0.1365  	0.30434  	-0.0348  	0.16201  	0.05420  	-0.6813  	0.29740  	0.36867  	0.17402  	-0.2736  	0.44709  	-0.0354  	-0.0487  	-0.0129  	0.02239  	0.02456  	-0.1117  	0.01419  	-0.0474  	-0.0358  	0.02670  	-0.0402  	-0.0458  	0.01069  	-0.0020  	-0.0323  	0.02622  	0.00572  	-0.0075  	0.05260  	-0.0157  	0.14880  	-0.0095  	0.03107  	0.00427  	-0.0398  	0.10221  	
-0.6520  	-0.1060  	-0.5278  	-1.5357  	-0.7419  	-1.5724  	0.37382  	0.17935  	0.10484  	0.31852  	0.35182  	-0.0155  	0.32622  	0.16078  	-0.2663  	0.48387  	-0.1837  	-0.0631  	0.08337  	0.09092  	0.01208  	0.28633  	-0.5234  	0.41785  	0.76462  	-0.4020  	0.29188  	-0.5361  	0.05870  	0.43789  	0.24330  	0.05619  	-0.1949  	0.01589  	0.45257  	0.02143  	0.31796  	0.06554  	-0.6195  	0.34463  	0.24018  	0.05504  	-0.1544  	0.40232  	0.03028  	-0.0763  	0.01129  	0.00348  	0.02457  	-0.0772  	-0.0137  	-0.0544  	-0.0460  	0.01678  	-0.0444  	-0.0569  	0.02255  	0.01426  	-0.0432  	0.01347  	0.00485  	-0.0135  	0.06253  	-0.0158  	0.14880  	-0.0095  	0.03107  	0.00427  	-0.0398  	0.10221  	
-0.9511  	-0.1366  	-0.5920  	-2.0440  	-0.9221  	-1.7687  	0.31873  	0.07037  	0.08087  	0.44688  	0.60088  	-0.1490  	0.20599  	-0.1905  	-0.4865  	0.34124  	-0.1377  	-0.0541  	0.11491  	0.09352  	0.05110  	0.26195  	-0.4047  	0.42856  	0.65452  	-0.3660  	0.20788  	-0.5808  	-0.0547  	0.36176  	0.27475  	0.10091  	-0.1948  	0.01530  	0.36477  	0.04651  	0.33915  	0.11050  	-0.6456  	0.32029  	0.32783  	0.06312  	-0.1704  	0.35377  	0.00881  	-0.0719  	0.02492  	-0.0144  	0.01562  	-0.0840  	-0.0103  	-0.0395  	-0.0440  	0.02480  	-0.0474  	-0.0601  	0.02605  	0.01246  	-0.0330  	0.01235  	0.00349  	-0.0068  	0.06030  	-0.0163  	0.14880  	-0.0095  	0.03107  	0.00427  	-0.0398  	0.10221  	
-0.7223  	-0.1689  	-0.5308  	-1.8133  	-0.9510  	-1.5821  	0.32059  	0.05040  	0.03733  	0.39364  	0.55848  	-0.1752  	0.10993  	-0.3970  	-0.5872  	0.51596  	-0.1207  	-0.0029  	0.12346  	0.04741  	-0.0777  	0.26937  	-0.3629  	0.36097  	0.75576  	-0.3616  	0.23719  	-0.5362  	0.00869  	0.41903  	0.20975  	0.11643  	-0.2370  	-0.0030  	0.25732  	0.10006  	0.33541  	0.10657  	-0.6407  	0.32684  	0.35185  	0.03193  	-0.1369  	0.39681  	0.01437  	-0.0752  	0.02410  	-0.0129  	0.02392  	-0.0866  	-0.0023  	-0.0435  	-0.0261  	0.02048  	-0.0353  	-0.0582  	0.01931  	0.00869  	-0.0287  	0.01513  	-0.0074  	-0.0116  	0.07018  	-0.0142  	0.14880  	-0.0095  	0.03107  	0.00427  	-0.0398  	0.10221  	
-0.5349  	-0.0710  	-0.3967  	-1.6205  	-0.8243  	-1.5009  	0.32359  	0.10590  	0.06997  	0.46586  	0.43586  	-0.1148  	0.18240  	-0.2921  	-0.4555  	0.59610  	-0.1165  	-0.0148  	0.13081  	0.12091  	-0.1197  	0.28430  	-0.4428  	0.38761  	0.80028  	-0.4072  	0.24495  	-0.4953  	0.09679  	0.41774  	0.18141  	0.12526  	-0.2223  	-0.0048  	0.28782  	0.11990  	0.27272  	0.10605  	-0.5908  	0.37060  	0.32974  	0.03921  	-0.1211  	0.41406  	0.01769  	-0.0725  	0.01872  	0.01575  	0.04342  	-0.0972  	0.00491  	-0.0465  	-0.0283  	0.01383  	-0.0321  	-0.0580  	0.01423  	-0.0002  	-0.0301  	0.02513  	-0.0016  	-0.0209  	0.07408  	-0.0120  	0.14880  	-0.0095  	0.03107  	0.00427  	-0.0398  	0.10221  	
-0.5956  	-0.0936  	-0.4274  	-1.6777  	-0.8188  	-1.5087  	0.33223  	0.07509  	0.03879  	0.48801  	0.49069  	-0.1107  	0.16849  	-0.3546  	-0.5510  	0.64220  	-0.1763  	-0.0010  	0.13389  	0.09828  	-0.1434  	0.31222  	-0.4686  	0.34395  	0.86905  	-0.4092  	0.24644  	-0.4610  	0.11525  	0.45198  	0.19754  	0.13474  	-0.2561  	0.00027  	0.28658  	0.20437  	0.27175  	0.10789  	-0.5914  	0.32874  	0.32339  	0.04154  	-0.1221  	0.40488  	0.02657  	-0.0752  	0.01311  	0.00999  	0.04291  	-0.1026  	0.01882  	-0.0458  	-0.0155  	0.01244  	-0.0289  	-0.0592  	0.02160  	0.00432  	-0.0222  	0.02428  	-0.0038  	-0.0265  	0.07884  	-0.0134  	0.14880  	-0.0095  	0.03107  	0.00427  	-0.0398  	0.10221  	
-0.7408  	-0.1109  	-0.5141  	-1.7724  	-0.9129  	-1.4784  	0.30631  	0.05886  	-0.0008  	0.36816  	0.43889  	-0.2096  	0.11833  	-0.3597  	-0.5122  	0.52492  	-0.1078  	-0.0422  	0.12103  	0.06807  	-0.1007  	0.27114  	-0.4214  	0.39872  	0.88139  	-0.4006  	0.30724  	-0.5139  	0.08701  	0.45371  	0.18376  	0.14091  	-0.2689  	-0.0018  	0.29840  	0.19152  	0.31251  	0.11794  	-0.6065  	0.32421  	0.31929  	0.02156  	-0.1320  	0.40348  	0.01583  	-0.0754  	0.01416  	-0.0153  	0.02054  	-0.0921  	0.01714  	-0.0418  	-0.0225  	0.01445  	-0.0326  	-0.0590  	0.02591  	0.01164  	-0.0260  	0.01770  	-0.0052  	-0.0334  	0.08035  	-0.0118  	0.14880  	-0.0095  	0.03107  	0.00427  	-0.0398  	0.10221  	
-0.7333  	-0.1142  	-0.4844  	-1.8311  	-1.0090  	-1.4738  	0.29474  	0.07396  	0.03797  	0.32551  	0.44967  	-0.2344  	0.14496  	-0.3471  	-0.4896  	0.51059  	-0.0915  	-0.0599  	0.12217  	0.07547  	-0.0285  	0.26897  	-0.3271  	0.39097  	0.79646  	-0.3623  	0.26129  	-0.5561  	0.04241  	0.40479  	0.20608  	0.13108  	-0.2529  	-0.0026  	0.29232  	0.11614  	0.35654  	0.11933  	-0.6307  	0.29441  	0.34381  	0.04144  	-0.1258  	0.39454  	0.01739  	-0.0718  	0.02264  	-0.0167  	0.01543  	-0.0924  	0.00449  	-0.0474  	-0.0209  	0.01629  	-0.0341  	-0.0610  	0.02345  	0.00900  	-0.0249  	0.01419  	-0.0109  	-0.0187  	0.07252  	-0.0032  	0.14880  	-0.0095  	0.03107  	0.00427  	-0.0398  	0.10221  	
-0.7298  	-0.0902  	-0.4709  	-1.8585  	-0.9432  	-1.5069  	0.29879  	0.05663  	0.06074  	0.34055  	0.45943  	-0.2272  	0.16135  	-0.3094  	-0.4240  	0.46707  	-0.0963  	-0.0582  	0.12459  	0.05817  	-0.0219  	0.29267  	-0.3403  	0.34039  	0.75832  	-0.3713  	0.23189  	-0.5543  	0.02991  	0.39801  	0.21963  	0.12857  	-0.2258  	-0.0027  	0.26120  	0.09378  	0.33604  	0.13130  	-0.6347  	0.30675  	0.37288  	0.02790  	-0.1114  	0.38548  	0.00979  	-0.0791  	0.01712  	-0.0118  	0.01978  	-0.0923  	-0.0013  	-0.0435  	-0.0276  	0.02011  	-0.0389  	-0.0562  	0.01708  	0.00594  	-0.0226  	0.02057  	-0.0076  	-0.0161  	0.07632  	-0.0098  	0.14880  	-0.0095  	0.03107  	0.00427  	-0.0398  	0.10221  	
-0.6533  	-0.0805  	-0.4681  	-1.6566  	-0.8641  	-1.4659  	0.28193  	0.08701  	0.04560  	0.29925  	0.43676  	-0.1924  	0.18260  	-0.3191  	-0.3583  	0.50318  	-0.1186  	-0.0735  	0.13969  	0.11593  	-0.0100  	0.27453  	-0.3899  	0.37235  	0.84944  	-0.3861  	0.32147  	-0.5350  	0.02876  	0.45153  	0.19003  	0.13546  	-0.2377  	0.01322  	0.32902  	0.11215  	0.33344  	0.13649  	-0.6418  	0.30443  	0.29733  	0.04484  	-0.1451  	0.39989  	0.01146  	-0.0747  	0.01281  	0.00621  	0.02686  	-0.1051  	0.00521  	-0.0461  	-0.0201  	0.01822  	-0.0442  	-0.0506  	0.02827  	0.00635  	-0.0188  	0.02373  	-0.0048  	-0.0254  	0.08524  	-0.0144  	0.14880  	-0.0095  	0.03107  	0.00427  	-0.0398  	0.10221  	
-0.5912  	-0.0775  	-0.4783  	-1.4363  	-0.7041  	-1.3857  	0.28769  	0.20226  	0.05914  	0.26675  	0.37076  	-0.0724  	0.22587  	-0.1415  	-0.1906  	0.56293  	-0.1203  	-0.0569  	0.11375  	0.12894  	-0.0071  	0.28517  	-0.4677  	0.42157  	0.84595  	-0.3903  	0.29486  	-0.5174  	0.08366  	0.47500  	0.17967  	0.08861  	-0.2200  	0.01639  	0.37592  	0.04610  	0.27656  	0.10256  	-0.6152  	0.32988  	0.25798  	0.06184  	-0.1659  	0.36290  	0.02203  	-0.0739  	0.01675  	-0.0104  	0.03231  	-0.1104  	0.00330  	-0.0468  	-0.0311  	0.01121  	-0.0435  	-0.0541  	0.02716  	0.00276  	-0.0265  	0.02647  	-0.0099  	-0.0207  	0.07447  	-0.0131  	0.14880  	-0.0095  	0.03107  	0.00427  	-0.0398  	0.10221  	
-0.4254  	0.01759  	-0.4510  	-1.2725  	-0.6651  	-1.2750  	0.29763  	0.24515  	0.08874  	0.25290  	0.16167  	-0.0518  	0.30037  	0.07403  	0.03167  	0.49885  	-0.1349  	-0.0820  	0.10783  	0.07984  	-0.0119  	0.35608  	-0.4436  	0.33748  	0.87133  	-0.4046  	0.29631  	-0.4913  	0.11698  	0.51218  	0.19902  	0.08944  	-0.2152  	0.02052  	0.35028  	0.01151  	0.26202  	0.08666  	-0.5669  	0.33934  	0.25519  	0.03852  	-0.1097  	0.37709  	0.01927  	-0.0737  	0.01432  	0.00706  	0.03567  	-0.1024  	0.00972  	-0.0456  	-0.0255  	0.00973  	-0.0474  	-0.0492  	0.02304  	0.00503  	-0.0282  	0.02019  	-0.0091  	-0.0148  	0.07485  	-0.0113  	0.14880  	-0.0095  	0.03107  	0.00427  	-0.0398  	0.10221  	
-0.3585  	0.01604  	-0.4101  	-1.3143  	-0.6988  	-1.1950  	0.28054  	0.24223  	0.11311  	0.27474  	0.18171  	-0.0719  	0.30227  	0.06881  	0.01084  	0.52234  	-0.1265  	-0.0913  	0.13253  	0.02337  	0.01822  	0.38468  	-0.3972  	0.35947  	0.85716  	-0.4220  	0.27635  	-0.6020  	0.08518  	0.48306  	0.20891  	0.09621  	-0.2170  	0.01284  	0.36070  	-0.0208  	0.30736  	0.10784  	-0.5824  	0.32990  	0.29433  	0.01761  	-0.1039  	0.39894  	0.00592  	-0.0709  	0.01363  	0.01017  	0.03531  	-0.0899  	0.00329  	-0.0452  	-0.0283  	0.02086  	-0.0441  	-0.0505  	0.01821  	0.00049  	-0.0304  	0.02231  	-0.0132  	-0.0077  	0.06664  	-0.0167  	0.14880  	-0.0095  	0.03107  	0.00427  	-0.0398  	0.10221  	
-0.5492  	-0.0289  	-0.4048  	-1.7553  	-0.8676  	-1.4181  	0.35335  	0.12442  	0.05746  	0.33693  	0.48882  	-0.1266  	0.22210  	-0.1626  	-0.3699  	0.48080  	-0.1973  	-0.0312  	0.08330  	0.11182  	-0.0072  	0.30682  	-0.4260  	0.44164  	0.74150  	-0.3946  	0.20019  	-0.5679  	0.06214  	0.36633  	0.20851  	0.10135  	-0.1872  	0.01428  	0.33767  	0.03201  	0.30686  	0.11086  	-0.6132  	0.36537  	0.37140  	0.02874  	-0.1210  	0.39417  	0.00661  	-0.0722  	0.01559  	0.00135  	0.02841  	-0.0881  	0.01618  	-0.0450  	-0.0268  	0.00915  	-0.0443  	-0.0591  	0.02407  	0.00967  	-0.0283  	0.01895  	-0.0024  	-0.0134  	0.07254  	-0.0179  	0.14880  	-0.0095  	0.03107  	0.00427  	-0.0398  	0.10221  	
-0.8458  	-0.1787  	-0.5757  	-2.0323  	-1.0099  	-1.5472  	0.31272  	0.09883  	0.05449  	0.38418  	0.56970  	-0.2239  	0.15942  	-0.3118  	-0.5692  	0.42284  	-0.1384  	0.00729  	0.10797  	0.09995  	0.00961  	0.25240  	-0.3700  	0.39696  	0.74971  	-0.3728  	0.20401  	-0.5373  	0.04777  	0.34829  	0.24104  	0.08483  	-0.2144  	-0.0023  	0.28506  	0.06050  	0.26593  	0.10003  	-0.6016  	0.33382  	0.34646  	0.03660  	-0.1379  	0.38748  	0.02456  	-0.0728  	0.02305  	-0.0094  	0.01031  	-0.0874  	0.00651  	-0.0419  	-0.0253  	0.00755  	-0.0443  	-0.0644  	0.02330  	0.01116  	-0.0370  	0.01445  	-0.0010  	-0.0230  	0.07324  	-0.0065  	0.14880  	-0.0095  	0.03107  	0.00427  	-0.0398  	0.10221  	
-0.6923  	-0.1282  	-0.5577  	-1.7648  	-0.9506  	-1.6011  	0.28534  	0.06491  	0.02805  	0.42509  	0.63036  	-0.1643  	0.13883  	-0.4067  	-0.5931  	0.56219  	-0.1653  	-0.0416  	0.11109  	0.08847  	-0.0261  	0.24552  	-0.4011  	0.36434  	0.74380  	-0.3878  	0.25581  	-0.5499  	-0.0506  	0.40943  	0.22763  	0.13069  	-0.2284  	-0.0164  	0.32704  	0.09177  	0.35242  	0.09431  	-0.6359  	0.29770  	0.29082  	0.03081  	-0.1440  	0.38542  	0.02090  	-0.0700  	0.01567  	-0.0079  	0.02855  	-0.0834  	0.00505  	-0.0486  	-0.0251  	0.00975  	-0.0410  	-0.0497  	0.01890  	0.01306  	-0.0307  	0.00876  	-0.0095  	-0.0110  	0.07971  	-0.0124  	0.14880  	-0.0095  	0.03107  	0.00427  	-0.0398  	0.10221  	
-0.5810  	-0.1182  	-0.4306  	-1.6785  	-0.8472  	-1.5076  	0.28303  	0.10387  	0.01958  	0.51079  	0.60125  	-0.0871  	0.16503  	-0.4173  	-0.6834  	0.68689  	-0.1827  	-0.0113  	0.11776  	0.09801  	-0.0966  	0.24209  	-0.5057  	0.35817  	0.82503  	-0.4051  	0.26350  	-0.5202  	0.00110  	0.41521  	0.20685  	0.13601  	-0.2432  	-0.0246  	0.31979  	0.14290  	0.32295  	0.11716  	-0.5976  	0.31399  	0.31636  	0.04813  	-0.1310  	0.39376  	0.03304  	-0.0693  	0.01541  	0.00028  	0.03983  	-0.1021  	0.00551  	-0.0453  	-0.0206  	0.01222  	-0.0329  	-0.0625  	0.02280  	0.00453  	-0.0307  	0.01801  	-0.0079  	-0.0216  	0.08272  	-0.0104  	0.14880  	-0.0095  	0.03107  	0.00427  	-0.0398  	0.10221  	
-0.6428  	-0.1311  	-0.4638  	-1.7189  	-0.8433  	-1.4968  	0.28347  	0.06322  	0.02015  	0.47100  	0.53839  	-0.1387  	0.14439  	-0.4045  	-0.5789  	0.63831  	-0.1520  	-0.0533  	0.14110  	0.07840  	-0.0716  	0.27919  	-0.4530  	0.38929  	0.89027  	-0.4120  	0.29715  	-0.5051  	0.02040  	0.45369  	0.19385  	0.15102  	-0.2724  	-0.0133  	0.31398  	0.17991  	0.33816  	0.12760  	-0.6090  	0.31688  	0.29674  	0.03972  	-0.1321  	0.40471  	0.02122  	-0.0740  	0.01413  	0.00150  	0.03503  	-0.0987  	0.01474  	-0.0461  	-0.0216  	0.01702  	-0.0332  	-0.0589  	0.02288  	0.00902  	-0.0302  	0.02544  	-0.0054  	-0.0321  	0.08352  	-0.0135  	0.14880  	-0.0095  	0.03107  	0.00427  	-0.0398  	0.10221  	
-0.6244  	-0.1103  	-0.4714  	-1.6225  	-0.8288  	-1.4570  	0.28110  	0.03841  	-0.0184  	0.41581  	0.52838  	-0.1613  	0.09606  	-0.3889  	-0.5108  	0.60358  	-0.1184  	-0.0813  	0.13209  	0.06235  	-0.0673  	0.28976  	-0.4321  	0.41885  	0.86195  	-0.4142  	0.31615  	-0.5382  	0.01387  	0.45054  	0.18104  	0.13869  	-0.2871  	-0.0091  	0.33743  	0.18506  	0.35261  	0.12292  	-0.6250  	0.30004  	0.29470  	0.04106  	-0.1410  	0.38264  	0.02484  	-0.0696  	0.00478  	-0.0053  	0.03211  	-0.0874  	0.01683  	-0.0414  	-0.0201  	0.01632  	-0.0330  	-0.0553  	0.02403  	0.01132  	-0.0286  	0.01715  	-0.0104  	-0.0266  	0.08102  	-0.0182  	0.14880  	-0.0095  	0.03107  	0.00427  	-0.0398  	0.10221  	
-0.5720  	-0.1174  	-0.3855  	-1.6315  	-0.8144  	-1.4487  	0.29582  	0.09354  	-0.0034  	0.45098  	0.54869  	-0.1156  	0.13220  	-0.4046  	-0.5633  	0.70576  	-0.1540  	-0.0861  	0.16723  	0.05325  	-0.0611  	0.29796  	-0.4570  	0.43522  	0.89036  	-0.4290  	0.36672  	-0.5824  	-0.0205  	0.44676  	0.17819  	0.16032  	-0.2781  	-0.0271  	0.34211  	0.18456  	0.37179  	0.13693  	-0.6231  	0.31956  	0.28618  	0.06054  	-0.1456  	0.39509  	0.03161  	-0.0724  	0.00532  	-0.0007  	0.04236  	-0.0988  	0.01318  	-0.0459  	-0.0152  	0.01579  	-0.0316  	-0.0553  	0.02341  	0.00433  	-0.0305  	0.02374  	-0.0047  	-0.0267  	0.08500  	-0.0098  	0.14880  	-0.0095  	0.03107  	0.00427  	-0.0398  	0.10221  	
-0.6078  	-0.1251  	-0.4260  	-1.6446  	-0.8309  	-1.4373  	0.30400  	0.06947  	0.01800  	0.42226  	0.48142  	-0.1103  	0.11301  	-0.4130  	-0.5079  	0.66963  	-0.1271  	-0.0714  	0.14854  	0.07328  	-0.0593  	0.29872  	-0.4652  	0.43765  	0.91083  	-0.4183  	0.37351  	-0.5675  	0.00861  	0.45544  	0.17277  	0.17422  	-0.2650  	-0.0264  	0.33728  	0.19570  	0.35306  	0.12760  	-0.6231  	0.32854  	0.28940  	0.05620  	-0.1386  	0.40714  	0.01877  	-0.0711  	0.00943  	-0.0026  	0.03507  	-0.1033  	0.00962  	-0.0500  	-0.0267  	0.01585  	-0.0324  	-0.0547  	0.02779  	0.01211  	-0.0285  	0.02075  	-0.0051  	-0.0315  	0.08334  	-0.0127  	0.14880  	-0.0095  	0.03107  	0.00427  	-0.0398  	0.10221  	
-0.4423  	-0.0495  	-0.3549  	-1.4950  	-0.7745  	-1.3577  	0.27556  	0.18115  	0.05104  	0.33598  	0.28163  	-0.1329  	0.25756  	-0.0785  	-0.1308  	0.47991  	-0.1352  	-0.1449  	0.12848  	0.00451  	0.10499  	0.34494  	-0.3962  	0.49817  	0.81000  	-0.4363  	0.40104  	-0.7426  	-0.0661  	0.43450  	0.18094  	0.14560  	-0.2410  	0.00361  	0.47433  	0.04085  	0.41006  	0.11811  	-0.6690  	0.34683  	0.24829  	0.05262  	-0.1528  	0.39368  	0.02644  	-0.0756  	0.01606  	-0.0102  	0.03858  	-0.0908  	0.01436  	-0.0467  	-0.0241  	0.01320  	-0.0434  	-0.0495  	0.01624  	0.01145  	-0.0262  	0.02453  	-0.0044  	-0.0112  	0.07635  	-0.0151  	0.14880  	-0.0095  	0.03107  	0.00427  	-0.0398  	0.10221  	
-0.2743  	0.02269  	-0.3075  	-1.4284  	-0.7256  	-1.2616  	0.32716  	0.28014  	0.09864  	0.31380  	0.24117  	-0.1718  	0.32766  	0.09921  	0.08043  	0.43289  	-0.1392  	-0.1528  	0.11281  	-0.0157  	0.11869  	0.38514  	-0.3954  	0.45225  	0.80431  	-0.4255  	0.44332  	-0.7709  	-0.0527  	0.44825  	0.17863  	0.13987  	-0.2061  	-0.0059  	0.47871  	-0.0056  	0.41927  	0.12438  	-0.6651  	0.35984  	0.23999  	0.06605  	-0.1376  	0.40344  	0.01555  	-0.0772  	0.01141  	0.02308  	0.04475  	-0.0930  	0.00299  	-0.0472  	-0.0291  	0.01505  	-0.0364  	-0.0400  	0.01638  	-0.0056  	-0.0372  	0.02575  	-0.0019  	-0.0069  	0.06103  	-0.0154  	0.14880  	-0.0095  	0.03107  	0.00427  	-0.0398  	0.10221  	
-0.1653  	0.07147  	-0.2356  	-1.3933  	-0.7872  	-1.1288  	0.34181  	0.34425  	0.12812  	0.22010  	0.25760  	-0.1756  	0.32125  	0.21413  	0.08052  	0.48117  	-0.1140  	-0.1744  	0.10085  	-0.0748  	0.20105  	0.40309  	-0.3037  	0.45814  	0.79131  	-0.4240  	0.42009  	-0.8067  	-0.0729  	0.45073  	0.19610  	0.12106  	-0.2034  	-0.0053  	0.48579  	-0.0490  	0.41185  	0.11509  	-0.6455  	0.30168  	0.23414  	0.06324  	-0.1438  	0.39221  	0.00954  	-0.0677  	0.00668  	0.02758  	0.04852  	-0.0938  	0.01201  	-0.0438  	-0.0236  	0.01167  	-0.0469  	-0.0332  	0.00999  	0.00487  	-0.0323  	0.02177  	-0.0040  	-0.0054  	0.07238  	-0.0227  	0.14880  	-0.0095  	0.03107  	0.00427  	-0.0398  	0.10221  	
-0.1419  	0.06160  	-0.1653  	-1.4401  	-0.8215  	-1.1461  	0.34336  	0.37531  	0.14140  	0.23381  	0.33687  	-0.1745  	0.31068  	0.19897  	-0.0138  	0.52410  	-0.1239  	-0.1755  	0.10234  	-0.0818  	0.24781  	0.39913  	-0.2909  	0.46368  	0.79546  	-0.4381  	0.41214  	-0.8534  	-0.1200  	0.44132  	0.20558  	0.12552  	-0.1990  	-0.0063  	0.49396  	-0.0439  	0.46023  	0.12611  	-0.6515  	0.28948  	0.24040  	0.05723  	-0.1463  	0.38352  	0.01038  	-0.0665  	0.00372  	0.02926  	0.04628  	-0.0864  	0.01083  	-0.0460  	-0.0217  	0.01214  	-0.0455  	-0.0342  	0.01143  	0.00613  	-0.0353  	0.02429  	-0.0038  	-0.0027  	0.07346  	-0.0201  	0.14880  	-0.0095  	0.03107  	0.00427  	-0.0398  	0.10221  	
-0.1507  	0.06479  	-0.1521  	-1.4508  	-0.8125  	-1.1422  	0.35692  	0.38393  	0.14405  	0.23968  	0.34156  	-0.1805  	0.33064  	0.21242  	-0.0322  	0.55047  	-0.1224  	-0.1696  	0.10315  	-0.0796  	0.23136  	0.39221  	-0.3103  	0.43434  	0.82186  	-0.4438  	0.42312  	-0.8301  	-0.0962  	0.43853  	0.20597  	0.13168  	-0.1935  	-0.0068  	0.45170  	-0.0496  	0.45654  	0.13491  	-0.6365  	0.28329  	0.26118  	0.04241  	-0.1371  	0.38826  	0.01035  	-0.0676  	0.00402  	0.03103  	0.05149  	-0.0927  	0.00137  	-0.0447  	-0.0237  	0.01390  	-0.0405  	-0.0410  	0.00712  	0.00604  	-0.0318  	0.02123  	0.00038  	-0.0058  	0.07686  	-0.0207  	0.14880  	-0.0095  	0.03107  	0.00427  	-0.0398  	0.10221  	
-0.2055  	0.09056  	-0.3473  	-1.2448  	-0.6082  	-1.2180  	0.38657  	0.32002  	0.14164  	0.31605  	0.06644  	-0.2008  	0.43259  	0.34793  	0.13050  	0.43488  	-0.1454  	-0.1413  	0.10537  	-0.0168  	0.05765  	0.41126  	-0.4418  	0.38523  	0.98234  	-0.4370  	0.44718  	-0.6774  	0.13987  	0.53771  	0.18023  	0.06863  	-0.2099  	0.01658  	0.39210  	-0.0040  	0.30507  	0.07340  	-0.5574  	0.35355  	0.21980  	0.07003  	-0.1382  	0.39887  	0.01931  	-0.0605  	0.00250  	0.03514  	0.04756  	-0.0940  	0.01030  	-0.0427  	-0.0284  	0.01357  	-0.0406  	-0.0337  	0.00115  	0.00559  	-0.0244  	0.02415  	-0.0049  	-0.0065  	0.05888  	-0.0291  	0.14880  	-0.0095  	0.03107  	0.00427  	-0.0398  	0.10221  	
-0.2481  	0.07334  	-0.5312  	-0.8692  	-0.3931  	-1.2992  	0.35026  	0.27862  	0.12969  	0.28841  	-0.0379  	-0.0612  	0.44696  	0.51281  	0.34083  	0.37052  	-0.1901  	-0.1677  	0.05369  	0.03410  	-0.0472  	0.43121  	-0.5401  	0.42914  	1.01930  	-0.4513  	0.39173  	-0.5459  	0.21403  	0.58134  	0.14748  	0.03774  	-0.2024  	0.02249  	0.47457  	0.00963  	0.20138  	0.03193  	-0.5413  	0.39367  	0.11567  	0.10909  	-0.1924  	0.38573  	0.02067  	-0.0748  	0.00517  	0.00207  	0.04210  	-0.1025  	0.01644  	-0.0508  	-0.0320  	0.01001  	-0.0495  	-0.0379  	0.01606  	0.00207  	-0.0277  	0.02172  	0.00306  	-0.0050  	0.06326  	-0.0143  	0.14880  	-0.0095  	0.03107  	0.00427  	-0.0398  	0.10221  	
-0.4731  	-0.0249  	-0.6678  	-0.9471  	-0.3883  	-1.5801  	0.37299  	0.27718  	0.10428  	0.28666  	0.14308  	-0.0056  	0.39452  	0.34388  	0.14891  	0.39915  	-0.2029  	-0.1061  	0.03084  	0.14991  	-0.1292  	0.38013  	-0.6158  	0.42027  	0.89689  	-0.4253  	0.25965  	-0.4247  	0.18941  	0.51480  	0.14943  	0.05889  	-0.1659  	0.05696  	0.47569  	0.01790  	0.18335  	0.02963  	-0.5483  	0.42874  	0.16097  	0.08885  	-0.1935  	0.37088  	0.02537  	-0.0650  	0.01953  	0.00364  	0.03164  	-0.0967  	0.00330  	-0.0443  	-0.0375  	0.01969  	-0.0415  	-0.0470  	0.02188  	-0.0067  	-0.0205  	0.01905  	-0.0016  	-0.0020  	0.05246  	-0.0242  	0.14880  	-0.0095  	0.03107  	0.00427  	-0.0398  	0.10221  	
-0.6708  	-0.0903  	-0.6215  	-1.4626  	-0.6667  	-1.5881  	0.36800  	0.16315  	0.09177  	0.35836  	0.36060  	0.05043  	0.31436  	0.06516  	-0.2015  	0.47724  	-0.2012  	-0.0121  	0.05500  	0.16827  	-0.0684  	0.31199  	-0.5694  	0.43187  	0.72985  	-0.3939  	0.16835  	-0.4437  	0.08139  	0.43942  	0.19803  	0.08711  	-0.1724  	0.03913  	0.41812  	0.00837  	0.23414  	0.07581  	-0.5999  	0.37805  	0.24985  	0.06329  	-0.1825  	0.39245  	0.01638  	-0.0781  	0.00539  	0.00897  	0.02432  	-0.1010  	-0.0138  	-0.0480  	-0.0372  	0.02421  	-0.0493  	-0.0579  	0.02330  	0.00096  	-0.0336  	0.01451  	0.00434  	-0.0212  	0.05808  	-0.0172  	0.14880  	-0.0095  	0.03107  	0.00427  	-0.0398  	0.10221  	
-0.6724  	-0.0940  	-0.4776  	-1.7933  	-0.8511  	-1.5051  	0.34952  	0.14655  	0.10059  	0.34732  	0.43401  	-0.1036  	0.20060  	-0.2309  	-0.3673  	0.49400  	-0.1535  	0.01442  	0.13881  	0.10369  	-0.0112  	0.28234  	-0.4138  	0.39017  	0.72214  	-0.3943  	0.23572  	-0.5466  	0.02569  	0.38549  	0.23683  	0.11092  	-0.1952  	0.00399  	0.30577  	0.04813  	0.31652  	0.11174  	-0.6342  	0.32375  	0.30508  	0.03776  	-0.1166  	0.38750  	0.02248  	-0.0690  	0.01355  	-0.0084  	0.03206  	-0.0900  	-0.0014  	-0.0474  	-0.0295  	0.01793  	-0.0320  	-0.0484  	0.02036  	0.00117  	-0.0155  	0.02637  	0.00117  	-0.0083  	0.06417  	-0.0149  	0.14880  	-0.0095  	0.03107  	0.00427  	-0.0398  	0.10221  	
-0.6834  	-0.1242  	-0.4499  	-1.8061  	-0.9767  	-1.4381  	0.27777  	0.09990  	0.06998  	0.32443  	0.44325  	-0.1820  	0.15020  	-0.3221  	-0.3712  	0.44501  	-0.1113  	-0.0452  	0.13421  	0.06726  	0.00374  	0.29571  	-0.2853  	0.33871  	0.71267  	-0.3603  	0.21819  	-0.6079  	-0.0032  	0.39052  	0.23560  	0.10216  	-0.2109  	0.00810  	0.26527  	0.04452  	0.33241  	0.13559  	-0.6295  	0.31961  	0.37516  	0.01645  	-0.0946  	0.40661  	0.00966  	-0.0770  	0.01957  	-0.0171  	0.01188  	-0.0919  	-0.0054  	-0.0429  	-0.0244  	0.01678  	-0.0421  	-0.0616  	0.01812  	0.00150  	-0.0300  	0.02035  	-0.0016  	-0.0098  	0.07558  	-0.0121  	0.14880  	-0.0095  	0.03107  	0.00427  	-0.0398  	0.10221  	
-0.6823  	-0.0684  	-0.4733  	-1.7670  	-0.9605  	-1.4638  	0.25854  	0.10537  	0.07385  	0.33482  	0.40807  	-0.1566  	0.18729  	-0.3050  	-0.3843  	0.42571  	-0.0960  	-0.0602  	0.11821  	0.06107  	-0.0415  	0.29755  	-0.2860  	0.29299  	0.71343  	-0.3528  	0.16140  	-0.5511  	0.06806  	0.38724  	0.24290  	0.10185  	-0.1958  	0.01162  	0.21684  	0.04048  	0.30747  	0.13362  	-0.6022  	0.32419  	0.39644  	0.00030  	-0.0914  	0.41122  	0.00181  	-0.0761  	0.01834  	-0.0085  	0.01890  	-0.0937  	-0.0095  	-0.0452  	-0.0281  	0.01989  	-0.0421  	-0.0614  	0.01079  	0.00079  	-0.0308  	0.02137  	0.00301  	-0.0162  	0.07285  	-0.0143  	0.14880  	-0.0095  	0.03107  	0.00427  	-0.0398  	0.10221  	
-0.4233  	0.03329  	-0.2632  	-1.6732  	-0.9422  	-1.3663  	0.29797  	0.25507  	0.11954  	0.30787  	0.57152  	-0.1145  	0.18845  	-0.0937  	-0.3067  	0.55502  	-0.1483  	-0.0988  	0.11797  	0.01661  	0.19456  	0.29353  	-0.2925  	0.40260  	0.68081  	-0.3882  	0.28695  	-0.7350  	-0.1406  	0.36621  	0.22557  	0.14072  	-0.1767  	0.01093  	0.42461  	-0.0242  	0.50375  	0.18258  	-0.6636  	0.27518  	0.33103  	0.03844  	-0.1167  	0.39699  	0.01261  	-0.0676  	0.02394  	-0.0025  	0.01672  	-0.0803  	-0.0158  	-0.0441  	-0.0200  	0.02707  	-0.0377  	-0.0458  	0.01389  	0.00233  	-0.0311  	0.02263  	0.00657  	-0.0046  	0.06642  	-0.0124  	0.14880  	-0.0095  	0.03107  	0.00427  	-0.0398  	0.10221  	
-0.5230  	-0.0090  	-0.2932  	-1.7943  	-0.9946  	-1.4573  	0.27974  	0.19290  	0.11871  	0.43760  	0.56168  	-0.0579  	0.22489  	-0.1607  	-0.5184  	0.61562  	-0.1335  	-0.0214  	0.13255  	0.09152  	0.02869  	0.24263  	-0.3526  	0.32309  	0.67969  	-0.3698  	0.15369  	-0.5728  	-0.0236  	0.36857  	0.25865  	0.10493  	-0.1505  	0.00766  	0.29519  	0.02097  	0.34292  	0.13510  	-0.6056  	0.28570  	0.36713  	0.01676  	-0.0840  	0.38174  	0.00833  	-0.0630  	0.03350  	0.01022  	0.03032  	-0.0911  	-0.0008  	-0.0422  	-0.0302  	0.01198  	-0.0400  	-0.0639  	0.00950  	0.00343  	-0.0346  	0.01177  	0.00111  	-0.0151  	0.07861  	-0.0123  	0.14880  	-0.0095  	0.03107  	0.00427  	-0.0398  	0.10221  	
-0.6693  	-0.0826  	-0.4283  	-1.9477  	-1.0108  	-1.5642  	0.29143  	0.11006  	0.07487  	0.50242  	0.57482  	-0.1017  	0.20521  	-0.1681  	-0.6316  	0.51952  	-0.1540  	-0.0211  	0.12774  	0.09979  	-0.1168  	0.24756  	-0.3769  	0.29094  	0.72521  	-0.3683  	0.13054  	-0.4877  	0.06422  	0.38116  	0.26671  	0.10735  	-0.1823  	-0.0116  	0.24249  	0.09106  	0.31336  	0.10546  	-0.5939  	0.31315  	0.40378  	0.01990  	-0.0912  	0.38667  	0.00743  	-0.0695  	0.02764  	0.01995  	0.02568  	-0.0925  	0.00309  	-0.0456  	-0.0344  	0.01359  	-0.0403  	-0.0592  	0.01922  	-0.0055  	-0.0366  	0.01366  	0.00145  	-0.0085  	0.08101  	-0.0061  	0.14880  	-0.0095  	0.03107  	0.00427  	-0.0398  	0.10221  	
-0.9099  	-0.1239  	-0.5553  	-1.9948  	-1.0204  	-1.7053  	0.28744  	0.09646  	0.07373  	0.49992  	0.69390  	-0.1327  	0.16436  	-0.2047  	-0.6097  	0.45051  	-0.1715  	-0.0368  	0.12002  	0.10106  	-0.0196  	0.27463  	-0.4200  	0.38091  	0.76595  	-0.3904  	0.19772  	-0.5746  	0.02373  	0.38009  	0.24458  	0.11053  	-0.2043  	-0.0168  	0.28915  	0.12169  	0.32049  	0.10368  	-0.6364  	0.29022  	0.36569  	0.04184  	-0.1304  	0.36552  	0.01137  	-0.0735  	0.02358  	-0.0137  	0.03223  	-0.0872  	0.00621  	-0.0500  	-0.0273  	0.01708  	-0.0379  	-0.0594  	0.02582  	0.00548  	-0.0210  	0.02083  	-0.0037  	-0.0032  	0.07852  	-0.0055  	0.14880  	-0.0095  	0.03107  	0.00427  	-0.0398  	0.10221  	
-1.0382  	-0.1120  	-0.6130  	-2.0345  	-1.0636  	-1.8274  	0.20139  	0.15898  	-0.0032  	0.48853  	0.70398  	-0.1820  	0.18795  	-0.2720  	-0.4713  	0.23039  	-0.0609  	-0.2074  	0.19914  	-0.1731  	0.09304  	0.07793  	-0.6109  	0.35497  	0.66772  	-0.2600  	0.17155  	-0.7205  	0.07683  	0.35300  	0.37535  	0.03420  	-0.2978  	-0.1694  	0.20882  	0.06671  	0.24551  	0.10730  	-0.7157  	0.20236  	0.42523  	0.16820  	-0.2764  	0.44709  	-0.0379  	-0.0421  	-0.0048  	-0.0060  	-0.0044  	-0.0980  	-0.0075  	-0.0398  	-0.0242  	0.03699  	-0.0399  	-0.0687  	0.01755  	-0.0038  	-0.0262  	0.03236  	0.00400  	-0.0107  	0.04969  	-0.0116  	0.14880  	-0.0095  	0.03107  	0.00427  	-0.0398  	0.10221  	
-0.9873  	-0.1004  	-0.4777  	-2.0658  	-1.0650  	-1.6902  	0.20116  	0.20160  	0.00034  	0.38966  	0.66379  	-0.1848  	0.21299  	-0.4356  	-0.4728  	0.31073  	0.03545  	-0.3555  	0.26872  	-0.4379  	0.07935  	-0.1372  	-0.6849  	0.33690  	0.58668  	-0.1646  	0.17079  	-0.7604  	0.20093  	0.33888  	0.47285  	-0.0012  	-0.3972  	-0.3057  	0.09713  	0.02193  	0.19241  	0.12102  	-0.8291  	0.14285  	0.52099  	0.26566  	-0.3238  	0.54620  	-0.0940  	-0.0395  	-0.0157  	0.01686  	-0.0142  	-0.1060  	0.00036  	-0.0353  	-0.0272  	0.04907  	-0.0291  	-0.0650  	0.01100  	-0.0170  	-0.0296  	0.03432  	0.01190  	-0.0102  	0.04327  	-0.0132  	0.14880  	-0.0095  	0.03107  	0.00427  	-0.0398  	0.10221  	
-0.9080  	-0.0889  	-0.4378  	-1.9488  	-1.0206  	-1.6230  	0.22439  	0.19884  	0.01196  	0.34132  	0.54110  	-0.1340  	0.24696  	-0.4790  	-0.4188  	0.31147  	0.08020  	-0.3389  	0.27134  	-0.4794  	0.00568  	-0.1677  	-0.7573  	0.28510  	0.55695  	-0.1436  	0.11378  	-0.6761  	0.29259  	0.33203  	0.49565  	-0.0325  	-0.4195  	-0.3202  	0.01714  	0.01763  	0.08584  	0.10960  	-0.8195  	0.15457  	0.56975  	0.28100  	-0.3330  	0.57464  	-0.1135  	-0.0365  	-0.0271  	0.04569  	-0.0110  	-0.1120  	0.00221  	-0.0309  	-0.0306  	0.05210  	-0.0230  	-0.0678  	0.01149  	-0.0213  	-0.0261  	0.03602  	0.01312  	-0.0123  	0.03964  	-0.0087  	0.14880  	-0.0095  	0.03107  	0.00427  	-0.0398  	0.10221  	
-0.7672  	-0.0699  	-0.4318  	-1.7377  	-0.8635  	-1.6318  	0.22241  	0.22472  	0.03845  	0.36211  	0.44790  	-0.0049  	0.29167  	-0.3777  	-0.2954  	0.35144  	0.04338  	-0.2766  	0.23243  	-0.3801  	-0.0615  	-0.1175  	-0.7538  	0.29619  	0.52428  	-0.1510  	0.02366  	-0.5586  	0.32533  	0.33783  	0.47478  	-0.0285  	-0.3581  	-0.2587  	0.06256  	0.00637  	0.02704  	0.08678  	-0.7768  	0.19594  	0.55085  	0.24127  	-0.3067  	0.55524  	-0.1064  	-0.0384  	-0.0233  	0.04622  	-0.0154  	-0.1012  	0.00125  	-0.0347  	-0.0243  	0.04672  	-0.0269  	-0.0685  	0.01009  	-0.0172  	-0.0284  	0.03150  	0.00783  	-0.0078  	0.03535  	-0.0053  	0.14880  	-0.0095  	0.03107  	0.00427  	-0.0398  	0.10221  	
-0.8354  	-0.1073  	-0.5356  	-1.8040  	-0.8849  	-1.6768  	0.20769  	0.18023  	0.06186  	0.43622  	0.49080  	-0.0023  	0.28876  	-0.3131  	-0.3504  	0.39534  	-0.0513  	-0.1276  	0.18763  	-0.1659  	-0.1053  	0.04869  	-0.5818  	0.26475  	0.58221  	-0.2286  	0.03206  	-0.4813  	0.23945  	0.35723  	0.40099  	0.02062  	-0.2741  	-0.1328  	0.15079  	0.02619  	0.10855  	0.06595  	-0.6751  	0.24518  	0.47600  	0.14427  	-0.2313  	0.47232  	-0.0563  	-0.0519  	-0.0060  	0.02694  	0.01089  	-0.0975  	0.00313  	-0.0357  	-0.0280  	0.02767  	-0.0262  	-0.0607  	0.01010  	-0.0102  	-0.0270  	0.02267  	0.00900  	8.75724  	0.04900  	-0.0026  	0.14880  	-0.0095  	0.03107  	0.00427  	-0.0398  	0.10221  	
-0.7795  	-0.1227  	-0.5682  	-1.8874  	-0.9156  	-1.6573  	0.27622  	0.14172  	0.07593  	0.44468  	0.53333  	-0.0693  	0.23670  	-0.1665  	-0.4530  	0.43180  	-0.1543  	0.02785  	0.10396  	0.11493  	-0.1105  	0.27581  	-0.3869  	0.32330  	0.69669  	-0.3646  	0.12340  	-0.4798  	0.07029  	0.37461  	0.26123  	0.07100  	-0.1829  	0.01534  	0.27150  	0.06029  	0.23889  	0.09311  	-0.5940  	0.31983  	0.35209  	0.02196  	-0.1288  	0.38565  	0.00967  	-0.0721  	0.02384  	0.00279  	0.02592  	-0.0915  	-0.0011  	-0.0464  	-0.0286  	0.01275  	-0.0377  	-0.0595  	0.01675  	0.00615  	-0.0276  	0.01725  	0.00243  	-0.0042  	0.06667  	-0.0082  	0.14880  	-0.0095  	0.03107  	0.00427  	-0.0398  	0.10221  	
-0.9931  	-0.1442  	-0.6380  	-2.0823  	-1.0044  	-1.7566  	0.30741  	0.07173  	0.03633  	0.45773  	0.66119  	-0.1551  	0.14736  	-0.3474  	-0.6352  	0.39661  	-0.1572  	0.01701  	0.10794  	0.10691  	-0.1097  	0.27536  	-0.3258  	0.28076  	0.67898  	-0.3580  	0.10703  	-0.4624  	0.10653  	0.34773  	0.27027  	0.06249  	-0.2166  	0.00449  	0.22624  	0.08962  	0.27210  	0.09670  	-0.5916  	0.29031  	0.38661  	0.02948  	-0.1133  	0.38604  	0.01574  	-0.0786  	0.02130  	-0.0035  	0.02395  	-0.0950  	-0.0075  	-0.0468  	-0.0298  	0.01443  	-0.0386  	-0.0581  	0.01499  	0.00207  	-0.0305  	0.01626  	0.00703  	-0.0038  	0.07669  	-0.0113  	0.14880  	-0.0095  	0.03107  	0.00427  	-0.0398  	0.10221  	
-1.0272  	-0.1629  	-0.6364  	-2.1043  	-1.0553  	-1.7697  	0.28617  	0.04214  	0.03295  	0.47537  	0.68894  	-0.1743  	0.11083  	-0.4062  	-0.6762  	0.41925  	-0.1584  	0.00322  	0.11727  	0.08219  	-0.0787  	0.28461  	-0.3031  	0.28343  	0.64823  	-0.3420  	0.10589  	-0.4884  	0.07073  	0.34336  	0.27647  	0.07671  	-0.2273  	0.00782  	0.20078  	0.08921  	0.29025  	0.10868  	-0.5965  	0.28078  	0.40392  	0.02944  	-0.1087  	0.38678  	0.01487  	-0.0763  	0.02255  	-0.0121  	0.01688  	-0.0950  	-0.0093  	-0.0457  	-0.0277  	0.01083  	-0.0430  	-0.0582  	0.01100  	0.00064  	-0.0270  	0.01812  	0.00866  	-0.0061  	0.07555  	-0.0085  	0.14880  	-0.0095  	0.03107  	0.00427  	-0.0398  	0.10221  	
-1.0321  	-0.1720  	-0.6059  	-2.0861  	-1.0679  	-1.7849  	0.27819  	0.04618  	0.05130  	0.49148  	0.65736  	-0.1634  	0.10583  	-0.4021  	-0.6757  	0.41987  	-0.1476  	0.00268  	0.10920  	0.07437  	-0.0582  	0.26772  	-0.2914  	0.29687  	0.62781  	-0.3421  	0.11305  	-0.5344  	0.04767  	0.34319  	0.26482  	0.09020  	-0.2322  	0.00502  	0.21231  	0.06593  	0.29669  	0.12090  	-0.6126  	0.28235  	0.40994  	0.02628  	-0.1071  	0.39460  	0.02116  	-0.0739  	0.02454  	-0.0189  	0.01902  	-0.0958  	-0.0150  	-0.0447  	-0.0260  	0.01407  	-0.0385  	-0.0637  	0.00884  	0.00407  	-0.0262  	0.01461  	0.00552  	-0.0038  	0.07491  	-0.0089  	0.14880  	-0.0095  	0.03107  	0.00427  	-0.0398  	0.10221  	
-1.0154  	-0.1669  	-0.5740  	-2.1013  	-1.0772  	-1.7673  	0.27589  	0.05648  	0.05828  	0.47024  	0.63936  	-0.1687  	0.10391  	-0.3955  	-0.6797  	0.43437  	-0.1293  	0.00155  	0.11061  	0.08009  	-0.0542  	0.24819  	-0.2757  	0.29809  	0.61397  	-0.3380  	0.09753  	-0.5504  	0.04750  	0.33620  	0.27564  	0.08519  	-0.2231  	0.00944  	0.21404  	0.05188  	0.29633  	0.12507  	-0.6122  	0.27974  	0.41631  	0.02342  	-0.1066  	0.40258  	0.02322  	-0.0743  	0.02419  	-0.0222  	0.02339  	-0.0977  	-0.0168  	-0.0448  	-0.0253  	0.01509  	-0.0375  	-0.0647  	0.00890  	0.00539  	-0.0295  	0.01290  	0.00574  	-0.0042  	0.07844  	-0.0081  	0.14880  	-0.0095  	0.03107  	0.00427  	-0.0398  	0.10221  	
-0.9463  	-0.1488  	-0.5607  	-2.0402  	-1.0460  	-1.6869  	0.27527  	0.08617  	0.06505  	0.42080  	0.60112  	-0.1507  	0.13038  	-0.3493  	-0.5808  	0.43925  	-0.1174  	-0.0131  	0.11608  	0.07033  	-0.0446  	0.26208  	-0.2662  	0.29524  	0.62271  	-0.3430  	0.09679  	-0.5436  	0.06536  	0.34916  	0.27673  	0.07652  	-0.2148  	0.00840  	0.22211  	0.03815  	0.29984  	0.12544  	-0.6065  	0.28263  	0.40813  	0.02817  	-0.1051  	0.39935  	0.01533  	-0.0749  	0.02739  	-0.0183  	0.02655  	-0.0964  	-0.0124  	-0.0447  	-0.0253  	0.01659  	-0.0374  	-0.0662  	0.01369  	0.00770  	-0.0328  	0.01535  	0.00452  	-0.0043  	0.07846  	-0.0079  	0.14880  	-0.0095  	0.03107  	0.00427  	-0.0398  	0.10221  	
-0.7531  	-0.0521  	-0.4611  	-1.8640  	-0.9703  	-1.5606  	0.25872  	0.16733  	0.09396  	0.35191  	0.52956  	-0.0989  	0.18748  	-0.1930  	-0.3967  	0.46451  	-0.1123  	-0.0700  	0.11509  	0.05337  	0.02317  	0.29578  	-0.2767  	0.29804  	0.61237  	-0.3431  	0.11314  	-0.5677  	0.02162  	0.34905  	0.26404  	0.07609  	-0.1655  	0.01843  	0.26803  	-0.0077  	0.35725  	0.13480  	-0.6210  	0.27697  	0.39582  	0.02369  	-0.1064  	0.39546  	0.01007  	-0.0624  	0.02611  	-0.0163  	0.01075  	-0.0872  	-0.0142  	-0.0453  	-0.0303  	0.01686  	-0.0421  	-0.0606  	0.00909  	0.00230  	-0.0343  	0.01736  	0.00609  	-0.0029  	0.06755  	-0.0112  	0.14880  	-0.0095  	0.03107  	0.00427  	-0.0398  	0.10221  	
-0.5726  	0.01141  	-0.3758  	-1.769  	-0.9731  	-1.4721  	0.26590  	0.23741  	0.11670  	0.31061  	0.55715  	-0.1090  	0.21273  	-0.0455  	-0.2734  	0.49719  	-0.1372  	-0.1035  	0.10322  	0.02787  	0.16717  	0.28131  	-0.2874  	0.33429  	0.61150  	-0.3636  	0.18673  	-0.6745  	-0.0853  	0.34581  	0.26262  	0.08859  	-0.1564  	0.00688  	0.37294  	-0.0729  	0.42217  	0.15673  	-0.6721  	0.26494  	0.36638  	0.02528  	-0.1133  	0.38775  	0.00728  	-0.0666  	0.03313  	-0.0166  	0.01200  	-0.0801  	-0.0129  	-0.0434  	-0.0248  	0.01619  	-0.0443  	-0.0591  	0.00704  	-0.0018  	-0.0382  	0.01729  	0.00672  	0.00205  	0.07562  	-0.0110  	0.14880  	-0.0095  	0.03107  	0.00427  	-0.0398  	0.10221  	
-0.3103  	0.09290  	-0.2296  	-1.6440  	-0.9768  	-1.3092  	0.29021  	0.34626  	0.18666  	0.23219  	0.61186  	-0.0952  	0.22850  	0.06073  	-0.1683  	0.57547  	-0.1191  	-0.1715  	0.10203  	-0.0626  	0.37229  	0.30542  	-0.2423  	0.44855  	0.60544  	-0.3942  	0.33354  	-0.8851  	-0.2777  	0.34331  	0.22683  	0.14050  	-0.1563  	-0.0138  	0.48652  	-0.1349  	0.55960  	0.20390  	-0.7364  	0.22400  	0.30362  	0.02259  	-0.1301  	0.38350  	0.00468  	-0.0675  	0.02139  	-0.0105  	0.02026  	-0.0725  	-0.0143  	-0.0441  	-0.0235  	0.02262  	-0.0463  	-0.0443  	0.00177  	0.00165  	-0.0351  	0.01799  	0.00712  	0.00493  	0.06612  	-0.0189  	0.14880  	-0.0095  	0.03107  	0.00427  	-0.0398  	0.10221  	
-0.2279  	0.09690  	-0.1730  	-1.6458  	-0.9923  	-1.2453  	0.30004  	0.38508  	0.20256  	0.20329  	0.61569  	-0.0847  	0.23326  	0.09001  	-0.1074  	0.61342  	-0.1012  	-0.1955  	0.11714  	-0.0983  	0.40537  	0.32739  	-0.2111  	0.49671  	0.63453  	-0.4042  	0.40324  	-0.9503  	-0.3237  	0.35610  	0.22702  	0.15683  	-0.1611  	-0.0146  	0.51085  	-0.1348  	0.61877  	0.21770  	-0.7341  	0.21367  	0.28072  	0.03142  	-0.1189  	0.38060  	0.00334  	-0.0700  	0.01902  	0.00154  	0.03041  	-0.0829  	-0.0181  	-0.0415  	-0.0236  	0.02742  	-0.0446  	-0.0400  	0.00061  	0.00310  	-0.0368  	0.02731  	0.00630  	-0.0015  	0.07055  	-0.0137  	0.14880  	-0.0095  	0.03107  	0.00427  	-0.0398  	0.10221  	
-0.2346  	0.08165  	-0.1781  	-1.6348  	-0.9658  	-1.2535  	0.31008  	0.36704  	0.20286  	0.24793  	0.62963  	-0.0610  	0.23043  	0.06616  	-0.1711  	0.62873  	-0.0973  	-0.1778  	0.10787  	-0.0477  	0.36777  	0.30306  	-0.2445  	0.47862  	0.64680  	-0.3988  	0.37600  	-0.8932  	-0.2894  	0.35072  	0.22826  	0.15240  	-0.1496  	-0.0120  	0.48269  	-0.1135  	0.58717  	0.20761  	-0.7181  	0.21924  	0.28851  	0.02691  	-0.1110  	0.38193  	0.00810  	-0.0683  	0.02124  	0.00335  	0.03110  	-0.0811  	-0.0174  	-0.0411  	-0.0247  	0.02520  	-0.0428  	-0.0440  	0.00154  	0.00196  	-0.0361  	0.02412  	0.00643  	-0.0043  	0.07284  	-0.0147  	0.14880  	-0.0095  	0.03107  	0.00427  	-0.0398  	0.10221  	
-0.2537  	0.03881  	-0.2560  	-1.6578  	-0.9298  	-1.3088  	0.31603  	0.27916  	0.14399  	0.34659  	0.43913  	-0.1591  	0.36650  	0.18893  	-0.2416  	0.57022  	-0.1154  	-0.1194  	0.09858  	-0.0015  	0.16656  	0.29510  	-0.3773  	0.45628  	0.76464  	-0.4078  	0.34207  	-0.7637  	-0.1168  	0.43091  	0.24598  	0.14476  	-0.1685  	-0.0069  	0.41497  	-0.0638  	0.42987  	0.14459  	-0.6344  	0.25720  	0.31377  	0.02876  	-0.1100  	0.37575  	-0.0072  	-0.0649  	0.01517  	0.03149  	0.03954  	-0.0777  	-0.0166  	-0.0465  	-0.0273  	0.02157  	-0.0461  	-0.0478  	0.00090  	-0.0059  	-0.0412  	0.02224  	0.01249  	-0.0054  	0.07413  	-0.0159  	0.14880  	-0.0095  	0.03107  	0.00427  	-0.0398  	0.10221  	
-0.6503  	-0.0798  	-0.5687  	-1.7071  	-0.8411  	-1.6280  	0.32792  	0.20969  	0.11769  	0.44133  	0.61159  	-0.0816  	0.28059  	0.05368  	-0.4396  	0.51980  	-0.1945  	-0.0260  	0.07119  	0.09551  	0.09471  	0.28590  	-0.4492  	0.44140  	0.65631  	-0.3623  	0.16511  	-0.6219  	-0.0713  	0.35747  	0.22331  	0.08031  	-0.1624  	0.00112  	0.43847  	-0.0264  	0.37631  	0.09427  	-0.6507  	0.32299  	0.31569  	0.04587  	-0.1219  	0.36995  	0.02110  	-0.0660  	0.02504  	-0.0020  	0.03297  	-0.0803  	-0.0085  	-0.0465  	-0.0275  	0.02269  	-0.0475  	-0.0522  	0.01284  	-0.0050  	-0.0228  	0.02753  	-0.0033  	0.00115  	0.05921  	-0.0135  	0.14880  	-0.0095  	0.03107  	0.00427  	-0.0398  	0.10221  	
-0.8918  	-0.1454  	-0.7521  	-1.9467  	-0.9087  	-1.7627  	0.28165  	0.11841  	0.05407  	0.45980  	0.73488  	-0.0810  	0.18374  	-0.2929  	-0.6640  	0.41295  	-0.2159  	-0.0221  	0.08103  	0.13588  	0.03410  	0.26350  	-0.4315  	0.39562  	0.58388  	-0.3536  	0.07809  	-0.5525  	-0.0398  	0.33272  	0.22352  	0.07074  	-0.1634  	0.01397  	0.32013  	0.03225  	0.29920  	0.06929  	-0.6091  	0.32346  	0.31215  	0.06565  	-0.1657  	0.35877  	0.00999  	-0.0655  	0.03042  	-0.0136  	0.04844  	-0.1022  	0.00350  	-0.0502  	-0.0386  	0.01477  	-0.0479  	-0.0604  	0.01411  	0.01008  	-0.0279  	0.01772  	0.00064  	-0.0140  	0.05825  	-0.0183  	0.14880  	-0.0095  	0.03107  	0.00427  	-0.0398  	0.10221  	
-1.1849  	-0.2544  	-0.7861  	-2.1942  	-1.0112  	-1.8812  	0.29414  	0.05215  	0.02349  	0.48186  	0.77925  	-0.1808  	0.14032  	-0.3556  	-0.8125  	0.38650  	-0.1773  	-0.0123  	0.08255  	0.11428  	-0.0124  	0.25638  	-0.3709  	0.34912  	0.59046  	-0.3312  	0.07359  	-0.5209  	-0.0015  	0.32474  	0.25870  	0.07619  	-0.1892  	0.00159  	0.30205  	0.04868  	0.25704  	0.07460  	-0.5956  	0.29285  	0.32724  	0.05242  	-0.1773  	0.35546  	0.01296  	-0.0822  	0.02810  	0.00722  	0.02697  	-0.0834  	-0.0005  	-0.0508  	-0.0333  	0.02331  	-0.0457  	-0.0569  	0.02025  	-0.0023  	-0.0336  	0.02503  	0.00510  	-0.0110  	0.07296  	-0.0111  	0.14880  	-0.0095  	0.03107  	0.00427  	-0.0398  	0.10221  	
-1.1728  	-0.2654  	-0.7426  	-2.0758  	-0.9504  	-1.8860  	0.29779  	0.09988  	0.03758  	0.51364  	0.77495  	-0.1252  	0.15641  	-0.2931  	-0.7772  	0.40606  	-0.2037  	-0.0107  	0.08109  	0.14942  	-0.0643  	0.23310  	-0.4074  	0.36183  	0.60534  	-0.3285  	0.04516  	-0.4788  	0.03759  	0.33465  	0.24504  	0.06591  	-0.1796  	0.01110  	0.27833  	0.04317  	0.24308  	0.06546  	-0.5845  	0.29484  	0.32971  	0.04835  	-0.1666  	0.37685  	0.01184  	-0.0791  	0.02820  	0.00729  	0.02960  	-0.0845  	-0.0091  	-0.0552  	-0.0296  	0.02247  	-0.0447  	-0.0625  	0.01740  	0.00012  	-0.0325  	0.02492  	0.00932  	-0.0133  	0.07308  	-0.0104  	0.14880  	-0.0095  	0.03107  	0.00427  	-0.0398  	0.10221  	
-1.1311  	-0.2128  	-0.7120  	-2.0475  	-0.9466  	-1.8232  	0.28293  	0.14494  	0.05575  	0.52963  	0.74085  	-0.0979  	0.15685  	-0.2256  	-0.6944  	0.37667  	-0.1793  	-0.0528  	0.11609  	0.15624  	-0.0259  	0.24657  	-0.3805  	0.37798  	0.61209  	-0.3341  	0.08377  	-0.4546  	0.03183  	0.33991  	0.24056  	0.06275  	-0.1802  	0.02162  	0.28620  	0.01617  	0.26218  	0.07271  	-0.5956  	0.28659  	0.32327  	0.03678  	-0.1605  	0.37697  	0.01774  	-0.0787  	0.02852  	0.00150  	0.01614  	-0.0891  	-0.0140  	-0.0501  	-0.0247  	0.02364  	-0.0449  	-0.0647  	0.01970  	0.00043  	-0.0295  	0.03086  	0.00830  	-0.0106  	0.06732  	-0.0109  	0.14880  	-0.0095  	0.03107  	0.00427  	-0.0398  	0.10221  	
-0.9911  	-0.1245  	-0.6117  	-2.0685  	-0.9986  	-1.7615  	0.28926  	0.17126  	0.06982  	0.47337  	0.68165  	-0.1309  	0.21632  	-0.1302  	-0.5099  	0.33439  	-0.1357  	-0.0763  	0.11086  	0.09015  	0.04292  	0.25535  	-0.3401  	0.39236  	0.66637  	-0.3514  	0.19399  	-0.6043  	0.00290  	0.36225  	0.26376  	0.05810  	-0.1685  	0.00549  	0.28683  	-0.0014  	0.32661  	0.09384  	-0.6206  	0.30473  	0.32656  	0.03831  	-0.1571  	0.36166  	0.02994  	-0.0796  	0.02215  	-0.0098  	0.01602  	-0.0949  	-0.0134  	-0.0450  	-0.0330  	0.01994  	-0.0463  	-0.0614  	0.01613  	-0.0059  	-0.0297  	0.02086  	0.00535  	-0.0017  	0.07366  	-0.0107  	0.14880  	-0.0095  	0.03107  	0.00427  	-0.0398  	0.10221  	
-0.6821  	-0.0735  	-0.4035  	-1.9459  	-1.0145  	-1.5567  	0.26300  	0.19317  	0.07366  	0.39714  	0.58647  	-0.1204  	0.19117  	-0.1669  	-0.5206  	0.47090  	-0.1256  	-0.0653  	0.13181  	0.06451  	0.09770  	0.24923  	-0.2585  	0.39091  	0.66691  	-0.3806  	0.21348  	-0.6211  	-0.0150  	0.37276  	0.24781  	0.08617  	-0.2056  	-0.0036  	0.27579  	0.00489  	0.36820  	0.12161  	-0.6261  	0.27980  	0.37119  	0.00652  	-0.1238  	0.39523  	0.00623  	-0.0753  	0.02556  	-0.0022  	0.01710  	-0.1027  	-0.0028  	-0.0468  	-0.0365  	0.01574  	-0.0422  	-0.0587  	0.02389  	0.00362  	-0.0298  	0.00585  	0.00486  	-0.0146  	0.06596  	-0.0112  	0.14880  	-0.0095  	0.03107  	0.00427  	-0.0398  	0.10221  	
-0.5622  	-0.0093  	-0.3465  	-1.8421  	-0.9873  	-1.4084  	0.22479  	0.20949  	0.07457  	0.36583  	0.52832  	-0.0834  	0.19491  	-0.2774  	-0.5436  	0.57547  	-0.1093  	-0.0625  	0.16121  	0.09527  	0.11099  	0.25492  	-0.3185  	0.37124  	0.67429  	-0.3883  	0.20611  	-0.6588  	-0.0542  	0.34426  	0.24370  	0.10670  	-0.1876  	0.00233  	0.29825  	0.01173  	0.39591  	0.15276  	-0.6175  	0.30971  	0.36697  	-0.0004  	-0.0913  	0.40053  	0.01620  	-0.0699  	0.01713  	-0.0042  	0.02657  	-0.0916  	-0.0042  	-0.0423  	-0.0351  	0.01100  	-0.0444  	-0.0519  	0.00649  	-0.0007  	-0.0368  	0.01523  	-0.0036  	-0.0127  	0.07029  	-0.0116  	0.14880  	-0.0095  	0.03107  	0.00427  	-0.0398  	0.10221  	
-0.5694  	-0.0429  	-0.3983  	-1.7484  	-0.9078  	-1.4810  	0.28844  	0.14658  	0.08053  	0.46296  	0.52956  	-0.1148  	0.17802  	-0.2882  	-0.5571  	0.58273  	-0.1353  	-0.0189  	0.11218  	0.11424  	-0.0382  	0.27361  	-0.4049  	0.33199  	0.75845  	-0.3905  	0.22992  	-0.5240  	0.07274  	0.40607  	0.22079  	0.10730  	-0.2201  	0.00974  	0.30066  	0.11713  	0.31128  	0.11026  	-0.5912  	0.32020  	0.33145  	0.02685  	-0.1108  	0.39778  	0.01398  	-0.0731  	0.02274  	0.00977  	0.03496  	-0.0990  	0.00799  	-0.0488  	-0.0281  	0.01243  	-0.0367  	-0.0549  	0.01489  	0.00592  	-0.0287  	0.01910  	-0.0031  	-0.0210  	0.07679  	-0.0110  	0.14880  	-0.0095  	0.03107  	0.00427  	-0.0398  	0.10221  	
-0.6301  	-0.0856  	-0.4609  	-1.6976  	-0.8643  	-1.4821  	0.30175  	0.06331  	0.02581  	0.37371  	0.48990  	-0.1485  	0.13757  	-0.3869  	-0.5425  	0.61906  	-0.1390  	-0.0853  	0.13219  	0.10990  	-0.0767  	0.22040  	-0.4674  	0.36904  	0.87555  	-0.4096  	0.28437  	-0.5220  	0.03344  	0.44904  	0.18166  	0.15341  	-0.2572  	-0.0161  	0.33083  	0.15506  	0.31864  	0.12621  	-0.6130  	0.33307  	0.31994  	0.05071  	-0.1309  	0.39691  	0.01865  	-0.0712  	0.01061  	0.01095  	0.03867  	-0.0988  	0.01436  	-0.0461  	-0.0272  	0.01786  	-0.0334  	-0.0530  	0.02795  	0.00645  	-0.0283  	0.01988  	-0.0089  	-0.0247  	0.08691  	-0.0147  	0.14880  	-0.0095  	0.03107  	0.00427  	-0.0398  	0.10221  	
-0.5228  	-0.0828  	-0.4321  	-1.4752  	-0.7749  	-1.3959  	0.27289  	0.11203  	0.03693  	0.33177  	0.42319  	-0.1148  	0.19846  	-0.1809  	-0.3684  	0.55566  	-0.1445  	-0.1141  	0.10931  	0.11303  	-0.0426  	0.31235  	-0.5176  	0.46489  	0.89780  	-0.4057  	0.35395  	-0.5663  	0.04316  	0.49708  	0.15514  	0.13204  	-0.2415  	-0.0008  	0.39659  	0.11552  	0.31986  	0.09968  	-0.6182  	0.33059  	0.25754  	0.06834  	-0.1402  	0.38393  	0.03049  	-0.0690  	0.00307  	-0.0015  	0.03374  	-0.1109  	0.01513  	-0.0464  	-0.0206  	0.01292  	-0.0515  	-0.0452  	0.02422  	0.00049  	-0.0265  	0.03020  	-0.0071  	-0.0251  	0.06278  	-0.0147  	0.14880  	-0.0095  	0.03107  	0.00427  	-0.0398  	0.10221  	
-0.3642  	-0.0213  	-0.4644  	-1.2993  	-0.5992  	-1.3764  	0.29959  	0.18545  	0.05206  	0.32989  	0.20122  	-0.0684  	0.29220  	0.01245  	-0.0096  	0.47502  	-0.1696  	-0.1574  	0.10279  	0.05384  	-0.0054  	0.37181  	-0.5092  	0.41818  	0.86711  	-0.4059  	0.36214  	-0.5667  	0.01762  	0.49287  	0.21472  	0.12203  	-0.2019  	0.00982  	0.45507  	0.03017  	0.30976  	0.07342  	-0.6284  	0.35557  	0.22361  	0.06409  	-0.1589  	0.40111  	0.01684  	-0.0690  	0.01361  	-0.0032  	0.03930  	-0.0956  	0.01342  	-0.0460  	-0.0256  	0.01209  	-0.0511  	-0.0569  	0.02234  	0.00478  	-0.0309  	0.02635  	-0.0063  	-0.0118  	0.07107  	-0.0173  	0.14880  	-0.0095  	0.03107  	0.00427  	-0.0398  	0.10221  	
-0.2645  	0.03494  	-0.3403  	-1.3455  	-0.6800  	-1.2157  	0.30708  	0.28897  	0.10715  	0.28947  	0.16117  	-0.1618  	0.34813  	0.19810  	0.18236  	0.43386  	-0.1442  	-0.1546  	0.10043  	-0.0220  	0.10832  	0.42089  	-0.3972  	0.43984  	0.84548  	-0.4279  	0.43621  	-0.7475  	-0.0083  	0.46995  	0.19388  	0.12119  	-0.1862  	0.00832  	0.48215  	-0.0137  	0.37490  	0.11352  	-0.6477  	0.35350  	0.22134  	0.06002  	-0.1496  	0.38905  	0.01070  	-0.0704  	0.01524  	0.02784  	0.04642  	-0.0949  	0.00669  	-0.0466  	-0.0307  	0.01666  	-0.0393  	-0.0373  	0.01407  	-0.0020  	-0.0295  	0.02512  	-0.0034  	-0.0053  	0.06242  	-0.0195  	0.14880  	-0.0095  	0.03107  	0.00427  	-0.0398  	0.10221  	
-0.0688  	0.06042  	-0.2087  	-1.2563  	-0.6759  	-1.1105  	0.37094  	0.23958  	0.12099  	0.34707  	0.00245  	-0.2903  	0.40857  	0.35820  	0.23753  	0.31391  	-0.1065  	-0.1685  	0.08444  	-0.1568  	0.02086  	0.44734  	-0.3333  	0.45151  	0.86225  	-0.4366  	0.43778  	-0.7900  	0.11542  	0.52947  	0.20176  	0.09766  	-0.2238  	0.00829  	0.41539  	-0.0178  	0.31244  	0.05373  	-0.5678  	0.37007  	0.25297  	0.05428  	-0.1288  	0.40460  	0.01101  	-0.0660  	0.00141  	0.03572  	0.05574  	-0.0962  	0.00290  	-0.0416  	-0.0254  	0.00779  	-0.0420  	-0.0354  	0.00152  	0.00210  	-0.0365  	0.02319  	-0.0003  	-0.0071  	0.06060  	-0.0235  	0.14880  	-0.0095  	0.03107  	0.00427  	-0.0398  	0.10221  	
-0.1695  	0.08521  	-0.3337  	-1.4045  	-0.7063  	-1.2878  	0.36488  	0.25790  	0.11967  	0.39706  	0.03348  	-0.3576  	0.41524  	0.24175  	0.10868  	0.30457  	-0.0869  	-0.2160  	0.10075  	-0.1050  	-0.0018  	0.48834  	-0.3181  	0.45654  	1.02550  	-0.4301  	0.51536  	-0.7701  	0.09553  	0.53957  	0.20038  	0.09885  	-0.2488  	-0.0080  	0.35054  	-0.0142  	0.32955  	0.07706  	-0.5420  	0.36793  	0.23057  	0.04666  	-0.1221  	0.41186  	-0.0049  	-0.0784  	0.00330  	0.03922  	0.05701  	-0.0878  	0.00420  	-0.0447  	-0.0330  	0.02181  	-0.0388  	-0.0464  	-0.0038  	-0.0060  	-0.0329  	0.03433  	0.00083  	-0.0072  	0.07039  	-0.0211  	0.14880  	-0.0095  	0.03107  	0.00427  	-0.0398  	0.10221  	
-0.3127  	0.03279  	-0.4541  	-1.2213  	-0.5966  	-1.3622  	0.36694  	0.28268  	0.08480  	0.32099  	0.20793  	-0.0343  	0.36042  	0.20014  	0.12494  	0.43227  	-0.1387  	-0.1546  	0.08667  	-0.0127  	0.00282  	0.44656  	-0.3911  	0.42337  	0.84976  	-0.4008  	0.39010  	-0.6283  	0.05493  	0.48512  	0.19104  	0.08864  	-0.1948  	0.00655  	0.42128  	-0.0243  	0.31044  	0.08171  	-0.5829  	0.34877  	0.23108  	0.07115  	-0.1446  	0.38997  	0.01328  	-0.0709  	0.01029  	0.01456  	0.05422  	-0.0997  	-0.0037  	-0.0518  	-0.0361  	0.00246  	-0.0445  	-0.0505  	0.02402  	-0.0008  	-0.0278  	0.00999  	0.00082  	0.00056  	0.07491  	-0.0210  	0.14880  	-0.0095  	0.03107  	0.00427  	-0.0398  	0.10221  	
-0.5168  	-0.0771  	-0.4841  	-1.4228  	-0.6955  	-1.4882  	0.34538  	0.20745  	0.11249  	0.31970  	0.27963  	0.00203  	0.31482  	0.07862  	-0.0950  	0.51585  	-0.1565  	-0.0724  	0.08791  	0.04386  	0.04043  	0.34710  	-0.4530  	0.43549  	0.77651  	-0.4074  	0.28234  	-0.5694  	0.03482  	0.42968  	0.22112  	0.08233  	-0.1886  	0.02690  	0.42634  	-0.0094  	0.33148  	0.09185  	-0.6094  	0.35533  	0.25953  	0.04914  	-0.1443  	0.38544  	0.00732  	-0.0695  	0.01313  	-0.0122  	0.03796  	-0.0987  	-0.0026  	-0.0573  	-0.0336  	0.01721  	-0.0379  	-0.0514  	0.01995  	0.00288  	-0.0229  	0.02652  	0.00367  	0.00301  	0.06617  	-0.0088  	0.14880  	-0.0095  	0.03107  	0.00427  	-0.0398  	0.10221  	
-0.7546  	-0.0785  	-0.4889  	-1.9201  	-0.8997  	-1.5721  	0.32094  	0.11418  	0.07977  	0.38902  	0.50227  	-0.1425  	0.14002  	-0.2670  	-0.4188  	0.48212  	-0.1251  	-0.0102  	0.14196  	0.08253  	0.05353  	0.27870  	-0.3645  	0.40918  	0.75201  	-0.3721  	0.23272  	-0.6144  	-0.0141  	0.36722  	0.24228  	0.08779  	-0.2277  	-0.0091  	0.31642  	0.05141  	0.37128  	0.10789  	-0.6322  	0.32447  	0.31533  	0.03951  	-0.1380  	0.38477  	0.02102  	-0.0711  	0.01460  	-0.0085  	0.01998  	-0.0861  	-0.0055  	-0.0492  	-0.0279  	0.02323  	-0.0354  	-0.0578  	0.01916  	-0.0048  	-0.0257  	0.02414  	0.00189  	-0.0052  	0.06653  	-0.0062  	0.14880  	-0.0095  	0.03107  	0.00427  	-0.0398  	0.10221  	
-0.7480  	-0.1086  	-0.4509  	-1.8993  	-0.9963  	-1.4467  	0.25591  	0.09524  	0.05811  	0.31959  	0.52045  	-0.1852  	0.11864  	-0.3198  	-0.4284  	0.47924  	-0.1174  	-0.0946  	0.13744  	0.01705  	0.08018  	0.31910  	-0.2631  	0.40876  	0.72724  	-0.3771  	0.30535  	-0.6927  	-0.0394  	0.38761  	0.21472  	0.10067  	-0.2486  	-0.0055  	0.32132  	0.06829  	0.40618  	0.12965  	-0.6689  	0.31899  	0.34213  	0.03724  	-0.1387  	0.39105  	0.01422  	-0.0675  	0.01882  	-0.0179  	0.00869  	-0.0890  	-0.0129  	-0.0467  	-0.0251  	0.01769  	-0.0430  	-0.0594  	0.01651  	0.00292  	-0.0328  	0.01677  	-0.0005  	-0.0126  	0.07199  	-0.0084  	0.14880  	-0.0095  	0.03107  	0.00427  	-0.0398  	0.10221  	
-0.6115  	-0.0855  	-0.4693  	-1.6918  	-0.8785  	-1.4456  	0.27297  	0.06991  	0.03446  	0.38468  	0.43873  	-0.1195  	0.14954  	-0.3013  	-0.4383  	0.54632  	-0.1181  	-0.0322  	0.13733  	0.09411  	-0.0610  	0.28067  	-0.4024  	0.36040  	0.76680  	-0.3878  	0.23174  	-0.5227  	0.08525  	0.43068  	0.20460  	0.11818  	-0.2210  	0.00520  	0.27948  	0.11904  	0.30792  	0.10068  	-0.6175  	0.34045  	0.32216  	0.02852  	-0.1123  	0.40298  	0.01003  	-0.0691  	0.01454  	-0.0067  	0.03296  	-0.0983  	0.00271  	-0.0511  	-0.0302  	0.01568  	-0.0375  	-0.0514  	0.01486  	0.00086  	-0.0236  	0.01866  	-0.0062  	-0.0198  	0.06865  	-0.0190  	0.14880  	-0.0095  	0.03107  	0.00427  	-0.0398  	0.10221  	
-0.5124  	-0.0563  	-0.3740  	-1.6407  	-0.8103  	-1.4184  	0.31630  	0.13299  	0.03416  	0.42499  	0.48567  	-0.0984  	0.17341  	-0.2657  	-0.4974  	0.68497  	-0.1710  	-0.0540  	0.13448  	0.11501  	-0.0391  	0.28477  	-0.4914  	0.42094  	0.78767  	-0.4113  	0.29765  	-0.5348  	0.03407  	0.41828  	0.18805  	0.13473  	-0.2218  	-0.0138  	0.37097  	0.14613  	0.33464  	0.10915  	-0.6419  	0.33905  	0.29736  	0.03817  	-0.1285  	0.39716  	0.02472  	-0.0742  	0.01153  	0.00522  	0.03631  	-0.0949  	0.01727  	-0.0517  	-0.0236  	0.01133  	-0.0378  	-0.0501  	0.02618  	0.00207  	-0.0261  	0.02463  	-0.0118  	-0.0217  	0.07526  	-0.0136  	0.14880  	-0.0095  	0.03107  	0.00427  	-0.0398  	0.10221  	
-0.1882  	-0.0014  	-0.2163  	-1.4509  	-0.7266  	-1.3636  	0.36237  	0.21221  	0.06505  	0.44512  	0.42000  	-0.1835  	0.27720  	-0.0203  	-0.1867  	0.59485  	-0.1573  	-0.1476  	0.13591  	-0.0111  	0.12457  	0.32243  	-0.4461  	0.48888  	0.71300  	-0.4401  	0.39632  	-0.7933  	-0.1358  	0.42610  	0.18039  	0.18086  	-0.2168  	-0.0067  	0.50168  	0.06565  	0.47195  	0.12189  	-0.6561  	0.36660  	0.26489  	0.06743  	-0.1403  	0.41741  	0.00469  	-0.0660  	0.01112  	0.00845  	0.03786  	-0.0840  	0.00033  	-0.0462  	-0.0275  	0.01224  	-0.0381  	-0.0537  	-0.0004  	0.00510  	-0.0329  	0.02429  	0.00486  	-0.0109  	0.07297  	-0.0206  	0.14880  	-0.0095  	0.03107  	0.00427  	-0.0398  	0.10221  	
-0.1360  	0.10202  	-0.2094  	-1.4242  	-0.7373  	-1.2733  	0.35483  	0.24115  	0.11115  	0.38923  	0.31507  	-0.1264  	0.30044  	0.11609  	0.01467  	0.52074  	-0.1680  	-0.1340  	0.13784  	0.01048  	0.07768  	0.39582  	-0.4396  	0.41092  	0.83372  	-0.4315  	0.33979  	-0.7570  	-0.0241  	0.43896  	0.17333  	0.12073  	-0.2139  	0.00901  	0.45827  	0.02818  	0.36696  	0.13257  	-0.6096  	0.34060  	0.27090  	0.05556  	-0.1186  	0.40165  	0.00807  	-0.0834  	0.00150  	0.04553  	0.04606  	-0.1003  	0.01086  	-0.0481  	-0.0295  	0.01212  	-0.0338  	-0.0488  	0.02151  	0.00510  	-0.0399  	0.01896  	-0.0111  	-0.0105  	0.07110  	-0.0167  	0.14880  	-0.0095  	0.03107  	0.00427  	-0.0398  	0.10221  	
-0.2213  	0.06061  	-0.3199  	-1.3919  	-0.6673  	-1.2944  	0.36171  	0.27063  	0.09250  	0.39353  	0.13309  	-0.2842  	0.38432  	0.27409  	0.16753  	0.39183  	-0.1165  	-0.2316  	0.11686  	-0.1032  	0.06059  	0.46678  	-0.4202  	0.43013  	0.95281  	-0.4487  	0.52224  	-0.8130  	0.07260  	0.52060  	0.16610  	0.11288  	-0.2397  	0.00739  	0.43896  	0.02954  	0.35073  	0.10106  	-0.5932  	0.39664  	0.25683  	0.08036  	-0.1293  	0.39720  	0.01432  	-0.0744  	0.00346  	0.03032  	0.05945  	-0.0979  	0.00292  	-0.0432  	-0.0246  	0.02301  	-0.0375  	-0.0511  	0.01042  	-0.0002  	-0.0321  	0.02792  	-0.0012  	-0.0087  	0.07249  	-0.0200  	0.14880  	-0.0095  	0.03107  	0.00427  	-0.0398  	0.10221  	
-0.2984  	-0.0100  	-0.5239  	-1.0268  	-0.4675  	-1.3188  	0.32395  	0.16626  	0.10578  	0.25337  	0.12053  	-0.0929  	0.34105  	0.18106  	0.26594  	0.34630  	-0.0952  	-0.2386  	0.09476  	-0.0541  	-0.0051  	0.42298  	-0.4235  	0.42170  	0.92861  	-0.4066  	0.52042  	-0.6192  	0.03791  	0.53500  	0.14489  	0.10788  	-0.2146  	0.00184  	0.50604  	-0.0133  	0.32049  	0.05826  	-0.6134  	0.36085  	0.15637  	0.10919  	-0.1604  	0.38597  	0.01316  	-0.0790  	0.00186  	0.00330  	0.04659  	-0.0932  	0.00363  	-0.0544  	-0.0394  	0.01194  	-0.0446  	-0.0392  	0.04067  	-0.0052  	-0.0194  	0.02564  	-0.0091  	-0.0162  	0.05455  	-0.0214  	0.14880  	-0.0095  	0.03107  	0.00427  	-0.0398  	0.10221  	
-0.2621  	0.01980  	-0.4071  	-1.1787  	-0.5636  	-1.2159  	0.34655  	0.23520  	0.06558  	0.26611  	0.02426  	-0.1466  	0.38852  	0.30933  	0.33257  	0.34225  	-0.1551  	-0.1800  	0.05544  	-0.0199  	-0.0411  	0.41704  	-0.4316  	0.40069  	0.89091  	-0.4354  	0.42097  	-0.6281  	0.08711  	0.52245  	0.16060  	0.09675  	-0.2029  	0.03519  	0.45713  	0.01653  	0.31270  	0.07818  	-0.5886  	0.37486  	0.18569  	0.07450  	-0.1491  	0.38434  	0.03368  	-0.0647  	0.00949  	0.00946  	0.04550  	-0.0899  	0.00722  	-0.0505  	-0.0327  	0.00360  	-0.0408  	-0.0401  	0.01271  	0.00089  	-0.0300  	0.02308  	-0.0021  	-0.0124  	0.06125  	-0.0231  	0.14880  	-0.0095  	0.03107  	0.00427  	-0.0398  	0.10221  	
-0.1832  	0.06704  	-0.3153  	-1.3092  	-0.6807  	-1.1659  	0.35778  	0.31464  	0.11086  	0.26838  	0.12402  	-0.2173  	0.37217  	0.26420  	0.15536  	0.40334  	-0.1366  	-0.1711  	0.09712  	-0.0685  	0.06284  	0.41532  	-0.3748  	0.40481  	0.89800  	-0.4441  	0.42143  	-0.6863  	0.08391  	0.50388  	0.16527  	0.09531  	-0.2107  	0.00902  	0.45256  	-0.0027  	0.32364  	0.08687  	-0.5924  	0.36155  	0.23893  	0.07340  	-0.1444  	0.38810  	0.01576  	-0.0639  	0.00533  	0.02970  	0.05239  	-0.0936  	0.01208  	-0.0488  	-0.0230  	0.01335  	-0.0424  	-0.0339  	0.00544  	0.00297  	-0.0330  	0.02899  	-0.0034  	-0.0084  	0.06274  	-0.0252  	0.14880  	-0.0095  	0.03107  	0.00427  	-0.0398  	0.10221  	
-0.2003  	0.07907  	-0.3857  	-1.1854  	-0.6006  	-1.2478  	0.35886  	0.28627  	0.11180  	0.28932  	0.07704  	-0.2186  	0.37415  	0.27794  	0.21507  	0.40552  	-0.1275  	-0.1805  	0.09665  	-0.0580  	0.05400  	0.41641  	-0.4114  	0.40902  	0.98497  	-0.4356  	0.46806  	-0.6882  	0.11056  	0.54002  	0.14371  	0.08036  	-0.2191  	0.02433  	0.45570  	0.00565  	0.32237  	0.08269  	-0.5804  	0.36440  	0.17238  	0.08060  	-0.1495  	0.37945  	0.01715  	-0.0600  	0.00691  	0.02979  	0.04639  	-0.1013  	0.01241  	-0.0470  	-0.0294  	0.01799  	-0.0400  	-0.0376  	0.00252  	0.00389  	-0.0238  	0.02478  	-0.0081  	-0.0090  	0.06204  	-0.0255  	0.14880  	-0.0095  	0.03107  	0.00427  	-0.0398  	0.10221  	
-0.2257  	0.08589  	-0.4761  	-0.9240  	-0.4098  	-1.2979  	0.36207  	0.25977  	0.10822  	0.28197  	-0.0346  	-0.1065  	0.42580  	0.40604  	0.33868  	0.37451  	-0.1745  	-0.1588  	0.08407  	-0.0063  	-0.0591  	0.42893  	-0.5452  	0.42007  	1.06665  	-0.4366  	0.41671  	-0.5624  	0.22095  	0.56066  	0.12324  	0.04254  	-0.2168  	0.04219  	0.45771  	0.03839  	0.25297  	0.05669  	-0.5250  	0.40485  	0.12952  	0.09106  	-0.1908  	0.39091  	0.02587  	-0.0646  	-0.0028  	0.00441  	0.04370  	-0.1056  	0.01090  	-0.0506  	-0.0278  	0.00916  	-0.0438  	-0.0394  	0.00940  	0.00111  	-0.0295  	0.02097  	0.00259  	-0.0042  	0.07053  	-0.0158  	0.14880  	-0.0095  	0.03107  	0.00427  	-0.0398  	0.10221  	
-0.2923  	0.02268  	-0.5136  	-0.5872  	-0.2228  	-1.2901  	0.32727  	0.25367  	0.14362  	0.21663  	-0.0699  	-0.0334  	0.41630  	0.50111  	0.43771  	0.34421  	-0.1833  	-0.1940  	0.04352  	0.09399  	-0.1308  	0.37805  	-0.5879  	0.47634  	1.00565  	-0.4428  	0.32049  	-0.4594  	0.24352  	0.60674  	0.07751  	0.07899  	-0.1974  	0.02355  	0.51891  	0.01913  	0.17678  	0.03989  	-0.5481  	0.42980  	0.10282  	0.09392  	-0.2083  	0.37568  	0.04054  	-0.0862  	0.00810  	0.00099  	0.04697  	-0.0901  	0.00333  	-0.0551  	-0.0339  	0.01371  	-0.0437  	-0.0498  	0.03963  	-0.0123  	-0.0449  	0.02518  	-0.0091  	-0.0077  	0.05793  	-0.0127  	0.14880  	-0.0095  	0.03107  	0.00427  	-0.0398  	0.10221  	
-0.3984  	-0.0080  	-0.5038  	-0.8571  	-0.3757  	-1.3438  	0.30628  	0.23215  	0.10071  	0.23715  	-0.0465  	-0.0501  	0.39907  	0.30449  	0.27395  	0.42952  	-0.1772  	-0.1423  	0.04822  	0.09538  	-0.1356  	0.42294  	-0.5198  	0.42673  	0.87107  	-0.4021  	0.25064  	-0.4602  	0.21632  	0.54776  	0.13400  	0.08640  	-0.1929  	0.04292  	0.42946  	0.02787  	0.18643  	0.04542  	-0.5544  	0.38634  	0.19393  	0.07034  	-0.1753  	0.39306  	0.02907  	-0.0808  	0.02035  	0.00790  	0.04983  	-0.0915  	0.00256  	-0.0497  	-0.0252  	0.01773  	-0.0418  	-0.0534  	0.03295  	0.00217  	-0.0253  	0.02195  	-0.0080  	-0.0026  	0.05905  	-0.0111  	0.14880  	-0.0095  	0.03107  	0.00427  	-0.0398  	0.10221  	
-0.5051  	-0.0227  	-0.4517  	-1.3162  	-0.6371  	-1.2941  	0.31151  	0.22631  	0.10499  	0.31526  	0.07103  	-0.0563  	0.33904  	-0.0451  	-0.0769  	0.57082  	-0.1644  	-0.0503  	0.09370  	0.13885  	-0.0601  	0.36371  	-0.4423  	0.35974  	0.75865  	-0.3951  	0.20075  	-0.4737  	0.15018  	0.45287  	0.15641  	0.10759  	-0.1944  	0.03616  	0.30917  	0.03817  	0.21714  	0.09029  	-0.5724  	0.35648  	0.26132  	0.03177  	-0.1416  	0.39837  	0.01209  	-0.0742  	0.01825  	0.03505  	0.03503  	-0.1062  	0.00374  	-0.0618  	-0.0285  	0.00331  	-0.0327  	-0.0484  	0.03314  	0.01007  	-0.0288  	0.01932  	0.00032  	-0.0199  	0.06986  	-0.0118  	0.14880  	-0.0095  	0.03107  	0.00427  	-0.0398  	0.10221  	
-0.4529  	-0.0541  	-0.3796  	-1.7335  	-0.8667  	-1.3634  	0.28311  	0.15643  	0.07849  	0.31374  	0.41892  	-0.1306  	0.19583  	-0.2492  	-0.3739  	0.61452  	-0.1562  	-0.0688  	0.13008  	0.08854  	0.00732  	0.33180  	-0.4355  	0.36516  	0.74528  	-0.3970  	0.27680  	-0.6432  	-0.0193  	0.41075  	0.18887  	0.13340  	-0.2272  	0.00761  	0.35156  	0.08387  	0.34919  	0.11639  	-0.6334  	0.30894  	0.29488  	0.04233  	-0.1114  	0.38577  	0.00428  	-0.0774  	0.01519  	0.00391  	0.03689  	-0.0934  	-0.0010  	-0.0462  	-0.0284  	0.01331  	-0.0394  	-0.0503  	0.01907  	-0.0007  	-0.0251  	0.01966  	-0.0033  	-0.0132  	0.08760  	-0.0148  	0.14880  	-0.0095  	0.03107  	0.00427  	-0.0398  	0.10221  	
-0.4811  	-0.0950  	-0.3146  	-1.8227  	-0.9333  	-1.4233  	0.26072  	0.10218  	0.08507  	0.41399  	0.58329  	-0.1443  	0.14484  	-0.3259  	-0.5687  	0.65214  	-0.1508  	-0.0606  	0.15084  	0.04420  	0.05115  	0.32022  	-0.3647  	0.43868  	0.81370  	-0.4224  	0.33920  	-0.6762  	-0.0387  	0.37525  	0.20203  	0.13376  	-0.2504  	-0.0131  	0.35533  	0.12794  	0.43064  	0.12997  	-0.6575  	0.30509  	0.31215  	0.05116  	-0.1046  	0.40170  	0.01810  	-0.0725  	0.02196  	0.00343  	0.03541  	-0.1008  	0.00532  	-0.0443  	-0.0227  	0.01687  	-0.0350  	-0.0545  	0.02242  	0.00088  	-0.0208  	0.01986  	-0.0030  	-0.0201  	0.06916  	-0.0145  	0.14880  	-0.0095  	0.03107  	0.00427  	-0.0398  	0.10221  	
-0.6390  	-0.1072  	-0.4373  	-1.8806  	-1.0253  	-1.4529  	0.25882  	0.08678  	0.05167  	0.41523  	0.64853  	-0.1455  	0.11151  	-0.3730  	-0.5217  	0.59071  	-0.1495  	-0.0532  	0.13715  	0.01145  	0.02972  	0.27707  	-0.3557  	0.35160  	0.76036  	-0.4076  	0.25072  	-0.5917  	0.01664  	0.38243  	0.22474  	0.13045  	-0.2413  	-0.0048  	0.34675  	0.10975  	0.38813  	0.14304  	-0.6496  	0.29278  	0.34929  	0.03514  	-0.1124  	0.38823  	0.00298  	-0.0724  	0.02503  	-0.0107  	0.02766  	-0.0970  	0.01066  	-0.0463  	-0.0266  	0.01859  	-0.0299  	-0.0548  	0.01808  	0.00442  	-0.0304  	0.02360  	-0.0010  	-0.0170  	0.08105  	-0.0077  	0.14880  	-0.0095  	0.03107  	0.00427  	-0.0398  	0.10221  	
-0.7297  	-0.1305  	-0.5207  	-1.9324  	-1.0562  	-1.5314  	0.24598  	0.05408  	0.01945  	0.38532  	0.71120  	-0.1672  	0.08004  	-0.3998  	-0.5649  	0.51464  	-0.1150  	-0.0761  	0.12623  	0.01597  	0.06043  	0.26942  	-0.3249  	0.38512  	0.69101  	-0.3963  	0.23682  	-0.6212  	-0.0365  	0.37219  	0.22602  	0.12988  	-0.2465  	-0.0126  	0.36023  	0.10259  	0.42263  	0.13306  	-0.6750  	0.27941  	0.34563  	0.02835  	-0.1316  	0.37619  	0.01969  	-0.0753  	0.03202  	-0.0279  	0.02367  	-0.0925  	0.00455  	-0.0458  	-0.0283  	0.01645  	-0.0360  	-0.0547  	0.01859  	0.01216  	-0.0265  	0.01997  	-0.0009  	-0.0170  	0.07961  	-0.0108  	0.14880  	-0.0095  	0.03107  	0.00427  	-0.0398  	0.10221  	
-0.7294  	-0.1136  	-0.4877  	-1.9432  	-1.0397  	-1.5480  	0.25486  	0.07275  	0.03889  	0.39365  	0.69351  	-0.1798  	0.08867  	-0.3840  	-0.6015  	0.53153  	-0.1166  	-0.0780  	0.13762  	0.03755  	0.04864  	0.23219  	-0.3246  	0.38263  	0.68110  	-0.3827  	0.23419  	-0.6273  	-0.0799  	0.35800  	0.23546  	0.13713  	-0.2336  	-0.0057  	0.37644  	0.09135  	0.44390  	0.13421  	-0.6861  	0.27251  	0.34370  	0.03615  	-0.1403  	0.37734  	0.02891  	-0.0733  	0.03294  	-0.0270  	0.02529  	-0.0886  	0.00079  	-0.0473  	-0.0312  	0.01615  	-0.0376  	-0.0566  	0.01717  	0.00937  	-0.0303  	0.01742  	-0.0010  	-0.0162  	0.07754  	-0.0103  	0.14880  	-0.0095  	0.03107  	0.00427  	-0.0398  	0.10221  	
-0.6576  	-0.1309  	-0.4130  	-1.8667  	-0.9722  	-1.5298  	0.25978  	0.08884  	0.06007  	0.48685  	0.67447  	-0.0964  	0.12187  	-0.3899  	-0.6554  	0.65585  	-0.1511  	-0.0403  	0.14238  	0.09199  	-0.0262  	0.24789  	-0.4029  	0.37716  	0.72789  	-0.3854  	0.20869  	-0.5897  	-0.0472  	0.37329  	0.21721  	0.14327  	-0.2322  	-0.0068  	0.34988  	0.12919  	0.39164  	0.14030  	-0.6656  	0.30755  	0.33882  	0.04440  	-0.1323  	0.37184  	0.01122  	-0.0732  	0.02389  	-0.0141  	0.03326  	-0.0905  	0.00279  	-0.0474  	-0.0272  	0.02014  	-0.0352  	-0.0584  	0.01658  	0.00494  	-0.0322  	0.02111  	-0.0046  	-0.0193  	0.07329  	-0.0116  	0.14880  	-0.0095  	0.03107  	0.00427  	-0.0398  	0.10221  	
-0.6235  	-0.1159  	-0.4159  	-1.8420  	-0.9246  	-1.4750  	0.28028  	0.07479  	0.04621  	0.47002  	0.61039  	-0.0950  	0.13041  	-0.4030  	-0.6888  	0.68654  	-0.1715  	-0.0257  	0.13383  	0.08630  	-0.0549  	0.25521  	-0.4683  	0.35812  	0.76736  	-0.3918  	0.23874  	-0.5498  	-0.0111  	0.38599  	0.20962  	0.12988  	-0.2394  	-0.0087  	0.34227  	0.15207  	0.35668  	0.12084  	-0.6331  	0.31876  	0.32965  	0.05231  	-0.1224  	0.38353  	0.02483  	-0.0709  	0.02144  	-0.0096  	0.03399  	-0.0877  	0.01149  	-0.0475  	-0.0265  	0.01670  	-0.0315  	-0.0591  	0.02276  	0.00620  	-0.0353  	0.01914  	-0.0084  	-0.0244  	0.07794  	-0.0086  	0.14880  	-0.0095  	0.03107  	0.00427  	-0.0398  	0.10221  	
-0.7514  	-0.1339  	-0.4915  	-1.8099  	-0.9519  	-1.5544  	0.23922  	0.09691  	0.01119  	0.37561  	0.61510  	-0.1340  	0.08671  	-0.3463  	-0.5697  	0.59359  	-0.1179  	-0.0752  	0.14929  	0.07675  	0.02727  	0.26449  	-0.4311  	0.45399  	0.78617  	-0.3864  	0.29244  	-0.5965  	-0.0510  	0.39422  	0.18682  	0.15134  	-0.2357  	-0.0222  	0.37994  	0.14656  	0.41038  	0.12047  	-0.6776  	0.29759  	0.29430  	0.04275  	-0.1460  	0.38241  	0.01322  	-0.0633  	0.02402  	-0.0155  	0.02576  	-0.0840  	0.01154  	-0.0473  	-0.0255  	0.01337  	-0.0409  	-0.0598  	0.02347  	0.01146  	-0.0326  	0.02273  	-0.0123  	-0.0241  	0.07313  	-0.0107  	0.14880  	-0.0095  	0.03107  	0.00427  	-0.0398  	0.10221  	
-0.3990  	-0.0272  	-0.3656  	-1.5394  	-0.7684  	-1.4231  	0.25461  	0.19113  	0.05967  	0.26676  	0.34376  	-0.1019  	0.26705  	0.00732  	-0.0767  	0.46353  	-0.1242  	-0.1892  	0.09870  	-0.0366  	0.17683  	0.32541  	-0.3484  	0.50986  	0.70628  	-0.4039  	0.42171  	-0.7750  	-0.1671  	0.41032  	0.21545  	0.14765  	-0.2208  	-0.0088  	0.51838  	-0.0280  	0.46636  	0.12582  	-0.7036  	0.32202  	0.24425  	0.06474  	-0.1346  	0.38130  	0.01814  	-0.0787  	0.02342  	-0.0178  	0.04015  	-0.0858  	0.00282  	-0.0431  	-0.0313  	0.01159  	-0.0480  	-0.0476  	0.01327  	-0.0028  	-0.0287  	0.02581  	-0.0053  	0.00130  	0.06381  	-0.0185  	0.14880  	-0.0095  	0.03107  	0.00427  	-0.0398  	0.10221  	
-0.1534  	0.05153  	-0.1913  	-1.3952  	-0.7695  	-1.1304  	0.35297  	0.28884  	0.13791  	0.36094  	0.13059  	-0.1878  	0.43184  	0.26465  	0.10565  	0.36980  	-0.1156  	-0.1774  	0.10011  	-0.0973  	0.08410  	0.41792  	-0.3128  	0.42443  	0.79589  	-0.4095  	0.41323  	-0.8139  	-0.0284  	0.45686  	0.22723  	0.10086  	-0.1906  	-0.0095  	0.42941  	-0.0496  	0.38403  	0.10922  	-0.6064  	0.34194  	0.25890  	0.05263  	-0.1180  	0.40218  	0.00586  	-0.0718  	0.00537  	0.04105  	0.05085  	-0.0850  	0.00546  	-0.0444  	-0.0300  	0.00841  	-0.0408  	-0.0328  	0.00217  	-0.0006  	-0.0370  	0.02496  	0.00164  	-0.0017  	0.06199  	-0.0191  	0.14880  	-0.0095  	0.03107  	0.00427  	-0.0398  	0.10221  	
-0.3283  	0.04309  	-0.3129  	-1.6289  	-0.8689  	-1.3448  	0.35839  	0.24454  	0.08714  	0.33516  	0.26342  	-0.3031  	0.32977  	0.20781  	-0.0401  	0.34170  	-0.1051  	-0.1472  	0.10385  	-0.0894  	0.11625  	0.35851  	-0.3448  	0.43899  	0.84744  	-0.4182  	0.40629  	-0.8432  	-0.0457  	0.46753  	0.22742  	0.10302  	-0.2019  	-0.0009  	0.46194  	-0.0407  	0.41064  	0.11441  	-0.6273  	0.33137  	0.25988  	0.04222  	-0.1192  	0.40491  	0.00902  	-0.0721  	0.00709  	0.01912  	0.03532  	-0.0947  	-0.0001  	-0.0463  	-0.0299  	0.01166  	-0.0454  	-0.0462  	0.00695  	0.00221  	-0.0348  	0.02032  	-0.0015  	-0.0010  	0.05768  	-0.0187  	0.14880  	-0.0095  	0.03107  	0.00427  	-0.0398  	0.10221  	
-0.6353  	-0.0311  	-0.5824  	-1.8476  	-0.9113  	-1.5858  	0.29190  	0.17022  	0.11585  	0.42229  	0.56279  	-0.0745  	0.24433  	-0.0383  	-0.3651  	0.45141  	-0.1368  	-0.0519  	0.13096  	0.03253  	0.09723  	0.28761  	-0.3823  	0.41631  	0.64752  	-0.3552  	0.25049  	-0.6477  	-0.0267  	0.38480  	0.25564  	0.10970  	-0.1786  	0.00431  	0.36966  	-0.0477  	0.38683  	0.08040  	-0.6374  	0.30675  	0.28972  	0.05362  	-0.1337  	0.36841  	0.03603  	-0.0785  	0.01773  	0.00030  	0.01969  	-0.0747  	-0.0134  	-0.0420  	-0.0345  	0.02916  	-0.0384  	-0.0478  	0.01467  	-0.0046  	-0.0169  	0.02453  	0.00471  	-0.0017  	0.05247  	-0.0119  	0.14880  	-0.0095  	0.03107  	0.00427  	-0.0398  	0.10221  	
-0.9832  	-0.1382  	-0.7473  	-1.9971  	-0.9540  	-1.8343  	0.21715  	0.10866  	0.01276  	0.46744  	0.66044  	-0.0422  	0.23941  	-0.3731  	-0.5641  	0.35382  	-0.0709  	-0.1252  	0.20073  	-0.1175  	-0.0911  	0.01503  	-0.6130  	0.24085  	0.59549  	-0.2648  	0.05604  	-0.5000  	0.22571  	0.34872  	0.40228  	0.00390  	-0.2811  	-0.1549  	0.18387  	0.07905  	0.10523  	0.06061  	-0.6890  	0.24308  	0.41537  	0.15569  	-0.2571  	0.47817  	-0.0455  	-0.0561  	-0.0093  	0.03131  	0.00439  	-0.1021  	0.01604  	-0.0451  	-0.0333  	0.03049  	-0.0269  	-0.0478  	0.02019  	0.00171  	-0.0313  	0.03270  	0.01485  	-0.0146  	0.05194  	-0.0143  	0.14880  	-0.0095  	0.03107  	0.00427  	-0.0398  	0.10221  	
-1.0036  	-0.1442  	-0.5683  	-2.0690  	-1.0148  	-1.8270  	0.23858  	0.17646  	-0.0038  	0.45400  	0.72068  	-0.1499  	0.24875  	-0.4205  	-0.5753  	0.30032  	0.00802  	-0.3034  	0.22244  	-0.3773  	0.03403  	-0.1664  	-0.8174  	0.32078  	0.56187  	-0.1602  	0.11307  	-0.6767  	0.21192  	0.32150  	0.47299  	-0.0171  	-0.3662  	-0.3106  	0.11714  	0.03222  	0.09353  	0.08563  	-0.7935  	0.14808  	0.52425  	0.28121  	-0.3297  	0.52014  	-0.0812  	-0.0424  	-0.0234  	0.03495  	-0.0091  	-0.1076  	0.00312  	-0.0390  	-0.0266  	0.03985  	-0.0285  	-0.0620  	0.01445  	-0.0177  	-0.0268  	0.03129  	0.01659  	-0.0091  	0.03962  	-0.0114  	0.14880  	-0.0095  	0.03107  	0.00427  	-0.0398  	0.10221  	
-0.8774  	-0.0770  	-0.4031  	-1.9933  	-1.0469  	-1.6989  	0.22999  	0.24552  	0.01260  	0.43350  	0.64721  	-0.1401  	0.25176  	-0.3215  	-0.4558  	0.33060  	0.08848  	-0.4073  	0.25467  	-0.4859  	0.10213  	-0.1778  	-0.7889  	0.37293  	0.52220  	-0.1375  	0.18847  	-0.8289  	0.19451  	0.31582  	0.49846  	-0.0153  	-0.3946  	-0.3419  	0.11246  	-0.0211  	0.13666  	0.11308  	-0.8455  	0.13090  	0.56186  	0.28510  	-0.3565  	0.56155  	-0.1004  	-0.0266  	-0.0232  	0.04039  	-0.0160  	-0.1200  	-0.0034  	-0.0368  	-0.0279  	0.04598  	-0.0296  	-0.0709  	0.00946  	-0.0209  	-0.0309  	0.03518  	0.01856  	-0.0169  	0.03711  	-0.0061  	0.14880  	-0.0095  	0.03107  	0.00427  	-0.0398  	0.10221  	
-0.4581  	0.04018  	-0.1886  	-1.7534  	-0.9881  	-1.4101  	0.21699  	0.36954  	0.08852  	0.30107  	0.49693  	-0.0522  	0.36682  	-0.1581  	-0.1848  	0.39305  	0.07128  	-0.3797  	0.27349  	-0.4445  	0.24209  	-0.0906  	-0.7248  	0.39233  	0.51017  	-0.2118  	0.22212  	-0.9122  	0.03690  	0.31640  	0.49229  	-0.0031  	-0.3412  	-0.2966  	0.19837  	-0.0816  	0.30306  	0.15328  	-0.8720  	0.15430  	0.49979  	0.23510  	-0.2996  	0.54519  	-0.1045  	-0.0352  	-0.0262  	0.04802  	-0.0048  	-0.1153  	-0.0032  	-0.0360  	-0.0234  	0.04630  	-0.0304  	-0.0435  	-0.0036  	-0.0257  	-0.0361  	0.03476  	0.01097  	-0.0052  	0.03101  	-0.0125  	0.14880  	-0.0095  	0.03107  	0.00427  	-0.0398  	0.10221  	
-0.3558  	0.03716  	-0.1973  	-1.6993  	-1.0018  	-1.3161  	0.25310  	0.38403  	0.12639  	0.30784  	0.56878  	-0.0706  	0.30905  	-0.1003  	-0.2259  	0.49084  	0.00662  	-0.2784  	0.21313  	-0.2602  	0.27568  	0.13416  	-0.4934  	0.40680  	0.55946  	-0.2590  	0.24622  	-0.9157  	-0.0575  	0.32815  	0.39705  	0.06104  	-0.2607  	-0.1796  	0.30383  	-0.0843  	0.37861  	0.18060  	-0.7627  	0.16466  	0.42264  	0.13008  	-0.2088  	0.47837  	-0.0503  	-0.0512  	-0.0020  	0.02732  	0.01699  	-0.0853  	-0.0084  	-0.0378  	-0.0226  	0.03607  	-0.0268  	-0.0498  	0.00241  	-0.0133  	-0.0374  	0.02204  	0.00399  	-0.0062  	0.05419  	-0.0162  	0.14880  	-0.0095  	0.03107  	0.00427  	-0.0398  	0.10221  	
-0.4644  	-0.0403  	-0.3927  	-1.7053  	-0.8736  	-1.3843  	0.28283  	0.16236  	0.08845  	0.39585  	0.57353  	-0.1238  	0.18938  	-0.2490  	-0.4580  	0.62802  	-0.1434  	-0.0448  	0.11731  	0.10684  	0.08416  	0.26799  	-0.4312  	0.38454  	0.71611  	-0.4060  	0.28625  	-0.6360  	-0.0897  	0.37276  	0.21673  	0.14323  	-0.1797  	-0.0006  	0.39010  	0.06071  	0.39042  	0.14098  	-0.6511  	0.29827  	0.29526  	0.03563  	-0.1226  	0.39094  	0.02143  	-0.0719  	0.02626  	-0.0019  	0.03255  	-0.0937  	0.00945  	-0.0470  	-0.0253  	0.01954  	-0.0388  	-0.0523  	0.01783  	0.00145  	-0.0333  	0.02240  	-0.0022  	-0.0164  	0.07444  	-0.0056  	0.14880  	-0.0095  	0.03107  	0.00427  	-0.0398  	0.10221  	
-0.5460  	-0.0349  	-0.4316  	-1.7322  	-0.8922  	-1.4197  	0.32999  	0.15242  	0.06498  	0.40048  	0.56501  	-0.1778  	0.15356  	-0.2709  	-0.4275  	0.57949  	-0.1509  	-0.0399  	0.07878  	0.11366  	0.02317  	0.30308  	-0.4325  	0.37713  	0.78477  	-0.4032  	0.31203  	-0.5633  	-0.0065  	0.38470  	0.21727  	0.13306  	-0.2159  	0.01114  	0.37598  	0.09168  	0.34798  	0.13084  	-0.6246  	0.29369  	0.29489  	0.05484  	-0.1273  	0.38391  	0.01980  	-0.0739  	0.02670  	-0.0018  	0.03568  	-0.0978  	0.00950  	-0.0470  	-0.0218  	0.01907  	-0.0320  	-0.0554  	0.02151  	0.00575  	-0.0291  	0.02221  	-0.0022  	-0.0164  	0.08356  	-0.0046  	0.14880  	-0.0095  	0.03107  	0.00427  	-0.0398  	0.10221  	
-0.5736  	-0.0853  	-0.4189  	-1.6719  	-0.8473  	-1.4556  	0.31786  	0.09894  	0.03917  	0.45679  	0.54809  	-0.1501  	0.14518  	-0.3352  	-0.4981  	0.62007  	-0.1619  	-0.0617  	0.11201  	0.07013  	-0.0483  	0.31223  	-0.4342  	0.36972  	0.85388  	-0.4154  	0.32023  	-0.5224  	0.01565  	0.43326  	0.18704  	0.14700  	-0.2479  	-0.0020  	0.34736  	0.15418  	0.34767  	0.13693  	-0.6209  	0.29458  	0.30517  	0.04226  	-0.1306  	0.39129  	0.02120  	-0.0733  	0.01552  	0.00054  	0.03596  	-0.1006  	0.01609  	-0.0453  	-0.0186  	0.01430  	-0.0362  	-0.0576  	0.02429  	0.00816  	-0.0299  	0.01844  	-0.0057  	-0.0294  	0.07929  	-0.0122  	0.14880  	-0.0095  	0.03107  	0.00427  	-0.0398  	0.10221  	
-0.5551  	-0.1014  	-0.4069  	-1.6865  	-0.8454  	-1.4385  	0.29828  	0.09429  	0.04441  	0.47723  	0.53244  	-0.1684  	0.13438  	-0.3526  	-0.5245  	0.66007  	-0.1677  	-0.0278  	0.12928  	0.06581  	-0.0625  	0.29551  	-0.4370  	0.35786  	0.84817  	-0.4103  	0.28856  	-0.5212  	0.02309  	0.43331  	0.19705  	0.15196  	-0.2627  	-0.0018  	0.33311  	0.16636  	0.34827  	0.13835  	-0.6179  	0.30603  	0.30793  	0.04672  	-0.1243  	0.40010  	0.01134  	-0.0710  	0.01280  	0.00326  	0.03304  	-0.0988  	0.01520  	-0.0408  	-0.0190  	0.01646  	-0.0345  	-0.0635  	0.02357  	0.00500  	-0.0286  	0.01803  	-0.0054  	-0.0247  	0.07721  	-0.0146  	0.14880  	-0.0095  	0.03107  	0.00427  	-0.0398  	0.10221  	
-0.5804  	-0.1038  	-0.4539  	-1.7319  	-0.8552  	-1.4245  	0.32286  	0.06474  	0.03599  	0.43454  	0.53085  	-0.1756  	0.15016  	-0.3415  	-0.5032  	0.59203  	-0.1644  	-0.0289  	0.10962  	0.05449  	-0.0772  	0.30147  	-0.4247  	0.33374  	0.82856  	-0.4012  	0.26329  	-0.4854  	0.06112  	0.42840  	0.21329  	0.13205  	-0.2516  	0.01068  	0.32951  	0.16862  	0.32251  	0.12418  	-0.6097  	0.30905  	0.31651  	0.05177  	-0.1251  	0.39360  	0.01591  	-0.0735  	0.01490  	-0.0056  	0.02882  	-0.0964  	0.01912  	-0.0415  	-0.0191  	0.01844  	-0.0328  	-0.0606  	0.02441  	0.00567  	-0.0285  	0.02051  	-0.0064  	-0.0174  	0.07655  	-0.0133  	0.14880  	-0.0095  	0.03107  	0.00427  	-0.0398  	0.10221  	
-0.5444  	-0.1197  	-0.4754  	-1.7582  	-0.8516  	-1.4182  	0.33765  	0.05239  	0.01158  	0.37918  	0.56017  	-0.1650  	0.17710  	-0.2941  	-0.5288  	0.57063  	-0.1688  	-0.0373  	0.09112  	0.08951  	-0.0666  	0.28369  	-0.4357  	0.34952  	0.79188  	-0.4011  	0.23346  	-0.4714  	0.05194  	0.41620  	0.21544  	0.12414  	-0.2329  	0.01000  	0.34456  	0.16137  	0.33033  	0.11046  	-0.6200  	0.30691  	0.33124  	0.04120  	-0.1327  	0.37848  	0.02438  	-0.0707  	0.01601  	-0.0051  	0.02986  	-0.0859  	0.01647  	-0.0441  	-0.0188  	0.01543  	-0.0325  	-0.0575  	0.02672  	0.00904  	-0.0318  	0.02033  	-0.0082  	-0.0207  	0.07837  	-0.0147  	0.14880  	-0.0095  	0.03107  	0.00427  	-0.0398  	0.10221  	
-0.5603  	-0.1177  	-0.4244  	-1.7807  	-0.9012  	-1.4619  	0.33593  	0.10416  	0.03986  	0.36171  	0.54841  	-0.1789  	0.19682  	-0.2802  	-0.5008  	0.55507  	-0.1582  	-0.0491  	0.09828  	0.12558  	-0.0228  	0.27431  	-0.3914  	0.42998  	0.72595  	-0.3956  	0.25089  	-0.6130  	-0.0301  	0.35227  	0.21840  	0.12237  	-0.2160  	-0.0109  	0.39161  	0.12385  	0.36676  	0.12755  	-0.6600  	0.33032  	0.31807  	0.05775  	-0.1538  	0.37659  	0.02272  	-0.0721  	0.02358  	0.01457  	0.03720  	-0.0803  	0.00794  	-0.0433  	-0.0192  	0.01051  	-0.0322  	-0.0654  	0.02664  	0.00795  	-0.0337  	0.01074  	-0.0089  	-0.0216  	0.07354  	-0.0152  	0.14880  	-0.0095  	0.03107  	0.00427  	-0.0398  	0.10221  	
-0.4437  	-0.0346  	-0.2977  	-1.6060  	-0.8852  	-1.3676  	0.31605  	0.22786  	0.05461  	0.41364  	0.41918  	-0.1391  	0.21156  	-0.1296  	-0.3283  	0.52681  	-0.1646  	-0.0674  	0.11836  	0.10237  	0.05940  	0.28955  	-0.3613  	0.40798  	0.70520  	-0.3907  	0.28977  	-0.7124  	-0.0344  	0.33861  	0.23205  	0.13082  	-0.2059  	0.00401  	0.35516  	0.05498  	0.39192  	0.14316  	-0.6430  	0.36683  	0.32881  	0.01759  	-0.1347  	0.40549  	0.01123  	-0.0629  	0.02391  	0.01180  	0.02546  	-0.0840  	-0.0091  	-0.0438  	-0.0262  	0.01880  	-0.0431  	-0.0575  	0.00616  	0.00693  	-0.0358  	0.02678  	0.00093  	-0.0035  	0.07070  	-0.0135  	0.14880  	-0.0095  	0.03107  	0.00427  	-0.0398  	0.10221  	
-0.1662  	0.08016  	-0.1794  	-1.6374  	-0.9009  	-1.2177  	0.39638  	0.28184  	0.07866  	0.42174  	0.24380  	-0.2445  	0.37575  	0.22725  	-0.0785  	0.37866  	-0.1132  	-0.1590  	0.10238  	-0.1058  	0.09673  	0.42195  	-0.3351  	0.42680  	0.86341  	-0.4086  	0.44634  	-0.8000  	-0.0246  	0.44651  	0.26364  	0.10578  	-0.2121  	-0.0105  	0.41490  	0.00189  	0.45214  	0.13567  	-0.6191  	0.30172  	0.28782  	0.03119  	-0.1022  	0.40903  	-0.0168  	-0.0679  	0.00339  	0.03431  	0.05128  	-0.0901  	0.00725  	-0.0445  	-0.0261  	0.01785  	-0.0361  	-0.0364  	0.00295  	-0.0070  	-0.0333  	0.02994  	0.00463  	0.00478  	0.06935  	-0.0175  	0.14880  	-0.0095  	0.03107  	0.00427  	-0.0398  	0.10221  	
-0.4087  	0.00236  	-0.3473  	-1.7337  	-0.9003  	-1.4875  	0.36721  	0.24548  	0.04652  	0.37675  	0.32021  	-0.3781  	0.28300  	0.07788  	-0.0899  	0.31794  	-0.1051  	-0.2200  	0.10686  	-0.1068  	0.17975  	0.37707  	-0.2914  	0.55773  	0.88933  	-0.4119  	0.55547  	-0.9389  	-0.1241  	0.42609  	0.21522  	0.13380  	-0.2311  	-0.0172  	0.48312  	-0.0295  	0.45641  	0.13454  	-0.6949  	0.35072  	0.24875  	0.08337  	-0.1184  	0.38921  	-0.0031  	-0.0753  	0.01326  	0.01616  	0.03989  	-0.0975  	-0.0121  	-0.0371  	-0.0365  	0.02175  	-0.0440  	-0.0617  	0.00448  	-0.0072  	-0.0292  	0.02178  	-0.0009  	-0.0075  	0.07252  	-0.0189  	0.14880  	-0.0095  	0.03107  	0.00427  	-0.0398  	0.10221  	
-0.5433  	-0.0985  	-0.3409  	-1.5151  	-0.7879  	-1.4087  	0.25740  	0.19035  	0.07348  	0.30652  	0.40074  	-0.1351  	0.24765  	-0.1765  	-0.2878  	0.58779  	-0.1408  	-0.1312  	0.11523  	0.05280  	0.06665  	0.31354  	-0.4501  	0.46992  	0.76070  	-0.4047  	0.31307  	-0.7023  	-0.0379  	0.43361  	0.20733  	0.12113  	-0.2405  	0.00683  	0.43540  	0.00917  	0.39546  	0.12613  	-0.6682  	0.31944  	0.26690  	0.06104  	-0.1472  	0.37767  	0.02436  	-0.0754  	0.01414  	0.00564  	0.03658  	-0.0950  	-0.0027  	-0.0466  	-0.0308  	0.01110  	-0.0518  	-0.0560  	0.01958  	0.00216  	-0.0282  	0.02394  	-0.0038  	-0.0159  	0.06981  	-0.0184  	0.14880  	-0.0095  	0.03107  	0.00427  	-0.0398  	0.10221  	
-0.3337  	0.00141  	-0.4068  	-1.2815  	-0.6574  	-1.2832  	0.30241  	0.22123  	0.06834  	0.28479  	0.12275  	-0.1242  	0.30219  	-0.0382  	0.02088  	0.51522  	-0.1573  	-0.0869  	0.10799  	0.10184  	0.00996  	0.34810  	-0.4625  	0.35030  	0.88787  	-0.4292  	0.31340  	-0.5791  	0.08920  	0.51316  	0.18867  	0.10792  	-0.2231  	0.01793  	0.40904  	0.00475  	0.28948  	0.08300  	-0.5816  	0.37477  	0.24003  	0.04058  	-0.1220  	0.39653  	0.02719  	-0.0729  	0.01025  	0.01651  	0.05223  	-0.1032  	0.02523  	-0.0472  	-0.0271  	0.01258  	-0.0454  	-0.0432  	0.01820  	0.00065  	-0.0327  	0.02419  	-0.0092  	-0.0187  	0.07686  	-0.0155  	0.14880  	-0.0095  	0.03107  	0.00427  	-0.0398  	0.10221  	
-0.2600  	0.00617  	-0.3628  	-1.2464  	-0.6989  	-1.2011  	0.30750  	0.33214  	0.10785  	0.29075  	0.23883  	-0.0933  	0.30591  	0.06115  	0.03041  	0.57876  	-0.1443  	-0.1222  	0.11899  	-0.0046  	0.10741  	0.39555  	-0.3740  	0.41212  	0.8228  	-0.4431  	0.33802  	-0.7285  	0.00683  	0.47382  	0.17942  	0.14049  	-0.2175  	-0.0100  	0.43040  	-0.0235  	0.36536  	0.12593  	-0.6125  	0.31910  	0.25683  	0.02943  	-0.1137  	0.40221  	0.01141  	-0.0636  	0.00102  	0.00884  	0.03705  	-0.0980  	0.00459  	-0.0466  	-0.0199  	0.01329  	-0.0388  	-0.0416  	0.01685  	-0.0036  	-0.0382  	0.02730  	-0.0052  	-0.0072  	0.06533  	-0.0211  	0.14880  	-0.0095  	0.03107  	0.00427  	-0.0398  	0.10221  	
-0.3438  	-0.0169  	-0.2803  	-1.5139  	-0.7622  	-1.3215  	0.31127  	0.24640  	0.10204  	0.33965  	0.44707  	-0.0818  	0.19754  	-0.1234  	-0.2789  	0.63684  	-0.1591  	-0.1060  	0.10114  	0.02434  	0.09512  	0.36817  	-0.4000  	0.45841  	0.77377  	-0.4335  	0.32625  	-0.6751  	-0.0423  	0.41290  	0.15268  	0.11922  	-0.2086  	-0.0087  	0.43307  	0.03333  	0.41282  	0.11102  	-0.6544  	0.34451  	0.27219  	0.05252  	-0.1353  	0.40621  	0.00131  	-0.0709  	0.01480  	0.00255  	0.04637  	-0.0964  	0.00938  	-0.0477  	-0.0246  	0.02181  	-0.0391  	-0.0500  	0.00876  	-0.0016  	-0.0346  	0.02701  	-0.0088  	-0.0152  	0.05973  	-0.0209  	0.14880  	-0.0095  	0.03107  	0.00427  	-0.0398  	0.10221  	
-0.4244  	-0.0554  	-0.3055  	-1.6373  	-0.8391  	-1.3833  	0.32564  	0.16047  	0.05984  	0.41638  	0.52082  	-0.1485  	0.12474  	-0.2760  	-0.4632  	0.66744  	-0.1614  	-0.0419  	0.11621  	0.07085  	0.00731  	0.29518  	-0.4490  	0.44061  	0.79043  	-0.4271  	0.35941  	-0.6379  	-0.0212  	0.41049  	0.17650  	0.15347  	-0.2292  	-0.0101  	0.40090  	0.10558  	0.36982  	0.13221  	-0.6471  	0.32962  	0.31471  	0.05275  	-0.1277  	0.39640  	0.01300  	-0.0759  	0.01117  	0.00393  	0.04073  	-0.0954  	0.00862  	-0.0458  	-0.0205  	0.01431  	-0.0326  	-0.0545  	0.02080  	0.00270  	-0.0330  	0.02668  	-0.0059  	-0.0188  	0.08724  	-0.0105  	0.14880  	-0.0095  	0.03107  	0.00427  	-0.0398  	0.10221  	
-0.3372  	-0.0935  	-0.2743  	-1.5404  	-0.8414  	-1.3027  	0.29720  	0.15557  	0.07110  	0.38676  	0.54232  	-0.1026  	0.15207  	-0.2364  	-0.3780  	0.68744  	-0.1489  	-0.1027  	0.10752  	0.08449  	0.14749  	0.29705  	-0.4688  	0.48252  	0.76517  	-0.4299  	0.37266  	-0.7004  	-0.1510  	0.37946  	0.17010  	0.18229  	-0.2301  	-0.0314  	0.44834  	0.07527  	0.44178  	0.13305  	-0.6796  	0.32517  	0.27395  	0.06920  	-0.1362  	0.39193  	0.01704  	-0.0772  	0.01225  	-0.0122  	0.04848  	-0.0947  	0.00725  	-0.0518  	-0.0289  	0.01713  	-0.0420  	-0.0517  	0.02713  	-0.0028  	-0.0360  	0.03051  	-0.0042  	-0.0147  	0.07691  	-0.0116  	0.14880  	-0.0095  	0.03107  	0.00427  	-0.0398  	0.10221  	
-0.2709  	-0.0158  	-0.2715  	-1.4556  	-0.7119  	-1.4118  	0.39843  	0.19181  	0.08518  	0.46989  	0.35283  	-0.1821  	0.22730  	-0.0751  	-0.2214  	0.58359  	-0.1487  	-0.1236  	0.12921  	0.01347  	-0.0198  	0.32629  	-0.5016  	0.45405  	0.82802  	-0.4378  	0.30572  	-0.6953  	-0.0086  	0.40610  	0.17534  	0.17445  	-0.2315  	0.00419  	0.42634  	0.08087  	0.38474  	0.08994  	-0.5616  	0.38540  	0.29660  	0.07742  	-0.1190  	0.41802  	-0.0039  	-0.0695  	0.00518  	0.01453  	0.04872  	-0.0923  	0.00832  	-0.0432  	-0.0329  	0.01673  	-0.0362  	-0.0527  	0.01787  	0.00360  	-0.0307  	0.02077  	0.00555  	-0.0012  	0.07935  	-0.0149  	0.14880  	-0.0095  	0.03107  	0.00427  	-0.0398  	0.10221  	
-0.2179  	0.07446  	-0.3073  	-1.3152  	-0.6336  	-1.3027  	0.32993  	0.26192  	0.11433  	0.41052  	0.20452  	-0.1278  	0.33000  	0.09531  	-0.0126  	0.48163  	-0.1694  	-0.1198  	0.13450  	0.04902  	-0.0105  	0.34057  	-0.5010  	0.35714  	0.84060  	-0.4338  	0.38809  	-0.6625  	0.08824  	0.49659  	0.15791  	0.12257  	-0.2235  	0.01337  	0.42408  	0.04819  	0.32309  	0.10128  	-0.5875  	0.37161  	0.26621  	0.05456  	-0.1150  	0.40338  	0.01891  	-0.0777  	-0.0075  	0.03990  	0.05908  	-0.0943  	0.00058  	-0.0481  	-0.0258  	0.01874  	-0.0331  	-0.0428  	0.02532  	-0.0033  	-0.0385  	0.01875  	0.00038  	-0.0154  	0.06715  	-0.0188  	0.14880  	-0.0095  	0.03107  	0.00427  	-0.0398  	0.10221  	
-0.2082  	0.02088  	-0.4599  	-1.0599  	-0.5143  	-1.2688  	0.34513  	0.26132  	0.11183  	0.31856  	0.05102  	-0.1387  	0.40332  	0.21408  	0.09255  	0.34795  	-0.1610  	-0.2012  	0.10957  	-0.0703  	-0.0495  	0.41006  	-0.4628  	0.36883  	0.94101  	-0.4313  	0.45082  	-0.5780  	0.17304  	0.55730  	0.12473  	0.11204  	-0.2057  	0.02967  	0.45982  	0.02327  	0.24795  	0.06858  	-0.5465  	0.38364  	0.18543  	0.08673  	-0.1475  	0.39221  	0.02245  	-0.0757  	0.00969  	0.02985  	0.05529  	-0.1064  	0.00432  	-0.0519  	-0.0270  	0.00923  	-0.0399  	-0.0389  	0.02146  	-0.0035  	-0.0236  	0.01837  	-0.0009  	-0.0204  	0.05748  	-0.0264  	0.14880  	-0.0095  	0.03107  	0.00427  	-0.0398  	0.10221  	
-0.1658  	0.06883  	-0.4824  	-1.1544  	-0.5290  	-1.2693  	0.36111  	0.30729  	0.10742  	0.29386  	0.02535  	-0.2466  	0.39290  	0.26549  	0.18876  	0.32394  	-0.1279  	-0.1974  	0.08499  	-0.1342  	-0.0486  	0.42386  	-0.4194  	0.44038  	0.96034  	-0.4413  	0.50980  	-0.6506  	0.17099  	0.53721  	0.13898  	0.11282  	-0.2256  	0.01131  	0.45132  	0.00057  	0.26570  	0.06160  	-0.5715  	0.39324  	0.14825  	0.06370  	-0.1630  	0.39740  	0.03132  	-0.0863  	0.01395  	0.00752  	0.05845  	-0.0971  	0.01035  	-0.0551  	-0.0268  	0.00977  	-0.0352  	-0.0434  	0.00945  	0.00916  	-0.0334  	0.02564  	0.00114  	-0.0148  	0.06518  	-0.0187  	0.14880  	-0.0095  	0.03107  	0.00427  	-0.0398  	0.10221  	
-0.2525  	0.05027  	-0.4182  	-1.0457  	-0.5308  	-1.3028  	0.34948  	0.26843  	0.10864  	0.33765  	0.06981  	-0.1337  	0.37577  	0.34383  	0.25333  	0.40930  	-0.1421  	-0.1787  	0.07666  	-0.0305  	0.04160  	0.43706  	-0.4508  	0.46134  	1.00332  	-0.4433  	0.43063  	-0.6665  	0.10178  	0.51425  	0.13187  	0.09318  	-0.2142  	0.01609  	0.46789  	0.00811  	0.29749  	0.06941  	-0.5707  	0.39008  	0.15606  	0.09096  	-0.1767  	0.38230  	0.02393  	-0.0631  	0.00791  	0.02374  	0.04680  	-0.1055  	0.00724  	-0.0486  	-0.0292  	0.01091  	-0.0399  	-0.0402  	0.01870  	-0.0069  	-0.0206  	0.02843  	-0.0015  	-0.0098  	0.07318  	-0.0182  	0.14880  	-0.0095  	0.03107  	0.00427  	-0.0398  	0.10221  	
-0.3434  	0.00303  	-0.4752  	-0.8910  	-0.4431  	-1.3176  	0.34504  	0.21548  	0.10935  	0.27761  	0.13630  	-0.0733  	0.33440  	0.35676  	0.28043  	0.38394  	-0.1260  	-0.1898  	0.04480  	0.03189  	-0.0068  	0.43071  	-0.5120  	0.48767  	0.99306  	-0.4364  	0.42612  	-0.5881  	0.10800  	0.54880  	0.13042  	0.12218  	-0.2188  	0.00988  	0.51104  	0.00386  	0.30037  	0.05553  	-0.5924  	0.37014  	0.14847  	0.09680  	-0.1833  	0.37015  	0.04057  	-0.0770  	0.00991  	0.00428  	0.03051  	-0.0927  	0.00091  	-0.0480  	-0.0303  	0.01430  	-0.0471  	-0.0464  	0.03253  	-0.0021  	-0.0279  	0.02274  	-0.0064  	-0.0087  	0.06198  	-0.0123  	0.14880  	-0.0095  	0.03107  	0.00427  	-0.0398  	0.10221  	
-0.3705  	0.02019  	-0.5167  	-1.0124  	-0.4909  	-1.2996  	0.32129  	0.24134  	0.09294  	0.21271  	0.06230  	-0.0551  	0.35426  	0.26154  	0.18605  	0.45722  	-0.1480  	-0.1188  	0.06742  	0.07783  	-0.0648  	0.38142  	-0.5230  	0.37403  	0.96050  	-0.4222  	0.35211  	-0.4572  	0.21174  	0.56905  	0.14111  	0.08987  	-0.2152  	0.02647  	0.44482  	0.01218  	0.22231  	0.05197  	-0.5493  	0.36245  	0.15946  	0.07940  	-0.1732  	0.36547  	0.03737  	-0.0705  	0.01385  	0.01497  	0.03754  	-0.1050  	0.00573  	-0.0503  	-0.0246  	0.00910  	-0.0458  	-0.0395  	0.02467  	0.00307  	-0.0217  	0.01418  	-0.0059  	-0.0140  	0.06651  	-0.0193  	0.14880  	-0.0095  	0.03107  	0.00427  	-0.0398  	0.10221  	
-0.3822  	0.03228  	-0.4782  	-1.1293  	-0.5786  	-1.2204  	0.31998  	0.26192  	0.08774  	0.19162  	0.02872  	-0.1105  	0.36836  	0.19154  	0.19174  	0.44101  	-0.1287  	-0.1029  	0.05525  	0.04766  	-0.0150  	0.41357  	-0.4835  	0.39810  	0.92596  	-0.4263  	0.32897  	-0.4917  	0.21744  	0.53884  	0.14133  	0.06935  	-0.2146  	0.02249  	0.41187  	0.01554  	0.23913  	0.05220  	-0.5361  	0.36853  	0.19742  	0.08394  	-0.1516  	0.37410  	0.02104  	-0.0747  	0.01455  	0.00565  	0.04613  	-0.1052  	0.01190  	-0.0482  	-0.0299  	0.00945  	-0.0414  	-0.0464  	0.01559  	0.00561  	-0.0253  	0.01206  	-0.0041  	-0.0013  	0.07204  	-0.0123  	0.14880  	-0.0095  	0.03107  	0.00427  	-0.0398  	0.10221  	
-0.3185  	0.03489  	-0.3225  	-1.3899  	-0.7406  	-1.2245  	0.36767  	0.26243  	0.16308  	0.30127  	0.21410  	-0.1335  	0.34645  	0.04944  	-0.0402  	0.56475  	-0.1477  	-0.0374  	0.08968  	0.10359  	0.03159  	0.32566  	-0.4503  	0.36841  	0.84246  	-0.4024  	0.21166  	-0.5694  	0.15015  	0.46173  	0.18704  	0.07073  	-0.1673  	0.02583  	0.37098  	-0.0090  	0.27679  	0.09972  	-0.5591  	0.36596  	0.31030  	0.03754  	-0.1134  	0.37549  	0.00954  	-0.0749  	0.01232  	0.01056  	0.05228  	-0.1071  	0.01316  	-0.0496  	-0.0318  	0.01245  	-0.0375  	-0.0425  	0.01571  	-0.0037  	-0.0306  	0.02732  	-0.0110  	-0.0041  	0.06786  	-0.0095  	0.14880  	-0.0095  	0.03107  	0.00427  	-0.0398  	0.10221  	
-0.5497  	-0.0378  	-0.4224  	-1.6653  	-0.8588  	-1.4280  	0.36943  	0.23929  	0.12777  	0.34993  	0.48145  	-0.1442  	0.29898  	0.03979  	-0.3194  	0.52012  	-0.1703  	-0.0298  	0.11706  	0.13525  	0.09009  	0.31426  	-0.4261  	0.42176  	0.81017  	-0.3983  	0.23260  	-0.6207  	-0.0077  	0.39549  	0.23472  	0.07968  	-0.1642  	0.00802  	0.39503  	0.02705  	0.34756  	0.11797  	-0.6141  	0.34090  	0.30591  	0.03938  	-0.1298  	0.36329  	0.01495  	-0.0685  	0.01787  	-0.0105  	0.02309  	-0.0937  	0.00084  	-0.0489  	-0.0338  	0.01219  	-0.0488  	-0.0552  	0.01336  	0.00016  	-0.0289  	0.02659  	-0.0002  	-0.0144  	0.05992  	-0.0125  	0.14880  	-0.0095  	0.03107  	0.00427  	-0.0398  	0.10221  	
-0.8294  	-0.1267  	-0.5993  	-1.8550  	-0.9047  	-1.6153  	0.28797  	0.13638  	0.07882  	0.39572  	0.59276  	-0.1197  	0.18967  	-0.1877  	-0.4497  	0.40311  	-0.1571  	-0.0270  	0.12730  	0.08641  	0.04555  	0.26966  	-0.3807  	0.39986  	0.69265  	-0.3798  	0.20818  	-0.5658  	0.02714  	0.38234  	0.25051  	0.09695  	-0.1951  	0.00930  	0.32300  	0.03343  	0.30941  	0.09232  	-0.6216  	0.32569  	0.30657  	0.02953  	-0.1542  	0.36477  	0.02090  	-0.0727  	0.01654  	-0.0144  	0.01488  	-0.0861  	0.00854  	-0.0464  	-0.0347  	0.01695  	-0.0460  	-0.0567  	0.02105  	0.00470  	-0.0271  	0.02622  	0.00138  	-0.0189  	0.06815  	-0.0142  	0.14880  	-0.0095  	0.03107  	0.00427  	-0.0398  	0.10221  	
-0.8871  	-0.1435  	-0.5152  	-1.9910  	-1.0121  	-1.6079  	0.23836  	0.14706  	0.02383  	0.38836  	0.64177  	-0.1876  	0.18513  	-0.4230  	-0.4993  	0.36630  	-0.0341  	-0.1863  	0.20150  	-0.1757  	0.04948  	0.03754  	-0.5418  	0.32462  	0.65709  	-0.2583  	0.15192  	-0.6344  	0.14183  	0.34587  	0.37232  	0.04533  	-0.3296  	-0.1644  	0.15480  	0.04487  	0.23689  	0.11105  	-0.7230  	0.20769  	0.45677  	0.15191  	-0.2437  	0.46728  	-0.0399  	-0.0502  	-0.0036  	0.00417  	0.00154  	-0.1024  	0.00127  	-0.0375  	-0.0256  	0.02976  	-0.0340  	-0.0646  	0.01942  	-0.0088  	-0.0251  	0.02799  	0.00921  	-0.0155  	0.05501  	-0.0084  	0.14880  	-0.0095  	0.03107  	0.00427  	-0.0398  	0.10221  	
-0.9062  	-0.1089  	-0.4460  	-1.9382  	-1.0136  	-1.6364  	0.21889  	0.16803  	0.01345  	0.37006  	0.56603  	-0.1219  	0.23290  	-0.4646  	-0.4652  	0.36161  	0.05509  	-0.2866  	0.25683  	-0.4230  	-0.0180  	-0.1467  	-0.7303  	0.30227  	0.55608  	-0.1572  	0.09100  	-0.6566  	0.25793  	0.32406  	0.47707  	-0.0019  	-0.3955  	-0.2878  	0.06022  	0.03758  	0.09088  	0.11124  	-0.7952  	0.15595  	0.55976  	0.25803  	-0.3171  	0.55016  	-0.1011  	-0.0372  	-0.0215  	0.04026  	-0.0114  	-0.1140  	0.00254  	-0.0296  	-0.0253  	0.04563  	-0.0246  	-0.0687  	0.01189  	-0.0182  	-0.0257  	0.03108  	0.01802  	-0.0106  	0.04066  	-0.0071  	0.14880  	-0.0095  	0.03107  	0.00427  	-0.0398  	0.10221  	
-0.8407  	-0.0771  	-0.4383  	-1.9107  	-0.9505  	-1.7023  	0.22122  	0.20285  	0.01287  	0.41187  	0.54305  	-0.0949  	0.28060  	-0.4130  	-0.4038  	0.31954  	0.04024  	-0.3068  	0.26542  	-0.4185  	0.01314  	-0.1663  	-0.8378  	0.28967  	0.55196  	-0.1578  	0.07701  	-0.6469  	0.28462  	0.33728  	0.49566  	-0.0249  	-0.3948  	-0.3029  	0.08733  	0.02769  	0.05109  	0.09016  	-0.8088  	0.15169  	0.56548  	0.28321  	-0.3437  	0.55979  	-0.1131  	-0.0335  	-0.0269  	0.04684  	-0.0061  	-0.1146  	0.00942  	-0.0335  	-0.0245  	0.04937  	-0.0245  	-0.0654  	0.01038  	-0.0153  	-0.0313  	0.03104  	0.01286  	-0.0180  	0.03979  	-0.0051  	0.14880  	-0.0095  	0.03107  	0.00427  	-0.0398  	0.10221  	
-0.9616  	-0.1459  	-0.5927  	-1.9561  	-0.9685  	-1.7756  	0.22264  	0.19510  	0.00888  	0.39971  	0.63571  	-0.0984  	0.26924  	-0.3625  	-0.4327  	0.28631  	0.02810  	-0.2699  	0.26830  	-0.3975  	0.04976  	-0.1605  	-0.8111  	0.33960  	0.58892  	-0.1815  	0.13675  	-0.7075  	0.23013  	0.32942  	0.48313  	-0.0241  	-0.3787  	-0.2871  	0.16328  	0.00538  	0.09810  	0.08010  	-0.8007  	0.15277  	0.48317  	0.26385  	-0.3388  	0.53702  	-0.0907  	-0.0370  	-0.0287  	0.04094  	-0.0110  	-0.1172  	0.01147  	-0.0401  	-0.0313  	0.04254  	-0.0298  	-0.0604  	0.01177  	-0.0161  	-0.0335  	0.03449  	0.01276  	-0.0128  	0.03957  	-0.0088  	0.14880  	-0.0095  	0.03107  	0.00427  	-0.0398  	0.10221  	
-0.9441  	-0.1080  	-0.5676  	-1.9853  	-1.0041  	-1.7672  	0.23089  	0.18293  	0.04294  	0.43987  	0.64847  	-0.0922  	0.21397  	-0.3527  	-0.5394  	0.33664  	-0.0583  	-0.1472  	0.18942  	-0.1639  	-0.0081  	0.04433  	-0.5779  	0.29811  	0.59269  	-0.2581  	0.11364  	-0.6145  	0.14174  	0.33060  	0.37014  	0.02564  	-0.2973  	-0.1612  	0.19308  	0.03533  	0.17780  	0.09972  	-0.7121  	0.22016  	0.43625  	0.15609  	-0.2414  	0.46907  	-0.0518  	-0.0553  	0.00236  	0.02628  	0.00718  	-0.1070  	0.00801  	-0.0452  	-0.0319  	0.03105  	-0.0292  	-0.0553  	0.01217  	-0.0066  	-0.0302  	0.02620  	0.01108  	-0.0136  	0.05345  	-0.0104  	0.14880  	-0.0095  	0.03107  	0.00427  	-0.0398  	0.10221  	
-1.0061  	-0.1413  	-0.6441  	-2.0737  	-1.0152  	-1.7753  	0.29390  	0.07113  	0.04308  	0.48846  	0.67939  	-0.1383  	0.14784  	-0.3570  	-0.6556  	0.39593  	-0.1582  	0.01081  	0.11581  	0.09930  	-0.0934  	0.28899  	-0.3155  	0.29321  	0.66966  	-0.3563  	0.10906  	-0.5029  	0.07935  	0.34507  	0.26198  	0.06864  	-0.2188  	0.00969  	0.23240  	0.08151  	0.28008  	0.10838  	-0.5944  	0.29243  	0.38527  	0.03463  	-0.1177  	0.38333  	0.00957  	-0.0751  	0.02522  	-0.0012  	0.02296  	-0.0951  	-0.0044  	-0.0463  	-0.0311  	0.01686  	-0.0388  	-0.0567  	0.01456  	0.00265  	-0.0287  	0.01589  	0.00959  	-0.0084  	0.07465  	-0.0131  	0.14880  	-0.0095  	0.03107  	0.00427  	-0.0398  	0.10221  	
-1.0559  	-0.1646  	-0.6340  	-2.1032  	-1.0424  	-1.8128  	0.28851  	0.03967  	0.03468  	0.49244  	0.68564  	-0.1544  	0.09396  	-0.4402  	-0.7232  	0.42165  	-0.1686  	0.02635  	0.11589  	0.08450  	-0.0646  	0.26903  	-0.2973  	0.29499  	0.61595  	-0.3393  	0.10506  	-0.5233  	0.04328  	0.33846  	0.27265  	0.07882  	-0.2320  	0.00354  	0.20702  	0.07909  	0.29043  	0.10943  	-0.6054  	0.28122  	0.40896  	0.02439  	-0.1106  	0.39558  	0.02410  	-0.0752  	0.02220  	-0.0147  	0.01791  	-0.0934  	-0.0110  	-0.0463  	-0.0273  	0.01336  	-0.0423  	-0.0616  	0.00971  	0.00521  	-0.0268  	0.01553  	0.00363  	-0.0042  	0.07641  	-0.0105  	0.14880  	-0.0095  	0.03107  	0.00427  	-0.0398  	0.10221  	
-1.0270  	-0.1699  	-0.5939  	-2.0876  	-1.0537  	-1.7912  	0.28628  	0.05209  	0.04855  	0.49986  	0.65008  	-0.1490  	0.10156  	-0.4087  	-0.7061  	0.43891  	-0.1541  	0.00568  	0.10908  	0.07868  	-0.0685  	0.26282  	-0.2961  	0.29257  	0.61718  	-0.3439  	0.09902  	-0.5409  	0.05630  	0.34831  	0.27712  	0.08090  	-0.2284  	0.00770  	0.21595  	0.06779  	0.28741  	0.11445  	-0.6081  	0.28107  	0.40880  	0.02843  	-0.1100  	0.40259  	0.02545  	-0.0738  	0.02278  	-0.0204  	0.02428  	-0.0959  	-0.0137  	-0.0447  	-0.0272  	0.01448  	-0.0390  	-0.0644  	0.00965  	0.00494  	-0.0297  	0.01108  	0.00445  	-0.0042  	0.07773  	-0.0093  	0.14880  	-0.0095  	0.03107  	0.00427  	-0.0398  	0.10221  	
-0.9143  	-0.1342  	-0.5611  	-2.0085  	-1.0174  	-1.6988  	0.27080  	0.11400  	0.07053  	0.44251  	0.57048  	-0.1163  	0.13819  	-0.3295  	-0.5745  	0.47043  	-0.1153  	-0.0036  	0.12701  	0.07628  	-0.0539  	0.26474  	-0.2719  	0.29899  	0.60928  	-0.3487  	0.08684  	-0.5376  	0.07540  	0.34915  	0.27300  	0.07135  	-0.2137  	0.01256  	0.22059  	0.03828  	0.28155  	0.11936  	-0.5979  	0.29722  	0.40482  	0.02244  	-0.1100  	0.40082  	0.01537  	-0.0739  	0.02615  	-0.0104  	0.02968  	-0.0975  	-0.0076  	-0.0463  	-0.0270  	0.01462  	-0.0381  	-0.0689  	0.01572  	0.00799  	-0.0334  	0.01645  	0.00339  	-0.0060  	0.08171  	-0.0063  	0.14880  	-0.0095  	0.03107  	0.00427  	-0.0398  	0.10221  	
-0.8060  	-0.1019  	-0.5068  	-1.9213  	-0.9899  	-1.6154  	0.27006  	0.14649  	0.07612  	0.37363  	0.54915  	-0.1014  	0.16045  	-0.2404  	-0.4705  	0.46370  	-0.1092  	-0.0371  	0.10958  	0.06784  	8.10062  	0.28166  	-0.2742  	0.32102  	0.62210  	-0.3494  	0.10058  	-0.5598  	0.04647  	0.34696  	0.26365  	0.07914  	-0.1968  	0.01150  	0.24717  	0.00628  	0.32747  	0.12580  	-0.6085  	0.28824  	0.39517  	0.02334  	-0.1038  	0.39582  	0.01597  	-0.0714  	0.02862  	-0.0182  	0.02347  	-0.0894  	-0.0079  	-0.0460  	-0.0270  	0.01648  	-0.0407  	-0.0627  	0.01509  	0.00400  	-0.0338  	0.01972  	0.00231  	-0.0058  	0.07432  	-0.0108  	0.14880  	-0.0095  	0.03107  	0.00427  	-0.0398  	0.10221  	
-0.6552  	-0.0307  	-0.4304  	-1.8330  	-0.9484  	-1.5400  	0.25558  	0.19729  	0.10876  	0.32729  	0.54077  	-0.0870  	0.19010  	-0.1410  	-0.3755  	0.47365  	-0.1220  	-0.0829  	0.11283  	0.06222  	0.08250  	0.27906  	-0.2838  	0.32873  	0.59985  	-0.3570  	0.13840  	-0.5952  	-0.0119  	0.34212  	0.25751  	0.08750  	-0.1526  	0.00702  	0.32753  	-0.0318  	0.37856  	0.13772  	-0.6434  	0.28235  	0.38100  	0.01905  	-0.1127  	0.38822  	0.00954  	-0.0652  	0.03223  	-0.0088  	0.01308  	-0.0851  	-0.0071  	-0.0453  	-0.0296  	0.01504  	-0.0450  	-0.0555  	0.00970  	-0.0033  	-0.0363  	0.02011  	0.00527  	-0.0041  	0.06728  	-0.0120  	0.14880  	-0.0095  	0.03107  	0.00427  	-0.0398  	0.10221  	
-0.5003  	0.03424  	-0.3419  	-1.7335  	-0.9481  	-1.4398  	0.28522  	0.24466  	0.11521  	0.29902  	0.56704  	-0.1008  	0.21313  	-0.0145  	-0.2415  	0.51793  	-0.1398  	-0.1005  	0.09632  	0.01753  	0.20888  	0.27612  	-0.3045  	0.35858  	0.62440  	-0.3732  	0.21548  	-0.6996  	-0.1015  	0.34485  	0.25432  	0.09329  	-0.1655  	0.00203  	0.39810  	-0.0732  	0.43784  	0.16318  	-0.6727  	0.27454  	0.34523  	0.02440  	-0.1247  	0.38602  	0.00453  	-0.0641  	0.03214  	-0.0166  	0.01109  	-0.0801  	-0.0100  	-0.0406  	-0.0264  	0.01900  	-0.0400  	-0.0590  	0.00431  	-0.0021  	-0.0346  	0.01315  	0.00399  	0.00186  	0.07389  	-0.0117  	0.14880  	-0.0095  	0.03107  	0.00427  	-0.0398  	0.10221  	
-0.2891  	0.09747  	-0.2136  	-1.6567  	-0.9740  	-1.3076  	0.29164  	0.34499  	0.18664  	0.23824  	0.61920  	-0.0980  	0.22084  	0.06099  	-0.1669  	0.57870  	-0.1159  	-0.1698  	0.10168  	-0.0735  	0.37518  	0.30515  	-0.2373  	0.44940  	0.59960  	-0.3948  	0.34611  	-0.8966  	-0.2835  	0.34486  	0.22496  	0.14624  	-0.1581  	-0.0148  	0.49039  	-0.1333  	0.57076  	0.20398  	-0.7391  	0.22570  	0.30386  	0.02391  	-0.1222  	0.38455  	0.00304  	-0.0681  	0.02221  	-0.0082  	0.02326  	-0.0771  	-0.0155  	-0.0443  	-0.0247  	0.02339  	-0.0448  	-0.0425  	0.00120  	0.00172  	-0.0363  	0.01942  	0.00627  	0.00467  	0.06337  	-0.0178  	0.14880  	-0.0095  	0.03107  	0.00427  	-0.0398  	0.10221  	
-0.2275  	0.09021  	-0.1733  	-1.6390  	-0.9839  	-1.2433  	0.29832  	0.38668  	0.20217  	0.21096  	0.61692  	-0.0840  	0.23386  	0.08263  	-0.1144  	0.61644  	-0.0957  	-0.1943  	0.11500  	-0.0962  	0.39573  	0.32087  	-0.2094  	0.49698  	0.62766  	-0.4040  	0.40317  	-0.9469  	-0.3260  	0.35711  	0.22518  	0.15798  	-0.1617  	-0.0141  	0.50949  	-0.1371  	0.61608  	0.22021  	-0.7314  	0.21214  	0.27478  	0.03129  	-0.1193  	0.38051  	0.00352  	-0.0693  	0.01831  	0.00062  	0.02971  	-0.0845  	-0.0178  	-0.0405  	-0.0242  	0.02664  	-0.0438  	-0.0408  	0.00124  	0.00314  	-0.0371  	0.02598  	0.00602  	-0.0019  	0.07065  	-0.0128  	0.14880  	-0.0095  	0.03107  	0.00427  	-0.0398  	0.10221  	
-0.2267  	0.08625  	-0.1756  	-1.6326  	-0.9796  	-1.2371  	0.29984  	0.38866  	0.20207  	0.21220  	0.61506  	-0.0837  	0.23494  	0.08017  	-0.1099  	0.61691  	-0.0921  	-0.1947  	0.11380  	-0.0917  	0.39276  	0.31951  	-0.2083  	0.50066  	0.62922  	-0.4038  	0.40493  	-0.9454  	-0.3255  	0.35881  	0.22452  	0.15845  	-0.1630  	-0.0134  	0.50848  	-0.1374  	0.61362  	0.22108  	-0.7290  	0.21165  	0.27038  	0.03151  	-0.1194  	0.38069  	0.00405  	-0.0685  	0.01793  	0.00020  	0.02983  	-0.0857  	-0.0175  	-0.0402  	-0.0243  	0.02607  	-0.0436  	-0.0414  	0.00138  	0.00354  	-0.0377  	0.02522  	0.00588  	-0.0018  	0.07136  	-0.0122  	0.14880  	-0.0095  	0.03107  	0.00427  	-0.0398  	0.10221  	
-0.2267  	0.08625  	-0.1756  	-1.6326  	-0.9796  	-1.2371  	0.29984  	0.38866  	0.20207  	0.21220  	0.61506  	-0.0837  	0.23494  	0.08017  	-0.1099  	0.61691  	-0.0921  	-0.1947  	0.11380  	-0.0917  	0.39276  	0.31951  	-0.2083  	0.50066  	0.62922  	-0.4038  	0.40493  	-0.9454  	-0.3255  	0.35881  	0.22452  	0.15845  	-0.1630  	-0.0134  	0.50848  	-0.1374  	0.61362  	0.22108  	-0.7290  	0.21165  	0.27038  	0.03151  	-0.1194  	0.38069  	0.00405  	-0.0685  	0.01793  	0.00020  	0.02983  	-0.0857  	-0.0175  	-0.0402  	-0.0243  	0.02607  	-0.0436  	-0.0414  	0.00138  	0.00354  	-0.0377  	0.02522  	0.00588  	-0.0018  	0.07136  	-0.0122  	0.14880  	-0.0095  	0.03107  	0.00427  	-0.0398  	0.10221  	
-0.2267  	0.08625  	-0.1756  	-1.6326  	-0.9796  	-1.2371  	0.29984  	0.38866  	0.20207  	0.21220  	0.61506  	-0.0837  	0.23494  	0.08017  	-0.1099  	0.61691  	-0.0921  	-0.1947  	0.11380  	-0.0917  	0.39276  	0.31951  	-0.2083  	0.50066  	0.62922  	-0.4038  	0.40493  	-0.9454  	-0.3255  	0.35881  	0.22452  	0.15845  	-0.1630  	-0.0134  	0.50848  	-0.1374  	0.61362  	0.22108  	-0.7290  	0.21165  	0.27038  	0.03151  	-0.1194  	0.38069  	0.00405  	-0.0685  	0.01793  	0.00020  	0.02983  	-0.0857  	-0.0175  	-0.0402  	-0.0243  	0.02607  	-0.0436  	-0.0414  	0.00138  	0.00354  	-0.0377  	0.02522  	0.00588  	-0.0018  	0.07136  	-0.0122  	0.14880  	-0.0095  	0.03107  	0.00427  	-0.0398  	0.10221  	
-0.2267  	0.08625  	-0.1756  	-1.6326  	-0.9796  	-1.2371  	0.29984  	0.38866  	0.20207  	0.21220  	0.61506  	-0.0837  	0.23494  	0.08017  	-0.1099  	0.61691  	-0.0921  	-0.1947  	0.11380  	-0.0917  	0.39276  	0.31951  	-0.2083  	0.50066  	0.62922  	-0.4038  	0.40493  	-0.9454  	-0.3255  	0.35881  	0.22452  	0.15845  	-0.1630  	-0.0134  	0.50848  	-0.1374  	0.61362  	0.22108  	-0.7290  	0.21165  	0.27038  	0.03151  	-0.1194  	0.38069  	0.00405  	-0.0685  	0.01793  	0.00020  	0.02983  	-0.0857  	-0.0175  	-0.0402  	-0.0243  	0.02607  	-0.0436  	-0.0414  	0.00138  	0.00354  	-0.0377  	0.02522  	0.00588  	-0.0018  	0.07136  	-0.0122  	0.14880  	-0.0095  	0.03107  	0.00427  	-0.0398  	0.10221  	
-0.2267  	0.08625  	-0.1756  	-1.6326  	-0.9796  	-1.2371  	0.29984  	0.38866  	0.20207  	0.21220  	0.61506  	-0.0837  	0.23494  	0.08017  	-0.1099  	0.61691  	-0.0921  	-0.1947  	0.11380  	-0.0917  	0.39276  	0.31951  	-0.2083  	0.50066  	0.62922  	-0.4038  	0.40493  	-0.9454  	-0.3255  	0.35881  	0.22452  	0.15845  	-0.1630  	-0.0134  	0.50848  	-0.1374  	0.61362  	0.22108  	-0.7290  	0.21165  	0.27038  	0.03151  	-0.1194  	0.38069  	0.00405  	-0.0685  	0.01793  	0.00020  	0.02983  	-0.0857  	-0.0175  	-0.0402  	-0.0243  	0.02607  	-0.0436  	-0.0414  	0.00138  	0.00354  	-0.0377  	0.02522  	0.00588  	-0.0018  	0.07136  	-0.0122  	0.14880  	-0.0095  	0.03107  	0.00427  	-0.0398  	0.10221  	
-0.2267  	0.08625  	-0.1756  	-1.6326  	-0.9796  	-1.2371  	0.29984  	0.38866  	0.20207  	0.21220  	0.61506  	-0.0837  	0.23494  	0.08017  	-0.1099  	0.61691  	-0.0921  	-0.1947  	0.11380  	-0.0917  	0.39276  	0.31951  	-0.2083  	0.50066  	0.62922  	-0.4038  	0.40493  	-0.9454  	-0.3255  	0.35881  	0.22452  	0.15845  	-0.1630  	-0.0134  	0.50848  	-0.1374  	0.61362  	0.22108  	-0.7290  	0.21165  	0.27038  	0.03151  	-0.1194  	0.38069  	0.00405  	-0.0685  	0.01793  	0.00020  	0.02983  	-0.0857  	-0.0175  	-0.0402  	-0.0243  	0.02607  	-0.0436  	-0.0414  	0.00138  	0.00354  	-0.0377  	0.02522  	0.00588  	-0.0018  	0.07136  	-0.0122  	0.14880  	-0.0095  	0.03107  	0.00427  	-0.0398  	0.10221  	
-0.2267  	0.08625  	-0.1756  	-1.6326  	-0.9796  	-1.2371  	0.29984  	0.38866  	0.20207  	0.21220  	0.61506  	-0.0837  	0.23494  	0.08017  	-0.1099  	0.61691  	-0.0921  	-0.1947  	0.11380  	-0.0917  	0.39276  	0.31951  	-0.2083  	0.50066  	0.62922  	-0.4038  	0.40493  	-0.9454  	-0.3255  	0.35881  	0.22452  	0.15845  	-0.1630  	-0.0134  	0.50848  	-0.1374  	0.61362  	0.22108  	-0.7290  	0.21165  	0.27038  	0.03151  	-0.1194  	0.38069  	0.00405  	-0.0685  	0.01793  	0.00020  	0.02983  	-0.0857  	-0.0175  	-0.0402  	-0.0243  	0.02607  	-0.0436  	-0.0414  	0.00138  	0.00354  	-0.0377  	0.02522  	0.00588  	-0.0018  	0.07136  	-0.0122  	0.14880  	-0.0095  	0.03107  	0.00427  	-0.0398  	0.10221  	
-0.2267  	0.08625  	-0.1756  	-1.6326  	-0.9796  	-1.2371  	0.29984  	0.38866  	0.20207  	0.21220  	0.61506  	-0.0837  	0.23494  	0.08017  	-0.1099  	0.61691  	-0.0921  	-0.1947  	0.11380  	-0.0917  	0.39276  	0.31951  	-0.2083  	0.50066  	0.62922  	-0.4038  	0.40493  	-0.9454  	-0.3255  	0.35881  	0.22452  	0.15845  	-0.1630  	-0.0134  	0.50848  	-0.1374  	0.61362  	0.22108  	-0.7290  	0.21165  	0.27038  	0.03151  	-0.1194  	0.38069  	0.00405  	-0.0685  	0.01793  	0.00020  	0.02983  	-0.0857  	-0.0175  	-0.0402  	-0.0243  	0.02607  	-0.0436  	-0.0414  	0.00138  	0.00354  	-0.0377  	0.02522  	0.00588  	-0.0018  	0.07136  	-0.0122  	0.14880  	-0.0095  	0.03107  	0.00427  	-0.0398  	0.10221  	
-0.2267  	0.08625  	-0.1756  	-1.6326  	-0.9796  	-1.2371  	0.29984  	0.38866  	0.20207  	0.21220  	0.61506  	-0.0837  	0.23494  	0.08017  	-0.1099  	0.61691  	-0.0921  	-0.1947  	0.11380  	-0.0917  	0.39276  	0.31951  	-0.2083  	0.50066  	0.62922  	-0.4038  	0.40493  	-0.9454  	-0.3255  	0.35881  	0.22452  	0.15845  	-0.1630  	-0.0134  	0.50848  	-0.1374  	0.61362  	0.22108  	-0.7290  	0.21165  	0.27038  	0.03151  	-0.1194  	0.38069  	0.00405  	-0.0685  	0.01793  	0.00020  	0.02983  	-0.0857  	-0.0175  	-0.0402  	-0.0243  	0.02607  	-0.0436  	-0.0414  	0.00138  	0.00354  	-0.0377  	0.02522  	0.00588  	-0.0018  	0.07136  	-0.0122  	0.14880  	-0.0095  	0.03107  	0.00427  	-0.0398  	0.10221  	
-0.2267  	0.08625  	-0.1756  	-1.6326  	-0.9796  	-1.2371  	0.29984  	0.38866  	0.20207  	0.21220  	0.61506  	-0.0837  	0.23494  	0.08017  	-0.1099  	0.61691  	-0.0921  	-0.1947  	0.11380  	-0.0917  	0.39276  	0.31951  	-0.2083  	0.50066  	0.62922  	-0.4038  	0.40493  	-0.9454  	-0.3255  	0.35881  	0.22452  	0.15845  	-0.1630  	-0.0134  	0.50848  	-0.1374  	0.61362  	0.22108  	-0.7290  	0.21165  	0.27038  	0.03151  	-0.1194  	0.38069  	0.00405  	-0.0685  	0.01793  	0.00020  	0.02983  	-0.0857  	-0.0175  	-0.0402  	-0.0243  	0.02607  	-0.0436  	-0.0414  	0.00138  	0.00354  	-0.0377  	0.02522  	0.00588  	-0.0018  	0.07136  	-0.0122  	0.14880  	-0.0095  	0.03107  	0.00427  	-0.0398  	0.10221  	
-0.2270  	0.08367  	-0.1731  	-1.6338  	-0.9761  	-1.2433  	0.30185  	0.38498  	0.19895  	0.21546  	0.61769  	-0.0835  	0.23510  	0.08063  	-0.1211  	0.61913  	-0.0965  	-0.1879  	0.11292  	-0.0862  	0.39179  	0.31773  	-0.2144  	0.49899  	0.63019  	-0.4043  	0.40318  	-0.9419  	-0.3216  	0.35608  	0.22395  	0.15869  	-0.1581  	-0.0135  	0.50823  	-0.1350  	0.61382  	0.21945  	-0.7294  	0.20969  	0.27343  	0.03204  	-0.1183  	0.37949  	0.00376  	-0.0686  	0.01857  	0.00130  	0.03019  	-0.0853  	-0.0179  	-0.0405  	-0.0246  	0.02616  	-0.0431  	-0.0413  	0.00150  	0.00308  	-0.0380  	0.02495  	0.00627  	-0.0024  	0.07137  	-0.0122  	0.14880  	-0.0095  	0.03107  	0.00427  	-0.0398  	0.10221  	
-0.1860  	0.09136  	-0.1517  	-1.5435  	-0.8784  	-1.2107  	0.32810  	0.37065  	0.17789  	0.24346  	0.50787  	-0.0948  	0.27070  	0.13105  	-0.1127  	0.63337  	-0.1059  	-0.1684  	0.11144  	-0.0597  	0.30693  	0.31939  	-0.2703  	0.49537  	0.68972  	-0.4033  	0.40598  	-0.8745  	-0.2367  	0.37882  	0.21088  	0.14036  	-0.1649  	-0.0165  	0.48502  	-0.1002  	0.52941  	0.18019  	-0.6986  	0.24779  	0.25193  	0.03753  	-0.1155  	0.39368  	0.00900  	-0.0689  	0.01336  	0.01177  	0.03783  	-0.0853  	-0.0086  	-0.0425  	-0.0256  	0.01856  	-0.0421  	-0.0429  	0.00347  	0.00084  	-0.0384  	0.02090  	0.00363  	-0.0019  	0.07689  	-0.0152  	0.14880  	-0.0095  	0.03107  	0.00427  	-0.0398  	0.10221  	
-0.1800  	0.06249  	-0.1548  	-1.4806  	-0.8433  	-1.1680  	0.32884  	0.36417  	0.16157  	0.25474  	0.37993  	-0.1362  	0.30764  	0.16972  	-0.1072  	0.57135  	-0.1093  	-0.1529  	0.09804  	-0.0648  	0.21679  	0.33295  	-0.3012  	0.45299  	0.73152  	-0.4151  	0.39205  	-0.8055  	-0.1429  	0.41168  	0.21441  	0.13888  	-0.1789  	-0.0102  	0.44844  	-0.0764  	0.47286  	0.14148  	-0.6547  	0.27333  	0.26643  	0.03956  	-0.1154  	0.39824  	0.01162  	-0.0674  	0.00787  	0.02149  	0.04641  	-0.0880  	-0.0012  	-0.0435  	-0.0259  	0.01483  	-0.0402  	-0.0408  	0.00086  	0.00067  	-0.0331  	0.02217  	0.00510  	-0.0027  	0.07590  	-0.0153  	0.14880  	-0.0095  	0.03107  	0.00427  	-0.0398  	0.10221  	
-0.1964  	0.05525  	-0.1629  	-1.4481  	-0.8281  	-1.1900  	0.35879  	0.31597  	0.17237  	0.29308  	0.29347  	-0.1850  	0.33119  	0.14424  	-0.1115  	0.53557  	-0.1127  	-0.1287  	0.08131  	-0.0300  	0.12858  	0.33732  	-0.3643  	0.41780  	0.76528  	-0.4139  	0.34228  	-0.7486  	-0.0344  	0.44791  	0.20021  	0.13141  	-0.1812  	0.00239  	0.40057  	-0.0481  	0.39787  	0.13099  	-0.6131  	0.28922  	0.28289  	0.04669  	-0.1051  	0.39399  	0.00649  	-0.0659  	0.00198  	0.03318  	0.05110  	-0.0964  	-0.0004  	-0.0445  	-0.0303  	0.01157  	-0.0380  	-0.0423  	0.00851  	3.01308  	-0.0356  	0.01655  	0.00365  	-0.0078  	0.07324  	-0.0122  	0.14880  	-0.0095  	0.03107  	0.00427  	-0.0398  	0.10221  	
-0.3614  	0.05255  	-0.4356  	-1.2499  	-0.6598  	-1.4013  	0.32570  	0.26464  	0.10834  	0.30891  	0.24932  	-0.1481  	0.31696  	0.29166  	0.07108  	0.35132  	-0.1625  	-0.1672  	0.04668  	0.10638  	0.07796  	0.44359  	-0.5161  	0.47343  	0.91522  	-0.4413  	0.41672  	-0.6200  	0.07417  	0.51986  	0.15735  	0.10234  	-0.2184  	0.02205  	0.46790  	0.00943  	0.34190  	0.07111  	-0.6080  	0.32814  	0.21399  	0.07128  	-0.1783  	0.37411  	0.01982  	-0.0657  	0.01242  	0.01596  	0.03778  	-0.0976  	0.01725  	-0.0437  	-0.0330  	0.00421  	-0.0566  	-0.0419  	0.02022  	0.00730  	-0.0280  	0.01610  	-0.0006  	-0.0169  	0.06017  	-0.0223  	0.14880  	-0.0095  	0.03107  	0.00427  	-0.0398  	0.10221  	
-0.4774  	-0.0264  	-0.6166  	-1.1227  	-0.5153  	-1.3956  	0.30679  	0.21853  	0.09464  	0.27237  	0.21944  	-0.0209  	0.34020  	0.17214  	0.09438  	0.48391  	-0.1343  	-0.1464  	0.08415  	0.06596  	-0.0126  	0.37357  	-0.5120  	0.42764  	0.82666  	-0.3872  	0.38465  	-0.5608  	0.04901  	0.50783  	0.19233  	0.09307  	-0.2022  	0.02915  	0.50862  	-0.0103  	0.28573  	0.06919  	-0.5862  	0.35723  	0.18212  	0.07629  	-0.1813  	0.35899  	0.01895  	-0.0667  	0.01628  	-0.0033  	0.02851  	-0.0854  	0.01381  	-0.0428  	-0.0342  	0.01721  	-0.0436  	-0.0388  	0.02025  	0.00527  	-0.0147  	0.01884  	0.00355  	-0.0059  	0.05104  	-0.0280  	0.14880  	-0.0095  	0.03107  	0.00427  	-0.0398  	0.10221  	
-0.3074  	0.01565  	-0.4221  	-1.2262  	-0.5868  	-1.2289  	0.32647  	0.26331  	0.05776  	0.24660  	0.08388  	-0.1176  	0.38128  	0.31229  	0.27365  	0.35869  	-0.1305  	-0.1501  	0.06725  	-0.0110  	-0.0042  	0.40943  	-0.4465  	0.43727  	0.85438  	-0.4317  	0.44058  	-0.6048  	0.08735  	0.51550  	0.16365  	0.11317  	-0.1902  	0.02251  	0.44925  	0.00437  	0.32200  	0.08633  	-0.6066  	0.37173  	0.22376  	0.07813  	-0.1513  	0.39187  	0.02742  	-0.0685  	0.01718  	0.01136  	0.04803  	-0.0961  	0.00124  	-0.0474  	-0.0385  	0.00725  	-0.0361  	-0.0441  	0.01660  	0.00062  	-0.0296  	0.02381  	-0.0062  	-0.0078  	0.06209  	-0.0276  	0.14880  	-0.0095  	0.03107  	0.00427  	-0.0398  	0.10221  	
-0.2907  	0.04735  	-0.3463  	-1.3358  	-0.6927  	-1.2142  	0.34017  	0.28773  	0.07518  	0.24683  	0.15956  	-0.1803  	0.38418  	0.26878  	0.14519  	0.38759  	-0.1378  	-0.1410  	0.09933  	-0.0325  	0.05009  	0.38802  	-0.4029  	0.40782  	0.90112  	-0.4538  	0.42630  	-0.6530  	0.07525  	0.51353  	0.17512  	0.09305  	-0.1871  	0.01701  	0.42822  	-0.0119  	0.34033  	0.09252  	-0.6128  	0.35519  	0.23857  	0.06707  	-0.1470  	0.39374  	0.02509  	-0.0693  	0.01161  	0.01681  	0.04279  	-0.0985  	-0.0021  	-0.0510  	-0.0349  	0.00747  	-0.0397  	-0.0415  	0.01962  	-3.6318  	-0.0368  	0.02438  	-0.0012  	-0.0104  	0.05969  	-0.0268  	0.14880  	-0.0095  	0.03107  	0.00427  	-0.0398  	0.10221  	
-0.2032  	0.02621  	-0.3183  	-1.3400  	-0.7533  	-1.2311  	0.31294  	0.30822  	0.12153  	0.23487  	0.18800  	-0.2173  	0.35137  	0.17307  	0.07142  	0.42983  	-0.1105  	-0.1972  	0.11895  	-0.0545  	0.14322  	0.41957  	-0.3203  	0.44534  	0.88585  	-0.4309  	0.47332  	-0.7814  	-0.0185  	0.49703  	0.17454  	0.10378  	-0.2207  	0.00936  	0.44174  	-0.0419  	0.40305  	0.10933  	-0.6401  	0.33253  	0.22116  	0.07584  	-0.1386  	0.39263  	0.01163  	-0.0674  	0.00949  	0.02458  	0.05085  	-0.0940  	0.00246  	-0.0479  	-0.0330  	0.01922  	-0.0448  	-0.0369  	0.00821  	-0.0005  	-0.0282  	0.02425  	-0.0044  	-0.0108  	0.05959  	-0.0242  	0.14880  	-0.0095  	0.03107  	0.00427  	-0.0398  	0.10221  	
-0.2039  	0.08650  	-0.4590  	-1.0079  	-0.5027  	-1.1928  	0.35468  	0.33271  	0.10229  	0.28662  	-0.0292  	-0.1603  	0.46850  	0.43244  	0.25018  	0.38741  	-0.1631  	-0.1396  	0.08857  	-0.0450  	-0.0473  	0.45363  	-0.4611  	0.37880  	0.92990  	-0.4458  	0.46991  	-0.6389  	0.19934  	0.58883  	0.17180  	0.06865  	-0.1932  	0.01145  	0.43463  	-0.0088  	0.24920  	0.05093  	-0.5770  	0.35873  	0.18190  	0.08581  	-0.1475  	0.39255  	0.01687  	-0.0656  	0.01197  	0.02894  	0.05490  	-0.0986  	0.00585  	-0.0454  	-0.0337  	0.01271  	-0.0421  	-0.0316  	0.00466  	-0.0026  	-0.0246  	0.02695  	-0.0016  	-0.0014  	0.05918  	-0.0283  	0.14880  	-0.0095  	0.03107  	0.00427  	-0.0398  	0.10221  	
-0.3812  	0.01226  	-0.5604  	-1.0149  	-0.4703  	-1.4205  	0.32320  	0.26997  	0.10475  	0.31546  	0.18575  	-0.0296  	0.40665  	0.35877  	0.15500  	0.37458  	-0.1697  	-0.1467  	0.08714  	0.06039  	-0.0382  	0.40761  	-0.5026  	0.40538  	0.88724  	-0.4074  	0.34069  	-0.5595  	0.11541  	0.53786  	0.19621  	0.07846  	-0.1793  	0.00254  	0.46256  	-0.0327  	0.24128  	0.04126  	-0.5780  	0.37280  	0.20645  	0.08246  	-0.1696  	0.36939  	0.02641  	-0.0639  	0.01894  	0.01009  	0.02956  	-0.0829  	0.01145  	-0.0490  	-0.0366  	0.00542  	-0.0504  	-0.0401  	0.01850  	-0.0025  	-0.0348  	0.02220  	0.00151  	-0.0046  	0.05484  	-0.0278  	0.14880  	-0.0095  	0.03107  	0.00427  	-0.0398  	0.10221  	
-0.6457  	-0.0893  	-0.5761  	-1.5059  	-0.7328  	-1.6102  	0.33553  	0.19528  	0.11272  	0.33091  	0.33726  	-0.0441  	0.27865  	0.04248  	-0.1589  	0.47712  	-0.1593  	-0.0722  	0.09401  	0.08525  	0.03055  	0.30511  	-0.5035  	0.46204  	0.74136  	-0.4015  	0.23849  	-0.5885  	0.05273  	0.41555  	0.21741  	0.07711  	-0.2072  	0.01679  	0.44385  	-0.0042  	0.30229  	0.08730  	-0.6186  	0.37554  	0.22086  	0.05059  	-0.1731  	0.38874  	0.01228  	-0.0742  	0.01614  	-0.0054  	0.03583  	-0.0960  	0.00324  	-0.0490  	-0.0354  	0.01515  	-0.0382  	-0.0479  	0.01751  	-0.0011  	-0.0249  	0.02823  	0.00257  	-0.0084  	0.05352  	-0.0107  	0.14880  	-0.0095  	0.03107  	0.00427  	-0.0398  	0.10221  	
-0.6297  	-0.0823  	-0.4286  	-1.7433  	-0.8740  	-1.3687  	0.24778  	0.18648  	0.07663  	0.27929  	0.53944  	-0.1074  	0.14143  	-0.1784  	-0.1938  	0.49121  	-0.0968  	-0.1526  	0.13657  	0.04234  	0.22931  	0.30627  	-0.2762  	0.51028  	0.68720  	-0.3893  	0.35024  	-0.7898  	-0.1745  	0.37369  	0.23519  	0.15131  	-0.2049  	-0.0200  	0.44516  	-0.0362  	0.49544  	0.13392  	-0.7000  	0.29796  	0.31162  	0.03226  	-0.1702  	0.39322  	0.03303  	-0.0667  	0.02480  	-0.0165  	0.01018  	-0.0833  	-0.0155  	-0.0412  	-0.0238  	0.01884  	-0.0521  	-0.0552  	0.01244  	-0.0038  	-0.0328  	0.02717  	0.00842  	-0.0191  	0.06062  	-0.0173  	0.14880  	-0.0095  	0.03107  	0.00427  	-0.0398  	0.10221  	
-0.2205  	0.10896  	-0.1457  	-1.7556  	-0.9730  	-1.2944  	0.27163  	0.35988  	0.17354  	0.27653  	0.46489  	-0.0645  	0.25619  	-0.0076  	-0.2679  	0.64514  	-0.1033  	-0.1477  	0.15405  	-0.0343  	0.29462  	0.29073  	-0.2325  	0.42738  	0.64475  	-0.3843  	0.40141  	-0.8859  	-0.2715  	0.37996  	0.23948  	0.14114  	-0.1609  	-0.0152  	0.44185  	-0.0892  	0.56130  	0.19584  	-0.6837  	0.24846  	0.29415  	0.03645  	-0.0782  	0.40878  	-0.0029  	-0.0644  	0.02088  	0.01243  	0.03494  	-0.0937  	-0.0195  	-0.0384  	-0.0256  	0.02829  	-0.0405  	-0.0424  	-0.0018  	-0.0098  	-0.0405  	0.02238  	0.00456  	-0.0068  	0.06962  	-0.0157  	0.14880  	-0.0095  	0.03107  	0.00427  	-0.0398  	0.10221  	
-0.3775  	0.03890  	-0.1525  	-1.8114  	-0.9733  	-1.3599  	0.28292  	0.33196  	0.15521  	0.38686  	0.62932  	-0.0623  	0.20840  	-0.0148  	-0.4827  	0.68288  	-0.1683  	-0.1252  	0.16655  	0.07888  	0.24600  	0.24446  	-0.3375  	0.36199  	0.75507  	-0.4275  	0.30005  	-0.7762  	-0.1960  	0.36970  	0.22816  	0.14356  	-0.1814  	-0.0284  	0.42061  	-0.0381  	0.50361  	0.18481  	-0.6403  	0.23456  	0.30518  	0.02159  	-0.0764  	0.39371  	0.00071  	-0.0690  	0.01795  	0.02195  	0.03177  	-0.0839  	-0.0016  	-0.0505  	-0.0231  	0.02597  	-0.0454  	-0.0477  	0.01540  	-0.0034  	-0.0360  	0.03334  	-0.0076  	-0.0130  	0.07740  	-0.0124  	0.14880  	-0.0095  	0.03107  	0.00427  	-0.0398  	0.10221  	
-0.6115  	-0.0509  	-0.3400  	-1.6991  	-0.8678  	-1.4268  	0.28586  	0.19941  	0.09749  	0.36934  	0.50560  	-0.1427  	0.22469  	-0.1214  	-0.4147  	0.53459  	-0.1320  	-0.1060  	0.14357  	0.02993  	0.15776  	0.28133  	-0.3398  	0.43044  	0.80645  	-0.4270  	0.36660  	-0.7454  	-0.0971  	0.40809  	0.19465  	0.12210  	-0.2067  	-0.0117  	0.39413  	0.01031  	0.42145  	0.15461  	-0.6627  	0.30325  	0.28725  	0.04625  	-0.1240  	0.38220  	0.01206  	-0.0762  	0.02192  	-0.0058  	0.04717  	-0.0998  	-0.0022  	-0.0508  	-0.0258  	0.02074  	-0.0529  	-0.0548  	0.01734  	0.00406  	-0.0168  	0.02112  	-0.0013  	-0.0119  	0.07469  	-0.0186  	0.14880  	-0.0095  	0.03107  	0.00427  	-0.0398  	0.10221  	
-0.8941  	-0.1579  	-0.5443  	-1.9840  	-0.9976  	-1.6074  	0.23475  	0.07009  	0.03982  	0.44744  	0.62794  	-0.1668  	0.11785  	-0.3573  	-0.5811  	0.43642  	-0.1419  	-0.0210  	0.14409  	0.08371  	0.03292  	0.24548  	-0.3572  	0.35659  	0.70595  	-0.3749  	0.20687  	-0.5903  	0.02305  	0.37088  	0.25918  	0.10145  	-0.2273  	-0.0065  	0.26628  	0.06056  	0.32438  	0.09947  	-0.6289  	0.29067  	0.32551  	0.02728  	-0.1299  	0.37692  	0.03019  	-0.0665  	0.01640  	-0.0126  	0.01633  	-0.0849  	0.00242  	-0.0469  	-0.0303  	0.01162  	-0.0381  	-0.0566  	0.01962  	0.00494  	-0.0245  	0.01822  	-0.0016  	-0.0215  	0.06898  	-0.0110  	0.14880  	-0.0095  	0.03107  	0.00427  	-0.0398  	0.10221  	
-0.7955  	-0.1389  	-0.4877  	-1.9090  	-0.9992  	-1.5491  	0.25798  	0.09331  	0.05979  	0.41699  	0.53473  	-0.1620  	0.15689  	-0.3248  	-0.5328  	0.50302  	-0.1320  	-0.0306  	0.11919  	0.04678  	-0.0139  	0.28389  	-0.3162  	0.37122  	0.68750  	-0.3612  	0.20779  	-0.5515  	0.02802  	0.37167  	0.25106  	0.10745  	-0.2279  	-0.0185  	0.25817  	0.07150  	0.30994  	0.10466  	-0.5984  	0.33445  	0.35573  	0.04087  	-0.1490  	0.39269  	0.00515  	-0.0735  	0.02629  	-0.0011  	0.02151  	-0.0866  	-0.0050  	-0.0408  	-0.0257  	0.01154  	-0.0400  	-0.0678  	0.01320  	0.00756  	-0.0317  	0.01271  	0.00286  	-0.0122  	0.07189  	-0.0119  	0.14880  	-0.0095  	0.03107  	0.00427  	-0.0398  	0.10221  	
-0.4797  	-0.0869  	-0.4071  	-1.5840  	-0.8266  	-1.4461  	0.30051  	0.21781  	0.10261  	0.33787  	0.50490  	-0.1059  	0.25003  	-0.1395  	-0.2900  	0.53282  	-0.1569  	-0.1061  	0.09730  	0.09488  	0.07509  	0.31712  	-0.4565  	0.46787  	0.71112  	-0.3938  	0.29426  	-0.5875  	-0.0356  	0.41557  	0.21589  	0.12592  	-0.1890  	0.02220  	0.44017  	-0.0066  	0.37016  	0.09716  	-0.6477  	0.33666  	0.27311  	0.04286  	-0.1375  	0.37390  	0.01963  	-0.0878  	0.02372  	-0.0214  	0.03376  	-0.0991  	-0.0029  	-0.0473  	-0.0268  	0.01427  	-0.0515  	-0.0601  	0.01182  	0.00334  	-0.0277  	0.03291  	-0.0013  	-0.0077  	0.06233  	-0.0082  	0.14880  	-0.0095  	0.03107  	0.00427  	-0.0398  	0.10221  	
-0.3628  	0.05327  	-0.5149  	-1.0652  	-0.4101  	-1.4192  	0.35281  	0.23881  	0.08491  	0.26222  	0.14097  	-0.0910  	0.39351  	0.32613  	0.15963  	0.40914  	-0.1672  	-0.2129  	0.05631  	0.09765  	-0.0783  	0.37885  	-0.6280  	0.46495  	0.98623  	-0.4363  	0.40771  	-0.5214  	0.15122  	0.56014  	0.12761  	0.08211  	-0.2000  	0.02198  	0.52657  	0.06169  	0.26094  	0.06066  	-0.6084  	0.38092  	0.18425  	0.11806  	-0.1803  	0.35582  	0.01318  	-0.0771  	0.01608  	0.01740  	0.04968  	-0.1056  	0.00756  	-0.0512  	-0.0388  	0.00468  	-0.0472  	-0.0509  	0.03189  	0.01006  	-0.0278  	0.01364  	-0.0087  	-0.0130  	0.07048  	-0.0220  	0.14880  	-0.0095  	0.03107  	0.00427  	-0.0398  	0.10221  	
-0.2975  	0.06871  	-0.6072  	-0.7919  	-0.2745  	-1.3729  	0.36292  	0.25094  	0.09401  	0.18908  	0.05231  	-0.0721  	0.41704  	0.46902  	0.35078  	0.33930  	-0.1620  	-0.2074  	0.01675  	0.08212  	-0.1631  	0.40109  	-0.6244  	0.43909  	1.05331  	-0.4539  	0.42615  	-0.4366  	0.23675  	0.62513  	0.07087  	0.08401  	-0.2200  	0.04288  	0.56146  	0.08556  	0.17430  	0.03769  	-0.5670  	0.45845  	0.09342  	0.12319  	-0.2058  	0.33998  	0.03320  	-0.0751  	0.01883  	0.01554  	0.02822  	-0.1014  	0.01054  	-0.0510  	-0.0315  	0.01048  	-0.0463  	-0.0439  	0.04205  	-0.0061  	-0.0182  	0.02614  	-0.0092  	-0.0107  	0.06029  	-0.0328  	0.14880  	-0.0095  	0.03107  	0.00427  	-0.0398  	0.10221  	
-0.2866  	0.05413  	-0.5515  	-0.6785  	-0.2902  	-1.2888  	0.34359  	0.25819  	0.09851  	0.11821  	-0.1035  	-0.0992  	0.44125  	0.43034  	0.41271  	0.29997  	-0.1617  	-0.1834  	0.02232  	0.10636  	-0.2290  	0.40517  	-0.5914  	0.41035  	1.00675  	-0.4457  	0.34699  	-0.3589  	0.31026  	0.63908  	0.05574  	0.08268  	-0.2065  	0.05483  	0.49256  	0.06675  	0.14056  	0.05080  	-0.5400  	0.43705  	0.10783  	0.09381  	-0.1775  	0.37869  	0.04163  	-0.0848  	0.01826  	0.00963  	0.04666  	-0.0942  	0.01810  	-0.0582  	-0.0289  	0.00858  	-0.0396  	-0.0453  	0.03644  	-0.0034  	-0.0211  	0.02689  	-0.0139  	-0.0142  	0.05750  	-0.0139  	0.14880  	-0.0095  	0.03107  	0.00427  	-0.0398  	0.10221  	
-0.3723  	0.05934  	-0.4934  	-1.0592  	-0.5178  	-1.2589  	0.29080  	0.27016  	0.09336  	0.22081  	-0.1064  	-0.1389  	0.40440  	0.15696  	0.12122  	0.48972  	-0.1726  	-0.1219  	0.07507  	0.07447  	-0.1493  	0.39570  	-0.5494  	0.31933  	0.90958  	-0.4105  	0.24312  	-0.4194  	0.36355  	0.57870  	0.09344  	0.05845  	-0.2248  	0.02868  	0.37630  	0.07450  	0.14007  	0.03712  	-0.5181  	0.35351  	0.23648  	0.05981  	-0.1603  	0.40669  	0.00568  	-0.0768  	0.01997  	0.01498  	0.05792  	-0.1050  	0.00284  	-0.0586  	-0.0291  	0.00073  	-0.0431  	-0.0358  	0.01883  	-0.0015  	-0.0326  	0.02296  	-0.0004  	-0.0182  	0.06087  	-0.0090  	0.14880  	-0.0095  	0.03107  	0.00427  	-0.0398  	0.10221  	
-0.3601  	-0.0541  	-0.3499  	-1.3148  	-0.6822  	-1.3072  	0.30429  	0.23431  	0.09750  	0.35566  	0.16860  	-0.1597  	0.30337  	-0.0848  	-0.2697  	0.65280  	-0.1656  	-0.0814  	0.10466  	0.06473  	-0.1306  	0.35176  	-0.4934  	0.34566  	0.85236  	-0.4305  	0.26871  	-0.5574  	0.13597  	0.50263  	0.15922  	0.12383  	-0.2299  	0.00385  	0.35410  	0.06399  	0.22179  	0.08457  	-0.5663  	0.38154  	0.25290  	0.04624  	-0.1068  	0.40421  	-0.0021  	-0.0682  	0.01498  	0.02416  	0.03425  	-0.1092  	0.01166  	-0.0541  	-0.0305  	0.00764  	-0.0410  	-0.0548  	0.02173  	-0.0018  	-0.0276  	0.02194  	-0.0087  	-0.0202  	0.07460  	-0.0133  	0.14880  	-0.0095  	0.03107  	0.00427  	-0.0398  	0.10221  	
-0.5859  	-0.1235  	-0.3610  	-1.6723  	-0.8367  	-1.4511  	0.32833  	0.05105  	0.03481  	0.37147  	0.45997  	-0.1910  	0.12624  	-0.3556  	-0.5290  	0.64518  	-0.1234  	-0.0956  	0.15300  	0.04642  	-0.0704  	0.25996  	-0.4685  	0.46132  	0.89224  	-0.4080  	0.38382  	-0.6012  	0.02254  	0.47778  	0.18504  	0.16927  	-0.2683  	-0.0243  	0.34612  	0.18386  	0.33770  	0.12183  	-0.6407  	0.34026  	0.29923  	0.04603  	-0.1403  	0.40129  	0.01552  	-0.0712  	0.00815  	-0.0034  	0.03559  	-0.0997  	0.01043  	-0.0452  	-0.0258  	0.01464  	-0.0283  	-0.0557  	0.02450  	0.00483  	-0.0245  	0.02866  	-0.0066  	-0.0315  	0.09083  	-0.0172  	0.14880  	-0.0095  	0.03107  	0.00427  	-0.0398  	0.10221  	
-0.5508  	-0.0929  	-0.4269  	-1.5026  	-0.8340  	-1.3818  	0.26534  	0.13714  	0.04008  	0.28429  	0.37605  	-0.1616  	0.18374  	-0.1909  	-0.2826  	0.55015  	-0.1068  	-0.1233  	0.15040  	0.09084  	-0.0076  	0.31232  	-0.5031  	0.46553  	0.86483  	-0.4020  	0.38950  	-0.6293  	0.00802  	0.49007  	0.16313  	0.13703  	-0.2568  	0.00246  	0.42088  	0.10275  	0.37062  	0.11279  	-0.6628  	0.30351  	0.24570  	0.06185  	-0.1423  	0.39448  	0.03546  	-0.0757  	0.00555  	-0.0075  	0.03959  	-0.1034  	0.00922  	-0.0473  	-0.0227  	0.01555  	-0.0504  	-0.0525  	0.02545  	0.00572  	-0.0280  	0.03408  	-0.0097  	-0.0261  	0.06994  	-0.0141  	0.14880  	-0.0095  	0.03107  	0.00427  	-0.0398  	0.10221  	
-0.3310  	-0.0021  	-0.3903  	-1.2996  	-0.6081  	-1.2962  	0.30714  	0.21969  	0.07931  	0.33154  	0.11898  	-0.1033  	0.30610  	0.01826  	0.06361  	0.46572  	-0.1591  	-0.1324  	0.11927  	0.06372  	-0.0107  	0.35752  	-0.4749  	0.41103  	0.85048  	-0.4237  	0.31963  	-0.6155  	0.02953  	0.48131  	0.18071  	0.12291  	-0.1999  	0.01250  	0.45099  	0.01667  	0.30075  	0.08891  	-0.6059  	0.36794  	0.23102  	0.05152  	-0.1209  	0.39172  	0.01560  	-0.0781  	0.02018  	0.01817  	0.05586  	-0.1020  	0.01333  	-0.0474  	-0.0277  	0.01694  	-0.0447  	-0.0499  	0.02034  	0.00225  	-0.0341  	0.02444  	-0.0082  	-0.0208  	0.07536  	-0.0124  	0.14880  	-0.0095  	0.03107  	0.00427  	-0.0398  	0.10221  	
-0.2270  	0.04782  	-0.3604  	-1.2520  	-0.6490  	-1.2145  	0.32924  	0.29134  	0.14154  	0.30848  	0.17533  	-0.1143  	0.35853  	0.16676  	0.00962  	0.55421  	-0.1487  	-0.1348  	0.14332  	0.02804  	0.06654  	0.39488  	-0.4420  	0.41311  	0.85452  	-0.4375  	0.35587  	-0.6763  	0.05214  	0.48362  	0.16500  	0.10041  	-0.1858  	0.01277  	0.42829  	-0.0057  	0.33227  	0.12566  	-0.6101  	0.35914  	0.25363  	0.03970  	-0.1255  	0.40747  	0.00595  	-0.0701  	0.00530  	0.02368  	0.04234  	-0.0984  	0.00663  	-0.0456  	-0.0246  	0.02173  	-0.0371  	-0.0424  	0.00950  	-0.0073  	-0.0366  	0.02570  	-0.0006  	-0.0117  	0.06087  	-0.0205  	0.14880  	-0.0095  	0.03107  	0.00427  	-0.0398  	0.10221  	
-0.3920  	-0.0041  	-0.3514  	-1.6798  	-0.8745  	-1.3517  	0.31867  	0.21909  	0.09615  	0.36739  	0.38364  	-0.1779  	0.33516  	-0.0053  	-0.3742  	0.58515  	-0.1912  	-0.0414  	0.09862  	0.05571  	-0.0096  	0.30897  	-0.4672  	0.38795  	0.80922  	-0.4370  	0.21743  	-0.6489  	0.01607  	0.42127  	0.23698  	0.07365  	-0.1935  	-0.0032  	0.37529  	0.03635  	0.32800  	0.12200  	-0.6244  	0.31237  	0.34357  	0.03201  	-0.0897  	0.37750  	-0.0086  	-0.0828  	0.02427  	0.01026  	0.02658  	-0.0982  	0.00696  	-0.0497  	-0.0256  	0.01536  	-0.0442  	-0.0506  	0.01958  	0.00121  	-0.0342  	0.01967  	-0.0134  	-0.0126  	0.07781  	-0.0141  	0.14880  	-0.0095  	0.03107  	0.00427  	-0.0398  	0.10221  	
-1.1152  	-0.1800  	-0.6354  	-2.1283  	-1.1171  	-1.7748  	0.27401  	0.07412  	0.01148  	0.51934  	0.77793  	-0.1695  	0.13177  	-0.2361  	-0.6027  	0.36072  	-0.1179  	-0.0904  	0.13627  	0.05420  	0.00490  	0.28546  	-0.3960  	0.39706  	0.81424  	-0.3598  	0.23332  	-0.6695  	0.01834  	0.38768  	0.26548  	0.06288  	-0.2175  	-0.0162  	0.31191  	0.09945  	0.34065  	0.11212  	-0.6153  	0.28354  	0.34380  	0.06870  	-0.1338  	0.36367  	0.02846  	-0.0670  	0.02893  	-0.0321  	0.00586  	-0.0777  	-0.0005  	-0.0436  	-0.0282  	0.01888  	-0.0414  	-0.0626  	0.01011  	0.00469  	-0.0331  	0.02727  	0.00284  	-0.0045  	0.07055  	-0.0132  	0.14880  	-0.0095  	0.03107  	0.00427  	-0.0398  	0.10221  	
-0.9730  	-0.1534  	-0.5315  	-2.2156  	-1.1456  	-1.7543  	0.26469  	0.14658  	0.06101  	0.48416  	0.76640  	-0.2205  	0.15080  	-0.2300  	-0.5907  	0.36306  	-0.0956  	-0.1091  	0.12126  	0.02959  	0.07119  	0.27479  	-0.2780  	0.40184  	0.69825  	-0.3284  	0.23462  	-0.7167  	-0.0837  	0.34120  	0.27254  	0.05948  	-0.2039  	-0.0183  	0.25797  	0.04400  	0.35639  	0.11945  	-0.6389  	0.25684  	0.36541  	0.05253  	-0.1316  	0.37222  	0.00712  	-0.0688  	0.03230  	-0.0093  	0.02338  	-0.0874  	-0.0045  	-0.0425  	-0.0329  	0.02651  	-0.0471  	-0.0646  	0.01065  	0.00175  	-0.0339  	0.02522  	0.00311  	0.00411  	0.06345  	-0.0119  	0.14880  	-0.0095  	0.03107  	0.00427  	-0.0398  	0.10221  	
-0.7160  	-0.0911  	-0.4750  	-1.8745  	-0.9046  	-1.5516  	0.28434  	0.20628  	0.09207  	0.40493  	0.58072  	-0.0778  	0.19383  	-0.1569  	-0.4472  	0.47293  	-0.1266  	-0.0401  	0.09647  	0.08866  	0.03140  	0.28361  	-0.3287  	0.40137  	0.63950  	-0.3654  	0.18953  	-0.5945  	0.00622  	0.35948  	0.23635  	0.08292  	-0.1910  	-0.0071  	0.29390  	0.01886  	0.32726  	0.11649  	-0.6166  	0.33436  	0.33996  	0.01834  	-0.1166  	0.37984  	0.01100  	-0.0694  	0.03287  	0.00574  	0.02030  	-0.0869  	-0.0013  	-0.0475  	-0.0335  	0.01801  	-0.0470  	-0.0642  	0.01474  	0.00661  	-0.0319  	0.02213  	-0.0002  	-0.0203  	0.06990  	-0.0162  	0.14880  	-0.0095  	0.03107  	0.00427  	-0.0398  	0.10221  	
-0.4158  	0.00660  	-0.4234  	-1.3370  	-0.6227  	-1.3779  	0.29920  	0.24928  	0.09907  	0.27381  	0.28501  	0.01596  	0.34523  	0.09558  	-0.1387  	0.50593  	-0.1772  	-0.0622  	0.06405  	0.14982  	-0.0824  	0.28725  	-0.5273  	0.39370  	0.69636  	-0.4064  	0.15527  	-0.4658  	0.10562  	0.45538  	0.22553  	0.07540  	-0.1676  	0.02329  	0.37856  	0.01506  	0.22354  	0.06452  	-0.5807  	0.33853  	0.30810  	0.04450  	-0.1176  	0.37525  	0.01688  	-0.0825  	0.01741  	0.00592  	0.04229  	-0.0935  	0.00527  	-0.0486  	-0.0374  	0.01061  	-0.0489  	-0.0597  	0.02250  	0.00858  	-0.0342  	0.01416  	-0.0026  	-0.0102  	0.06724  	-0.0094  	0.14880  	-0.0095  	0.03107  	0.00427  	-0.0398  	0.10221  	
-0.4478  	0.01547  	-0.5048  	-1.1534  	-0.4653  	-1.4298  	0.35711  	0.25387  	0.08559  	0.29112  	0.23152  	-0.0123  	0.34599  	0.18760  	0.02384  	0.49029  	-0.1938  	-0.0356  	0.03616  	0.21413  	-0.1487  	0.32023  	-0.6585  	0.37453  	0.90971  	-0.4305  	0.18574  	-0.2975  	0.23010  	0.51553  	0.17888  	0.06204  	-0.1858  	0.03158  	0.42248  	0.05303  	0.17367  	0.02143  	-0.5373  	0.37719  	0.25382  	0.06562  	-0.1791  	0.34101  	0.02215  	-0.0706  	0.01526  	0.00761  	0.03945  	-0.0955  	0.01852  	-0.0504  	-0.0307  	0.00819  	-0.0423  	-0.0497  	0.02882  	0.00578  	-0.0257  	0.02467  	-0.0045  	-0.0115  	0.06628  	-0.0138  	0.14880  	-0.0095  	0.03107  	0.00427  	-0.0398  	0.10221  	
-0.3428  	0.02235  	-0.5497  	-0.9093  	-0.3684  	-1.2993  	0.33164  	0.24291  	0.08858  	0.19914  	0.02857  	-0.0710  	0.41804  	0.39372  	0.30250  	0.38374  	-0.1887  	-0.1543  	0.04393  	0.12007  	-0.1806  	0.39749  	-0.6173  	0.40044  	0.97996  	-0.4277  	0.31648  	-0.3603  	0.21819  	0.60213  	0.12680  	0.06222  	-0.1981  	0.02288  	0.47711  	0.02820  	0.19624  	0.03454  	-0.5376  	0.41333  	0.16901  	0.09411  	-0.1848  	0.34417  	0.02073  	-0.0752  	0.02526  	0.01198  	0.03308  	-0.1035  	0.01624  	-0.0545  	-0.0339  	0.00358  	-0.0465  	-0.0390  	0.04094  	-0.0001  	-0.0212  	0.02473  	-0.0083  	-0.0226  	0.05973  	-0.0305  	0.14880  	-0.0095  	0.03107  	0.00427  	-0.0398  	0.10221  	
-0.2887  	0.03958  	-0.4781  	-1.0229  	-0.4953  	-1.1980  	0.30480  	0.29182  	0.09232  	0.22453  	0.00267  	-0.0762  	0.41660  	0.32198  	0.29934  	0.36992  	-0.1502  	-0.1740  	0.06682  	0.07705  	-0.0633  	0.40288  	-0.5389  	0.42565  	0.89401  	-0.4368  	0.31693  	-0.4666  	0.18304  	0.55652  	0.10504  	0.08621  	-0.1851  	0.03739  	0.45916  	0.02237  	0.24059  	0.04903  	-0.5286  	0.40518  	0.19154  	0.07464  	-0.1587  	0.37857  	0.03073  	-0.0719  	0.02359  	0.01345  	0.05111  	-0.0903  	-0.0009  	-0.0532  	-0.0318  	0.00206  	-0.0403  	-0.0476  	0.01982  	-0.0042  	-0.0331  	0.03040  	-0.0091  	-0.0175  	0.06530  	-0.0187  	0.14880  	-0.0095  	0.03107  	0.00427  	-0.0398  	0.10221  	
-0.1695  	0.07946  	-0.2973  	-1.2643  	-0.6832  	-1.2166  	0.30892  	0.29561  	0.11397  	0.26606  	0.19314  	-0.1727  	0.39109  	0.16417  	0.06672  	0.48650  	-0.1038  	-0.1578  	0.10622  	0.03425  	0.07190  	0.37554  	-0.4351  	0.41184  	0.83357  	-0.4499  	0.30360  	-0.6257  	0.05104  	0.50183  	0.16456  	0.12402  	-0.2078  	0.00801  	0.39725  	-0.0072  	0.32357  	0.08891  	-0.5737  	0.34229  	0.26485  	0.05605  	-0.1334  	0.39341  	0.01815  	-0.0678  	0.01020  	0.02192  	0.04801  	-0.0929  	-0.0025  	-0.0458  	-0.0234  	0.01262  	-0.0390  	-0.0401  	0.01558  	-0.0029  	-0.0393  	0.02714  	0.00235  	-0.0151  	0.05836  	-0.0260  	0.14880  	-0.0095  	0.03107  	0.00427  	-0.0398  	0.10221  	
-0.2424  	0.05188  	-0.2860  	-1.2724  	-0.6981  	-1.2099  	0.34521  	0.28783  	0.14723  	0.29601  	0.18301  	-0.0830  	0.36237  	0.17203  	0.01726  	0.51968  	-0.1417  	-0.1591  	0.09058  	0.04723  	0.07715  	0.42175  	-0.4027  	0.39424  	0.85964  	-0.4293  	0.35049  	-0.6760  	0.04658  	0.48558  	0.15070  	0.10413  	-0.1978  	0.00894  	0.39432  	-0.0172  	0.35594  	0.10732  	-0.5888  	0.34732  	0.28433  	0.07309  	-0.1090  	0.38033  	0.01316  	-0.0709  	0.01627  	0.03172  	0.05100  	-0.0987  	0.00346  	-0.0512  	-0.0267  	0.01792  	-0.0469  	-0.0461  	0.01233  	-0.0004  	-0.0272  	0.02406  	-0.0055  	-0.0112  	0.05943  	-0.0175  	0.14880  	-0.0095  	0.03107  	0.00427  	-0.0398  	0.10221  	
-0.3761  	-0.0391  	-0.3868  	-1.2746  	-0.6669  	-1.2880  	0.30811  	0.20957  	0.09434  	0.28645  	0.19264  	-0.0305  	0.30524  	0.05928  	0.00129  	0.48143  	-0.1156  	-0.1266  	0.10447  	0.02488  	0.07340  	0.40080  	-0.3775  	0.40321  	0.83816  	-0.4294  	0.35905  	-0.6178  	0.04346  	0.47435  	0.17406  	0.09983  	-0.2158  	0.00231  	0.36672  	-0.0221  	0.34413  	0.09963  	-0.5998  	0.35485  	0.26582  	0.05542  	-0.1349  	0.39801  	0.00477  	-0.0763  	0.00672  	0.00793  	0.04975  	-0.0901  	-0.0014  	-0.0516  	-0.0286  	0.02145  	-0.0399  	-0.0511  	0.01387  	-0.0005  	-0.0227  	0.02439  	-0.0052  	-0.0039  	0.06759  	-0.0135  	0.14880  	-0.0095  	0.03107  	0.00427  	-0.0398  	0.10221  	
-0.6117  	-0.0615  	-0.4328  	-1.7155  	-0.8190  	-1.4595  	0.32865  	0.15908  	0.07877  	0.32892  	0.40607  	-0.1281  	0.21342  	-0.1650  	-0.3106  	0.47454  	-0.1360  	-0.0133  	0.08775  	0.08560  	-0.0101  	0.29524  	-0.3856  	0.38956  	0.72069  	-0.3825  	0.20285  	-0.5484  	0.08723  	0.39827  	0.22815  	0.08451  	-0.1926  	0.01637  	0.30020  	0.03938  	0.28214  	0.09817  	-0.6067  	0.35717  	0.32837  	0.02334  	-0.1063  	0.39079  	0.01607  	-0.0721  	0.01808  	-0.0110  	0.02739  	-0.0948  	0.00097  	-0.0476  	-0.0314  	0.01274  	-0.0370  	-0.0561  	0.01691  	0.00092  	-0.0303  	0.01962  	-0.0038  	-0.0090  	0.07290  	-0.0116  	0.14880  	-0.0095  	0.03107  	0.00427  	-0.0398  	0.10221  	
-0.4876  	-0.0424  	-0.3569  	-1.6778  	-0.8927  	-1.4406  	0.27678  	0.17439  	0.04185  	0.28180  	0.50091  	-0.1379  	0.20562  	-0.3040  	-0.2716  	0.46635  	-0.0581  	-0.2258  	0.19189  	-0.2112  	0.15393  	0.07166  	-0.6106  	0.41213  	0.65287  	-0.2917  	0.28110  	-0.7653  	0.01245  	0.37367  	0.31327  	0.07798  	-0.3100  	-0.1648  	0.31438  	0.01819  	0.32229  	0.14334  	-0.7852  	0.22962  	0.38703  	0.17500  	-0.2499  	0.47546  	-0.0438  	-0.0496  	-0.0060  	0.00298  	0.00945  	-0.1023  	0.01262  	-0.0376  	-0.0245  	0.03248  	-0.0358  	-0.0554  	0.01405  	-0.0114  	-0.0279  	0.02818  	-0.0025  	-0.0211  	0.06290  	-0.0144  	0.14880  	-0.0095  	0.03107  	0.00427  	-0.0398  	0.10221  	
-0.5080  	-0.0865  	-0.3275  	-1.5402  	-0.7670  	-1.5119  	0.26536  	0.20070  	-0.0085  	0.41820  	0.56703  	-0.0617  	0.26839  	-0.4352  	-0.4085  	0.55064  	0.00707  	-0.3522  	0.22965  	-0.3812  	0.05537  	-0.1251  	-0.9359  	0.41593  	0.71914  	-0.2368  	0.31340  	-0.7192  	0.12767  	0.41056  	0.40006  	0.05632  	-0.4138  	-0.3168  	0.23851  	0.09812  	0.19161  	0.10710  	-0.8349  	0.14061  	0.42726  	0.28384  	-0.3524  	0.51918  	-0.0853  	-0.0352  	-0.0272  	0.03488  	0.00998  	-0.1235  	0.02548  	-0.0365  	-0.0195  	0.04113  	-0.0273  	-0.0599  	0.02226  	-0.0137  	-0.0313  	0.03113  	0.00341  	-0.0353  	0.05295  	-0.0100  	0.14880  	-0.0095  	0.03107  	0.00427  	-0.0398  	0.10221  	
-0.4804  	-0.0800  	-0.2948  	-1.5541  	-0.7437  	-1.5149  	0.26488  	0.22017  	-0.0015  	0.47164  	0.54198  	-0.0681  	0.29297  	-0.4225  	-0.4326  	0.60959  	-0.0235  	-0.3624  	0.26232  	-0.4297  	-0.0108  	-0.1374  	-1.0565  	0.40565  	0.75014  	-0.2132  	0.33298  	-0.6719  	0.21601  	0.41942  	0.42428  	0.05448  	-0.4307  	-0.3312  	0.21951  	0.12438  	0.12017  	0.12436  	-0.8385  	0.16130  	0.46418  	0.31638  	-0.3613  	0.55474  	-0.1040  	-0.0318  	-0.0375  	0.05570  	0.01354  	-0.1286  	0.02535  	-0.0346  	-0.0209  	0.04440  	-0.0183  	-0.0632  	0.01829  	-0.0175  	-0.0292  	0.03818  	0.00500  	-0.0384  	0.05210  	-0.0092  	0.14880  	-0.0095  	0.03107  	0.00427  	-0.0398  	0.10221  	
-0.5383  	-0.0922  	-0.3682  	-1.5644  	-0.7826  	-1.4848  	0.24422  	0.17161  	-0.0091  	0.42417  	0.51347  	-0.0580  	0.26590  	-0.4389  	-0.4272  	0.57658  	-0.0145  	-0.3795  	0.28405  	-0.4129  	0.02189  	-0.0945  	-0.9574  	0.40958  	0.79616  	-0.2338  	0.35036  	-0.6492  	0.20310  	0.43494  	0.39158  	0.06922  	-0.4413  	-0.3100  	0.20726  	0.16519  	0.15322  	0.13089  	-0.8135  	0.16770  	0.44896  	0.29899  	-0.3342  	0.53587  	-0.0953  	-0.0372  	-0.0328  	0.05046  	0.00994  	-0.1284  	0.02880  	-0.0379  	-0.0199  	0.04853  	-0.0229  	-0.0595  	0.02044  	-0.0145  	-0.0234  	0.03779  	0.00237  	-0.0331  	0.05505  	-0.0123  	0.14880  	-0.0095  	0.03107  	0.00427  	-0.0398  	0.10221  	
-0.5779  	-0.0825  	-0.4520  	-1.5508  	-0.8221  	-1.4162  	0.25619  	0.11344  	-0.0178  	0.30707  	0.42356  	-0.1385  	0.18428  	-0.3147  	-0.3753  	0.49554  	-0.0184  	-0.2459  	0.20717  	-0.1918  	0.02692  	0.06454  	-0.6896  	0.44784  	0.83695  	-0.3039  	0.36571  	-0.6594  	0.12528  	0.44375  	0.27760  	0.09353  	-0.3699  	-0.1850  	0.31109  	0.15353  	0.24217  	0.12253  	-0.7428  	0.23032  	0.35498  	0.18972  	-0.2427  	0.47269  	-0.0405  	-0.0502  	-0.0191  	0.02367  	0.01830  	-0.1165  	0.02702  	-0.0437  	-0.0236  	0.02968  	-0.0298  	-0.0514  	0.02592  	0.00090  	-0.0218  	0.03268  	-0.0073  	-0.0283  	0.06921  	-0.0108  	0.14880  	-0.0095  	0.03107  	0.00427  	-0.0398  	0.10221  	
-0.4173  	-0.0685  	-0.4380  	-1.3940  	-0.7454  	-1.3706  	0.30758  	0.19959  	0.04683  	0.34541  	0.30898  	-0.1243  	0.23343  	-0.1012  	-0.2118  	0.54285  	-0.1559  	-0.1127  	0.12987  	0.09559  	-0.0146  	0.35876  	-0.5022  	0.44357  	0.89929  	-0.4222  	0.33898  	-0.6110  	0.04714  	0.47572  	0.15589  	0.12244  	-0.2405  	0.00736  	0.43442  	0.07949  	0.32113  	0.09649  	-0.6094  	0.36726  	0.26041  	0.06196  	-0.1358  	0.40432  	0.02669  	-0.0697  	0.00255  	-0.0004  	0.04676  	-0.1037  	0.01790  	-0.0465  	-0.0246  	0.01188  	-0.0429  	-0.0504  	0.02240  	0.00590  	-0.0254  	0.03038  	-0.0130  	-0.0225  	0.07315  	-0.0166  	0.14880  	-0.0095  	0.03107  	0.00427  	-0.0398  	0.10221  	
-0.2545  	0.02050  	-0.4113  	-1.1930  	-0.5798  	-1.3305  	0.33953  	0.19773  	0.09138  	0.35287  	0.14659  	-0.1179  	0.32777  	0.08730  	0.07142  	0.40972  	-0.1816  	-0.1391  	0.10270  	0.03882  	-0.0307  	0.37662  	-0.5550  	0.40583  	0.89217  	-0.4343  	0.35161  	-0.5101  	0.09881  	0.50740  	0.16952  	0.12203  	-0.1829  	0.01689  	0.47923  	0.03283  	0.26435  	0.03959  	-0.5775  	0.39434  	0.21628  	0.07530  	-0.1558  	0.38287  	0.01914  	-0.0818  	0.01631  	0.02462  	0.05035  	-0.1048  	0.02002  	-0.0477  	-0.0312  	0.01218  	-0.0476  	-0.0455  	0.01916  	0.00131  	-0.0275  	0.01175  	-0.0029  	-0.0137  	0.07125  	-0.0204  	0.14880  	-0.0095  	0.03107  	0.00427  	-0.0398  	0.10221  	
-0.2437  	0.04849  	-0.4205  	-0.8969  	-0.4573  	-1.1857  	0.37830  	0.29648  	0.10783  	0.22237  	0.05800  	-0.0719  	0.38867  	0.34719  	0.29013  	0.33117  	-0.1900  	-0.1499  	0.07595  	0.05896  	-0.0837  	0.40550  	-0.5836  	0.38844  	0.91928  	-0.4598  	0.36030  	-0.4532  	0.23582  	0.54447  	0.08247  	0.07818  	-0.1651  	0.04730  	0.49202  	0.03443  	0.21172  	0.03804  	-0.5470  	0.39181  	0.19794  	0.08739  	-0.1561  	0.38320  	0.03646  	-0.0767  	0.01696  	0.01384  	0.05614  	-0.1097  	0.00524  	-0.0567  	-0.0313  	0.00018  	-0.0442  	-0.0400  	0.02656  	0.00411  	-0.0320  	0.01870  	-0.0068  	-0.0202  	0.07027  	-0.0226  	0.14880  	-0.0095  	0.03107  	0.00427  	-0.0398  	0.10221  	
-0.2206  	0.05275  	-0.4946  	-0.7525  	-0.3671  	-1.1571  	0.36875  	0.28594  	0.11920  	0.20594  	-0.0428  	-0.0423  	0.43578  	0.39534  	0.35951  	0.30966  	-0.1905  	-0.1721  	0.05599  	0.06698  	-0.1211  	0.43009  	-0.5532  	0.37733  	0.92623  	-0.4507  	0.29844  	-0.4183  	0.27816  	0.58590  	0.08507  	0.06758  	-0.1665  	0.04509  	0.44382  	0.00568  	0.16772  	0.04289  	-0.5023  	0.40364  	0.20265  	0.08537  	-0.1605  	0.39274  	0.03335  	-0.0754  	0.02040  	0.00396  	0.05526  	-0.1033  	-0.0028  	-0.0553  	-0.0279  	0.00146  	-0.0401  	-0.0459  	0.02444  	-0.0033  	-0.0334  	0.02960  	-0.0086  	-0.0249  	0.05897  	-0.0191  	0.14880  	-0.0095  	0.03107  	0.00427  	-0.0398  	0.10221  	
-0.3439  	-0.0043  	-0.4955  	-1.1588  	-0.5281  	-1.3485  	0.32627  	0.25000  	0.10759  	0.27302  	0.11112  	-0.0605  	0.41827  	0.16033  	0.08053  	0.41505  	-0.1552  	-0.1244  	0.05437  	0.04499  	-0.0425  	0.42066  	-0.4623  	0.40198  	0.83955  	-0.4139  	0.28993  	-0.5079  	0.13895  	0.49929  	0.17896  	0.08290  	-0.1984  	0.01252  	0.40656  	0.00489  	0.24835  	0.05422  	-0.5524  	0.37270  	0.24792  	0.07686  	-0.1513  	0.39026  	0.01249  	-0.0698  	0.01219  	0.01721  	0.03871  	-0.0923  	0.00354  	-0.0487  	-0.0316  	0.00892  	-0.0451  	-0.0507  	0.02982  	0.00155  	-0.0289  	0.01580  	-0.0018  	-0.0076  	0.05248  	-0.0090  	0.14880  	-0.0095  	0.03107  	0.00427  	-0.0398  	0.10221  	
-0.5492  	-0.0958  	-0.4603  	-1.6942  	-0.8476  	-1.5051  	0.36749  	0.15722  	0.08166  	0.37732  	0.45795  	-0.0885  	0.24217  	-0.0885  	-0.3702  	0.48047  	-0.1776  	-0.0222  	0.08439  	0.13168  	0.01996  	0.31438  	-0.4808  	0.41552  	0.70097  	-0.4050  	0.20364  	-0.5546  	0.01748  	0.37785  	0.24655  	0.09950  	-0.2042  	0.00692  	0.34257  	0.04395  	0.32099  	0.10834  	-0.6255  	0.35916  	0.31173  	0.03884  	-0.1255  	0.37919  	0.01841  	-0.0752  	0.01171  	-0.0075  	0.03985  	-0.0916  	-0.0069  	-0.0544  	-0.0327  	0.01601  	-0.0488  	-0.0593  	0.02575  	0.00798  	-0.0249  	0.02029  	-0.0070  	0.00189  	0.06349  	-0.0165  	0.14880  	-0.0095  	0.03107  	0.00427  	-0.0398  	0.10221  	
-0.6275  	-0.0600  	-0.4433  	-1.9810  	-1.0458  	-1.5394  	0.29038  	0.12391  	0.08750  	0.37406  	0.61692  	-0.2069  	0.20181  	-0.2752  	-0.6556  	0.48918  	-0.1602  	-0.0690  	0.15243  	0.04019  	0.00434  	0.27690  	-0.3894  	0.40802  	0.78008  	-0.4125  	0.26376  	-0.6580  	0.00406  	0.35760  	0.24602  	0.07902  	-0.2522  	-0.0060  	0.33064  	0.08271  	0.37630  	0.11689  	-0.6036  	0.33033  	0.34353  	0.02781  	-0.1382  	0.36289  	0.01745  	-0.0811  	0.01612  	0.00612  	0.03030  	-0.0799  	0.00511  	-0.0533  	-0.0345  	0.00867  	-0.0430  	-0.0577  	0.01635  	0.01318  	-0.0286  	0.01044  	-0.0029  	-0.0164  	0.08679  	-0.0124  	0.14880  	-0.0095  	0.03107  	0.00427  	-0.0398  	0.10221  	
-1.0083  	-0.1823  	-0.6493  	-2.0371  	-1.0029  	-1.7499  	0.36101  	0.03246  	-0.0066  	0.47283  	0.74717  	-0.1780  	0.16054  	-0.2361  	-0.6261  	0.39602  	-0.1422  	-0.0305  	0.13000  	0.06909  	-0.0484  	0.27080  	-0.4156  	0.42123  	0.80323  	-0.3985  	0.24632  	-0.6342  	0.03169  	0.38313  	0.25149  	0.06855  	-0.2055  	-0.0047  	0.32457  	0.13352  	0.31438  	0.09966  	-0.6241  	0.30667  	0.33762  	0.05118  	-0.1472  	0.36787  	0.03611  	-0.0757  	0.01177  	-0.0200  	0.01556  	-0.0874  	0.00782  	-0.0494  	-0.0370  	0.00903  	-0.0300  	-0.0540  	0.02145  	0.00773  	-0.0278  	0.02852  	-0.0016  	-0.0074  	0.07099  	-0.0170  	0.14880  	-0.0095  	0.03107  	0.00427  	-0.0398  	0.10221  	
-1.0893  	-0.2239  	-0.6594  	-2.1501  	-1.0522  	-1.8495  	0.25517  	0.05652  	-0.0050  	0.44368  	0.80959  	-0.1847  	0.13215  	-0.2801  	-0.6032  	0.32578  	-0.0895  	-0.0774  	0.11879  	0.04325  	0.08541  	0.20533  	-0.3019  	0.45432  	0.68445  	-0.3551  	0.24185  	-0.6792  	-0.0703  	0.35245  	0.25647  	0.07496  	-0.2131  	-0.0127  	0.31591  	0.02101  	0.35344  	0.09253  	-0.6290  	0.28798  	0.29258  	0.06275  	-0.1810  	0.35287  	0.02686  	-0.0639  	0.02474  	-0.0271  	0.02014  	-0.0739  	-0.0094  	-0.0475  	-0.0344  	0.01999  	-0.0452  	-0.0640  	0.01020  	0.00288  	-0.0295  	0.02124  	0.00326  	-0.0046  	0.07200  	-0.0186  	0.14880  	-0.0095  	0.03107  	0.00427  	-0.0398  	0.10221  	
-0.5561  	0.01250  	-0.5328  	-1.5224  	-0.7515  	-1.3898  	0.27672  	0.28096  	0.08217  	0.23030  	0.21841  	-0.0263  	0.28781  	0.08380  	0.04420  	0.43765  	-0.1311  	-0.1237  	0.12240  	0.03875  	0.06103  	0.30378  	-0.3620  	0.36536  	0.72849  	-0.3798  	0.31280  	-0.6587  	0.01087  	0.46058  	0.23342  	0.07943  	-0.2083  	-0.0134  	0.40618  	-0.0345  	0.31745  	0.09093  	-0.6147  	0.29180  	0.26102  	0.03653  	-0.1269  	0.40188  	0.03194  	-0.0809  	0.01947  	0.00825  	0.03356  	-0.0832  	-0.0036  	-0.0480  	-0.0392  	0.01100  	-0.0472  	-0.0515  	0.02698  	0.00097  	-0.0413  	0.01755  	-0.0050  	-0.0094  	0.07903  	-0.0106  	0.14880  	-0.0095  	0.03107  	0.00427  	-0.0398  	0.10221  	
-0.3572  	0.08425  	-0.4344  	-1.2155  	-0.6568  	-1.2430  	0.28565  	0.28913  	0.11701  	0.24669  	0.12055  	-0.1245  	0.32546  	0.03459  	0.17876  	0.49662  	-0.0955  	-0.1802  	0.15073  	-0.0231  	0.05623  	0.37646  	-0.2980  	0.45190  	0.76239  	-0.4002  	0.37600  	-0.8604  	-0.0350  	0.41586  	0.21301  	0.14299  	-0.1762  	0.00132  	0.44119  	-0.0401  	0.37143  	0.14397  	-0.6264  	0.33813  	0.26081  	0.01095  	-0.0906  	0.43187  	0.00608  	-0.0792  	0.01558  	0.03538  	0.03973  	-0.1050  	-0.0098  	-0.0452  	-0.0328  	0.00928  	-0.0353  	-0.0343  	0.00691  	-0.0093  	-0.0464  	0.02701  	0.00662  	0.00734  	0.06248  	-0.0113  	0.14880  	-0.0095  	0.03107  	0.00427  	-0.0398  	0.10221  	
-0.3773  	0.00787  	-0.3893  	-1.5100  	-0.7471  	-1.2831  	0.24250  	0.22965  	0.09465  	0.27564  	0.37062  	-0.1516  	0.26900  	-0.1836  	-0.2251  	0.64509  	-0.1477  	-0.1484  	0.18076  	-0.0209  	0.10877  	0.34935  	-0.4391  	0.45367  	0.74518  	-0.4280  	0.32764  	-0.7125  	-0.0763  	0.39542  	0.18651  	0.12880  	-0.2358  	-0.0145  	0.43582  	0.03704  	0.42392  	0.13651  	-0.6300  	0.30584  	0.36966  	0.04256  	-0.1141  	0.38324  	0.00698  	-0.0703  	0.00143  	0.02274  	0.04104  	-0.1045  	-0.0183  	-0.0479  	-0.0226  	0.00509  	-0.0507  	-0.0459  	0.02991  	0.00919  	-0.0313  	0.01034  	-6.2751  	-0.0122  	0.07605  	-0.0164  	0.14880  	-0.0095  	0.03107  	0.00427  	-0.0398  	0.10221  	
-0.5430  	-0.1389  	-0.3268  	-1.8265  	-0.9201  	-1.3940  	0.24362  	0.10512  	0.05127  	0.37648  	0.54258  	-0.1292  	0.15021  	-0.3475  	-0.5383  	0.68554  	-0.1560  	-0.0647  	0.17479  	0.03686  	0.03691  	0.29284  	-0.3821  	0.47063  	0.80313  	-0.4091  	0.34887  	-0.7083  	-0.0298  	0.39081  	0.20679  	0.11265  	-0.2412  	-0.0262  	0.39887  	0.12359  	0.39832  	0.14452  	-0.6647  	0.33248  	0.28743  	0.05591  	-0.1381  	0.41078  	0.00073  	-0.0694  	0.02024  	-0.0060  	0.02249  	-0.0905  	0.00779  	-0.0426  	-0.0116  	0.02248  	-0.0420  	-0.0480  	0.02562  	0.00188  	-0.0229  	0.02239  	-0.0006  	-0.0265  	0.07863  	-0.0202  	0.14880  	-0.0095  	0.03107  	0.00427  	-0.0398  	0.10221  	
-0.6731  	-0.1821  	-0.3936  	-1.8056  	-0.9609  	-1.4445  	0.27064  	0.04626  	0.03083  	0.34345  	0.52421  	-0.1798  	0.09416  	-0.3941  	-0.5525  	0.58858  	-0.1055  	-0.0739  	0.14368  	0.03234  	0.00323  	0.26962  	-0.3684  	0.46109  	0.83067  	-0.4193  	0.35890  	-0.6703  	0.00403  	0.42077  	0.18099  	0.13763  	-0.2614  	-0.0268  	0.33838  	0.16779  	0.38915  	0.12839  	-0.6719  	0.31826  	0.30261  	0.04673  	-0.1147  	0.39883  	0.01300  	-0.0649  	0.01367  	-0.0199  	0.02126  	-0.0869  	0.00012  	-0.0446  	-0.0210  	0.01904  	-0.0341  	-0.0549  	0.02613  	0.00861  	-0.0238  	0.01907  	-0.0087  	-0.0247  	0.07420  	-0.0097  	0.14880  	-0.0095  	0.03107  	0.00427  	-0.0398  	0.10221  	
-0.7888  	-0.1276  	-0.5062  	-1.8990  	-1.0493  	-1.5010  	0.27817  	0.05198  	0.03108  	0.34794  	0.54833  	-0.2194  	0.11543  	-0.3601  	-0.5109  	0.50036  	-0.0998  	-0.0402  	0.10824  	0.05638  	-0.0141  	0.26088  	-0.3108  	0.35167  	0.72032  	-0.3529  	0.19794  	-0.5669  	0.03610  	0.37037  	0.23209  	0.12098  	-0.2514  	-0.0099  	0.27750  	0.10715  	0.35353  	0.12834  	-0.6488  	0.29279  	0.37642  	0.03166  	-0.1098  	0.39682  	0.01507  	-0.0700  	0.02345  	-0.0197  	0.01764  	-0.0890  	-0.0003  	-0.0450  	-0.0234  	0.01892  	-0.0322  	-0.0612  	0.01877  	0.00756  	-0.0259  	0.01933  	-0.0096  	-0.0072  	0.07736  	-0.0079  	0.14880  	-0.0095  	0.03107  	0.00427  	-0.0398  	0.10221  	
-0.6680  	-0.0902  	-0.4846  	-1.7547  	-0.9044  	-1.5088  	0.30325  	0.07166  	0.05877  	0.38645  	0.47241  	-0.1714  	0.18276  	-0.2991  	-0.4185  	0.53194  	-0.1106  	-0.0590  	0.11620  	0.08695  	-0.0595  	0.28508  	-0.3895  	0.35523  	0.80882  	-0.3896  	0.24328  	-0.5491  	0.04975  	0.42601  	0.20565  	0.13770  	-0.2387  	-0.0066  	0.30018  	0.11346  	0.31533  	0.12946  	-0.6451  	0.32135  	0.34641  	0.03742  	-0.1301  	0.39363  	0.01255  	-0.0654  	0.02263  	-0.0081  	0.02625  	-0.0947  	0.00677  	-0.0432  	-0.0262  	0.02136  	-0.0350  	-0.0577  	0.01770  	0.00546  	-0.0247  	0.01644  	-0.0079  	-0.0225  	0.07802  	-0.0162  	0.14880  	-0.0095  	0.03107  	0.00427  	-0.0398  	0.10221  	
-0.6629  	-0.1187  	-0.4695  	-1.6989  	-0.8811  	-1.5058  	0.29503  	0.08066  	0.04414  	0.34428  	0.50874  	-0.1890  	0.17357  	-0.3531  	-0.4525  	0.57524  	-0.1290  	-0.0992  	0.13575  	0.09667  	-0.0401  	0.24145  	-0.4224  	0.40208  	0.88505  	-0.3858  	0.32525  	-0.5517  	0.02690  	0.43606  	0.18867  	0.14728  	-0.2523  	-0.0139  	0.34261  	0.12970  	0.34986  	0.14182  	-0.6590  	0.32519  	0.31057  	0.04609  	-0.1436  	0.40060  	0.01338  	-0.0748  	0.01212  	0.00525  	0.02857  	-0.1064  	0.00781  	-0.0405  	-0.0256  	0.01734  	-0.0385  	-0.0495  	0.02419  	0.00319  	-0.0194  	0.02688  	-0.0070  	-0.0236  	0.08614  	-0.0175  	0.14880  	-0.0095  	0.03107  	0.00427  	-0.0398  	0.10221  	
-0.4534  	-0.0753  	-0.4412  	-1.3688  	-0.6997  	-1.3782  	0.29611  	0.19065  	0.03675  	0.28668  	0.32040  	-0.1212  	0.22520  	-0.1013  	-0.1615  	0.54734  	-0.1344  	-0.0965  	0.11163  	0.11772  	0.02081  	0.30483  	-0.4989  	0.45907  	0.87438  	-0.3978  	0.32575  	-0.5781  	0.09066  	0.46962  	0.17354  	0.10095  	-0.2322  	0.00777  	0.42882  	0.05065  	0.32730  	0.09672  	-0.6269  	0.35136  	0.25962  	0.06894  	-0.1494  	0.39934  	0.02364  	-0.0646  	0.00869  	-0.0042  	0.02469  	-0.1043  	0.01841  	-0.0467  	-0.0244  	0.00381  	-0.0488  	-0.0441  	0.02673  	0.00695  	-0.0294  	0.02590  	-0.0079  	-0.0222  	0.06578  	-0.0170  	0.14880  	-0.0095  	0.03107  	0.00427  	-0.0398  	0.10221  	
-0.2960  	0.04309  	-0.4421  	-1.1478  	-0.5955  	-1.1922  	0.32704  	0.31332  	0.08504  	0.26622  	0.10985  	-0.0614  	0.32592  	0.10662  	0.17117  	0.48179  	-0.1418  	-0.1206  	0.14278  	0.06172  	0.02332  	0.38601  	-0.4324  	0.32739  	0.92874  	-0.4026  	0.36423  	-0.5927  	0.12484  	0.50494  	0.15698  	0.10631  	-0.2143  	0.02337  	0.43868  	0.01565  	0.28357  	0.07218  	-0.5450  	0.32098  	0.20917  	0.04343  	-0.1112  	0.39137  	0.03087  	-0.0672  	0.01235  	0.02141  	0.04585  	-0.1127  	0.00289  	-0.0450  	-0.0217  	0.00825  	-0.0364  	-0.0472  	0.01083  	-0.0034  	-0.0299  	0.02067  	-0.0085  	-0.0214  	0.06668  	-0.0222  	0.14880  	-0.0095  	0.03107  	0.00427  	-0.0398  	0.10221  	
-0.2528  	0.02027  	-0.3630  	-1.3328  	-0.6197  	-1.3069  	0.31181  	0.27365  	0.15395  	0.28438  	0.21755  	-0.0447  	0.25344  	-0.0289  	-0.0890  	0.64609  	-0.1381  	-0.1154  	0.14213  	-0.0261  	0.04270  	0.37471  	-0.3854  	0.43860  	0.78746  	-0.4444  	0.33870  	-0.6992  	-0.0380  	0.43146  	0.17289  	0.12397  	-0.1956  	0.01110  	0.41093  	-0.0249  	0.41026  	0.12512  	-0.5658  	0.33708  	0.28092  	0.04406  	-0.1018  	0.40665  	-0.0033  	-0.0790  	0.00401  	0.01352  	0.02533  	-0.0965  	-0.0024  	-0.0450  	-0.0240  	0.02757  	-0.0447  	-0.0338  	0.03080  	-0.0020  	-0.0362  	0.02352  	0.00088  	0.00327  	0.06166  	-0.0186  	0.14880  	-0.0095  	0.03107  	0.00427  	-0.0398  	0.10221  	
-0.3251  	-0.0629  	-0.3397  	-1.6334  	-0.8358  	-1.3702  	0.28655  	0.13582  	0.04958  	0.35670  	0.54232  	-0.0911  	0.18786  	-0.2241  	-0.4300  	0.67090  	-0.1359  	-0.0979  	0.12260  	0.04532  	0.02360  	0.34746  	-0.4648  	0.48539  	0.78537  	-0.4103  	0.31133  	-0.6742  	-0.0947  	0.39238  	0.18392  	0.12320  	-0.2399  	-0.0163  	0.40813  	0.06559  	0.41008  	0.12236  	-0.6560  	0.31608  	0.27997  	0.05933  	-0.1181  	0.38378  	0.00795  	-0.0629  	0.01960  	0.00520  	0.03512  	-0.0748  	0.00962  	-0.0473  	-0.0220  	0.01969  	-0.0502  	-0.0550  	0.01669  	0.00022  	-0.0314  	0.01918  	-0.0083  	0.00101  	0.07230  	-0.0186  	0.14880  	-0.0095  	0.03107  	0.00427  	-0.0398  	0.10221  	
-0.5581  	-0.1386  	-0.3324  	-1.7480  	-0.8971  	-1.3901  	0.27552  	0.06547  	0.05514  	0.33140  	0.51082  	-0.1797  	0.11982  	-0.3474  	-0.5121  	0.65369  	-0.1199  	-0.0940  	0.13909  	0.04931  	0.06487  	0.27458  	-0.4213  	0.50315  	0.84046  	-0.4144  	0.42450  	-0.7224  	-0.0633  	0.43107  	0.18940  	0.16209  	-0.2599  	-0.0211  	0.38146  	0.13132  	0.42708  	0.15238  	-0.6772  	0.32475  	0.27743  	0.04826  	-0.1434  	0.39950  	0.01098  	-0.0714  	0.00995  	-0.0146  	0.02591  	-0.0920  	0.00230  	-0.0451  	-0.0245  	0.02248  	-0.0354  	-0.0520  	0.02759  	0.00797  	-0.0252  	0.02334  	-0.0052  	-0.0253  	0.08005  	-0.0177  	0.14880  	-0.0095  	0.03107  	0.00427  	-0.0398  	0.10221  	
-0.6870  	-0.1337  	-0.4478  	-1.7996  	-0.9812  	-1.4087  	0.27850  	0.06830  	0.02665  	0.31099  	0.40980  	-0.2190  	0.10195  	-0.3450  	-0.5292  	0.54267  	-0.0852  	-0.0717  	0.14702  	0.05642  	-0.0330  	0.26534  	-0.3694  	0.42081  	0.85851  	-0.3925  	0.33173  	-0.6194  	0.04974  	0.43686  	0.18280  	0.14969  	-0.2661  	-0.0075  	0.29247  	0.14378  	0.37025  	0.13978  	-0.6159  	0.32186  	0.32943  	0.03184  	-0.1107  	0.40775  	0.01305  	-0.0734  	0.01755  	-0.0076  	0.02637  	-0.0958  	-0.0021  	-0.0428  	-0.0254  	0.01946  	-0.0356  	-0.0636  	0.02219  	0.00722  	-0.0284  	0.01626  	-0.0076  	-0.0284  	0.07866  	-0.0068  	0.14880  	-0.0095  	0.03107  	0.00427  	-0.0398  	0.10221  	
-0.7563  	-0.1542  	-0.4969  	-1.8783  	-0.9840  	-1.5294  	0.27479  	0.05292  	0.02946  	0.37009  	0.42072  	-0.1697  	0.13580  	-0.3650  	-0.5295  	0.47711  	-0.1307  	-0.0091  	0.12167  	0.08629  	-0.0963  	0.27738  	-0.3550  	0.33631  	0.79104  	-0.3837  	0.21936  	-0.5044  	0.10426  	0.41470  	0.22546  	0.11243  	-0.2577  	0.00190  	0.25134  	0.11557  	0.31564  	0.10592  	-0.5964  	0.33863  	0.36926  	0.03461  	-0.1088  	0.40442  	0.01726  	-0.0757  	0.02353  	-0.0081  	0.02159  	-0.0889  	-0.0029  	-0.0435  	-0.0287  	0.01419  	-0.0407  	-0.0589  	0.01925  	0.00125  	-0.0344  	0.01847  	0.00292  	-0.0250  	0.07592  	-0.0086  	0.14880  	-0.0095  	0.03107  	0.00427  	-0.0398  	0.10221  	
-0.9801  	-0.1603  	-0.6651  	-1.7397  	-0.8106  	-1.7070  	0.28448  	0.14110  	0.05016  	0.34595  	0.60443  	-0.0330  	0.18175  	-0.1503  	-0.3582  	0.38959  	-0.1446  	-0.0785  	0.06836  	0.09164  	0.00380  	0.29749  	-0.3974  	0.41413  	0.67600  	-0.3668  	0.21611  	-0.5599  	0.02877  	0.38977  	0.25194  	0.08540  	-0.1882  	0.00296  	0.35078  	0.02950  	0.28635  	0.08481  	-0.5932  	0.32182  	0.30131  	0.06023  	-0.1638  	0.35662  	0.02659  	-0.0730  	0.04097  	-0.0273  	0.02381  	-0.0850  	0.00071  	-0.0460  	-0.0288  	0.02047  	-0.0427  	-0.0629  	0.01724  	0.00187  	-0.0337  	0.02397  	-0.0015  	-0.0132  	0.06935  	-0.0107  	0.14880  	-0.0095  	0.03107  	0.00427  	-0.0398  	0.10221  	
-0.7044  	-0.0965  	-0.5729  	-1.5864  	-0.7506  	-1.5575  	0.29114  	0.26155  	0.08896  	0.31789  	0.52463  	-0.0493  	0.26880  	-0.0649  	-0.2982  	0.48521  	-0.1377  	-0.0539  	0.09579  	0.14756  	0.01365  	0.22033  	-0.4260  	0.37164  	0.62627  	-0.3529  	0.11620  	-0.4763  	0.04124  	0.38695  	0.23630  	0.07862  	-0.1754  	0.01310  	0.36490  	-0.0209  	0.26239  	0.07657  	-0.5737  	0.34216  	0.29844  	0.02975  	-0.1449  	0.36117  	0.03038  	-0.0781  	0.02416  	-0.0229  	0.01977  	-0.0766  	0.01067  	-0.0454  	-0.0393  	0.01896  	-0.0425  	-0.0590  	0.01378  	-0.0011  	-0.0312  	0.02878  	-0.0016  	0.00204  	0.06270  	-0.0128  	0.14880  	-0.0095  	0.03107  	0.00427  	-0.0398  	0.10221  	
-0.5327  	-0.0082  	-0.4180  	-1.4747  	-0.6882  	-1.4425  	0.32620  	0.31211  	0.10633  	0.26838  	0.29328  	-0.0388  	0.34300  	0.19159  	-0.0951  	0.46119  	-0.1645  	-0.0187  	0.06977  	0.14829  	-0.0073  	0.29374  	-0.5277  	0.35456  	0.73663  	-0.4114  	0.18452  	-0.4888  	0.11532  	0.46641  	0.20843  	0.07701  	-0.1727  	0.02590  	0.39163  	-0.0144  	0.25282  	0.07128  	-0.5690  	0.34035  	0.28497  	0.04713  	-0.1219  	0.38663  	0.02550  	-0.0841  	0.03078  	0.00590  	0.03476  	-0.0902  	0.00530  	-0.0528  	-0.0365  	0.01846  	-0.0410  	-0.0517  	0.02471  	0.00100  	-0.0439  	0.02285  	0.00121  	-0.0120  	0.06348  	-0.0118  	0.14880  	-0.0095  	0.03107  	0.00427  	-0.0398  	0.10221  	
-0.4277  	0.01833  	-0.4270  	-1.3312  	-0.7024  	-1.3304  	0.30060  	0.25698  	0.12095  	0.25187  	0.18471  	-0.0871  	0.35890  	0.12877  	0.06870  	0.44988  	-0.1277  	-0.1132  	0.09921  	0.06148  	0.04252  	0.35802  	-0.4223  	0.34700  	0.83282  	-0.3898  	0.28773  	-0.5795  	0.08865  	0.49127  	0.20349  	0.07174  	-0.1881  	0.02385  	0.36038  	-0.0316  	0.31248  	0.09529  	-0.5682  	0.32279  	0.25098  	0.04249  	-0.1299  	0.37969  	0.02066  	-0.0741  	0.01882  	-0.0035  	0.03190  	-0.1039  	-0.0036  	-0.0497  	-0.0347  	0.01254  	-0.0428  	-0.0462  	0.01903  	0.00234  	-0.0328  	0.01894  	-0.0004  	-0.0082  	0.06934  	-0.0194  	0.14880  	-0.0095  	0.03107  	0.00427  	-0.0398  	0.10221  	
-0.4638  	-0.0103  	-0.4692  	-1.3818  	-0.6987  	-1.3714  	0.32160  	0.22748  	0.14442  	0.32127  	0.24324  	-0.0734  	0.33543  	0.06842  	-0.1251  	0.51736  	-0.1363  	-0.0554  	0.09316  	0.06631  	-0.0261  	0.32191  	-0.4601  	0.33431  	0.77242  	-0.3846  	0.18137  	-0.4977  	0.11025  	0.46560  	0.22159  	0.07822  	-0.1825  	0.01535  	0.36489  	-0.0257  	0.26824  	0.06743  	-0.5711  	0.35099  	0.28457  	0.02278  	-0.1273  	0.37663  	0.01396  	-0.0696  	0.01826  	0.00731  	0.03445  	-0.0851  	0.01816  	-0.0533  	-0.0305  	0.01270  	-0.0367  	-0.0467  	0.01749  	-0.0039  	-0.0369  	0.02946  	-0.0037  	-0.0029  	0.06945  	-0.0122  	0.14880  	-0.0095  	0.03107  	0.00427  	-0.0398  	0.10221  	
-0.6514  	-0.0691  	-0.5146  	-1.8130  	-0.8383  	-1.5447  	0.32027  	0.15138  	0.09732  	0.39061  	0.51827  	-0.0979  	0.22617  	-0.1236  	-0.3873  	0.47348  	-0.1705  	-0.0215  	0.09612  	0.12340  	0.01410  	0.27890  	-0.4278  	0.39051  	0.69789  	-0.3787  	0.16412  	-0.5362  	0.01124  	0.38083  	0.24324  	0.08061  	-0.1708  	0.01908  	0.31837  	0.01307  	0.30202  	0.11050  	-0.6090  	0.32909  	0.33661  	0.03813  	-0.1321  	0.37260  	0.01383  	-0.0787  	0.02907  	-0.0016  	0.02474  	-0.0818  	0.00290  	-0.0462  	-0.0309  	0.01438  	-0.0446  	-0.0630  	0.01734  	0.00418  	-0.0265  	0.02226  	-0.0023  	-0.0145  	0.07441  	-0.0117  	0.14880  	-0.0095  	0.03107  	0.00427  	-0.0398  	0.10221  	
-0.9531  	-0.1646  	-0.6562  	-2.1067  	-1.0278  	-1.7315  	0.29546  	0.09163  	0.01895  	0.45997  	0.69059  	-0.2056  	0.10536  	-0.4231  	-0.6439  	0.44165  	-0.1489  	0.03741  	0.14017  	0.11293  	-0.0368  	0.24104  	-0.3551  	0.28584  	0.68809  	-0.3659  	0.16322  	-0.5048  	0.04932  	0.35384  	0.27671  	0.08720  	-0.2239  	0.00081  	0.25161  	0.10825  	0.32642  	0.11940  	-0.6132  	0.26918  	0.38935  	0.03227  	-0.1342  	0.38766  	0.02056  	-0.0759  	0.02154  	-0.0132  	0.01706  	-0.0883  	-0.0043  	-0.0440  	-0.0268  	0.01605  	-0.0387  	-0.0620  	0.02056  	0.00723  	-0.0308  	0.01417  	0.00295  	-0.0066  	0.07706  	-0.0075  	0.14880  	-0.0095  	0.03107  	0.00427  	-0.0398  	0.10221  	
-1.0365  	-0.1818  	-0.6364  	-2.1205  	-1.0698  	-1.7743  	0.29517  	0.04309  	0.03599  	0.48574  	0.69568  	-0.1876  	0.10778  	-0.4079  	-0.6864  	0.44022  	-0.1519  	0.01527  	0.11775  	0.06768  	-0.0821  	0.27097  	-0.3113  	0.28514  	0.63576  	-0.3372  	0.10213  	-0.5059  	0.05423  	0.33867  	0.28282  	0.08425  	-0.2263  	0.00556  	0.20469  	0.08909  	0.28657  	0.11751  	-0.6099  	0.27843  	0.41358  	0.02650  	-0.1100  	0.39043  	0.01811  	-0.0773  	0.02175  	-0.0175  	0.01903  	-0.0936  	-0.0129  	-0.0445  	-0.0288  	0.01278  	-0.0410  	-0.0625  	0.00892  	0.00348  	-0.0312  	0.01510  	0.00714  	-0.0021  	0.07704  	-0.0077  	0.14880  	-0.0095  	0.03107  	0.00427  	-0.0398  	0.10221  	
-1.0606  	-0.1664  	-0.5862  	-2.1319  	-1.0644  	-1.8082  	0.28580  	0.05905  	0.05075  	0.48902  	0.66523  	-0.1615  	0.11084  	-0.3753  	-0.7041  	0.43235  	-0.1473  	0.00759  	0.10399  	0.07985  	-0.0689  	0.26068  	-0.2912  	0.30547  	0.59844  	-0.3331  	0.10020  	-0.5522  	0.04462  	0.33656  	0.28489  	0.07082  	-0.2147  	0.01026  	0.20949  	0.05606  	0.28284  	0.10854  	-0.6075  	0.27119  	0.41530  	0.02369  	-0.1075  	0.39657  	0.02643  	-0.0762  	0.01802  	-0.0191  	0.01834  	-0.0940  	-0.0148  	-0.0463  	-0.0277  	0.00954  	-0.0422  	-0.0638  	0.00987  	0.00465  	-0.0287  	0.01349  	0.00659  	-0.0046  	0.08035  	-0.0084  	0.14880  	-0.0095  	0.03107  	0.00427  	-0.0398  	0.10221  	
-0.9780  	-0.1492  	-0.5805  	-2.0628  	-1.0288  	-1.7121  	0.28193  	0.10726  	0.07212  	0.43583  	0.59051  	-0.1417  	0.13220  	-0.3254  	-0.5744  	0.45037  	-0.1208  	-0.0165  	0.12640  	0.07724  	-0.0566  	0.27056  	-0.2591  	0.30824  	0.61163  	-0.3390  	0.09560  	-0.5572  	0.06861  	0.34226  	0.28398  	0.06539  	-0.2020  	0.01208  	0.22227  	0.02873  	0.29558  	0.11020  	-0.6035  	0.28897  	0.40589  	0.02156  	-0.1044  	0.40483  	0.01497  	-0.0746  	0.02347  	-0.0133  	0.02795  	-0.0992  	-0.0110  	-0.0457  	-0.0304  	0.01336  	-0.0395  	-0.0646  	0.01170  	0.00490  	-0.0345  	0.01373  	0.00493  	-0.0020  	0.07926  	-0.0078  	0.14880  	-0.0095  	0.03107  	0.00427  	-0.0398  	0.10221  	
-0.7429  	-0.0541  	-0.4760  	-1.8526  	-0.9430  	-1.5602  	0.26763  	0.17140  	0.09117  	0.35492  	0.53063  	-0.0859  	0.19281  	-0.1618  	-0.3857  	0.47142  	-0.1217  	-0.0629  	0.10781  	0.06053  	0.02285  	0.29640  	-0.2931  	0.31095  	0.61046  	-0.3488  	0.10714  	-0.5456  	0.02391  	0.35400  	0.26143  	0.07447  	-0.1649  	0.02206  	0.28448  	-0.0067  	0.34860  	0.12684  	-0.6150  	0.27523  	0.38690  	0.02807  	-0.1085  	0.38746  	0.01002  	-0.0604  	0.02574  	-0.0150  	0.01109  	-0.0845  	-0.0104  	-0.0453  	-0.0298  	0.01516  	-0.0442  	-0.0606  	0.01143  	0.00311  	-0.0313  	0.01661  	0.00439  	-0.0039  	0.06713  	-0.0109  	0.14880  	-0.0095  	0.03107  	0.00427  	-0.0398  	0.10221  	
-0.5207  	0.04667  	-0.3086  	-1.7023  	-0.9529  	-1.4684  	0.24561  	0.32263  	0.09372  	0.27540  	0.56586  	-0.0806  	0.26676  	-0.0672  	-0.1812  	0.45055  	-0.0382  	-0.2820  	0.16974  	-0.2344  	0.27552  	0.05396  	-0.5506  	0.35842  	0.54816  	-0.2682  	0.20723  	-0.7904  	-0.0237  	0.32336  	0.37127  	0.04109  	-0.2578  	-0.1625  	0.32285  	-0.1092  	0.34904  	0.16478  	-0.7925  	0.18251  	0.42072  	0.15500  	-0.2369  	0.46585  	-0.0518  	-0.0463  	0.00854  	0.00202  	-0.0024  	-0.0939  	-0.0069  	-0.0379  	-0.0253  	0.03339  	-0.0368  	-0.0616  	0.00318  	-0.0122  	-0.0367  	0.02271  	0.00806  	-0.0024  	0.05787  	-0.0109  	0.14880  	-0.0095  	0.03107  	0.00427  	-0.0398  	0.10221  	
-0.2983  	0.10193  	-0.1340  	-1.6148  	-0.9567  	-1.3485  	0.26079  	0.43221  	0.14110  	0.23445  	0.65032  	-0.0874  	0.31898  	-0.0591  	-0.1391  	0.51078  	0.03941  	-0.4468  	0.23758  	-0.4895  	0.45355  	-0.1136  	-0.7635  	0.45261  	0.55821  	-0.2204  	0.34980  	-1.0383  	-0.1073  	0.32065  	0.44342  	0.05665  	-0.3213  	-0.3078  	0.36612  	-0.1291  	0.37499  	0.18867  	-0.9219  	0.08442  	0.43057  	0.26867  	-0.3156  	0.52084  	-0.0962  	-0.0317  	-0.0251  	0.03356  	-0.0014  	-0.0982  	0.00105  	-0.0376  	-0.0212  	0.05468  	-0.0295  	-0.0465  	0.00429  	-0.0201  	-0.0371  	0.03098  	0.01517  	-0.0105  	0.04518  	-0.0130  	0.14880  	-0.0095  	0.03107  	0.00427  	-0.0398  	0.10221  	
-0.1179  	0.10369  	-0.0266  	-1.5753  	-0.8808  	-1.2682  	0.28649  	0.46461  	0.11395  	0.29812  	0.39136  	-0.2019  	0.44194  	0.06687  	-0.0272  	0.40654  	0.05854  	-0.5037  	0.25937  	-0.6001  	0.32916  	-0.0674  	-0.8282  	0.43255  	0.73139  	-0.2329  	0.39364  	-1.0239  	0.05890  	0.38614  	0.48638  	0.01578  	-0.3985  	-0.3424  	0.27758  	-0.0939  	0.28782  	0.14096  	-0.8559  	0.12455  	0.44060  	0.29289  	-0.3279  	0.57191  	-0.1188  	-0.0301  	-0.0508  	0.07728  	0.02445  	-0.1190  	0.01409  	-0.0310  	-0.0224  	0.04901  	-0.0263  	-0.0397  	-0.0076  	-0.0305  	-0.0331  	0.04701  	0.01204  	-0.0033  	0.04316  	-0.0118  	0.14880  	-0.0095  	0.03107  	0.00427  	-0.0398  	0.10221  	
-0.2311  	0.05712  	-0.2261  	-1.4992  	-0.7762  	-1.4273  	0.34707  	0.32495  	0.08454  	0.41284  	0.20909  	-0.3352  	0.46567  	0.16285  	0.13852  	0.16812  	0.03161  	-0.4693  	0.21608  	-0.5152  	0.18758  	0.02605  	-0.8346  	0.44211  	0.84281  	-0.2660  	0.47068  	-0.9859  	0.17459  	0.46465  	0.40609  	0.02055  	-0.4124  	-0.3061  	0.29478  	-0.0397  	0.23299  	0.09329  	-0.8070  	0.21271  	0.40143  	0.30278  	-0.3451  	0.54633  	-0.0907  	-0.0359  	-0.0436  	0.06375  	0.02286  	-0.1193  	0.01953  	-0.0375  	-0.0262  	0.04496  	-0.0312  	-0.0397  	0.00319  	-0.0274  	-0.0250  	0.04849  	0.00967  	-0.0112  	0.03196  	-0.0188  	0.14880  	-0.0095  	0.03107  	0.00427  	-0.0398  	0.10221  	
-0.3573  	-0.0146  	-0.4018  	-1.2603  	-0.7156  	-1.2768  	0.25087  	0.33249  	0.06629  	0.19384  	0.29166  	-0.0475  	0.36844  	0.00511  	0.09805  	0.42228  	-0.0304  	-0.3708  	0.16514  	-0.2560  	0.21564  	0.15280  	-0.6018  	0.44356  	0.64723  	-0.2995  	0.39954  	-0.8491  	0.01366  	0.44888  	0.29166  	0.07015  	-0.3028  	-0.1664  	0.39138  	-0.1042  	0.33710  	0.12524  	-0.7520  	0.21486  	0.30312  	0.18538  	-0.2438  	0.48581  	-0.0301  	-0.0500  	-0.0127  	0.01699  	0.02491  	-0.0997  	0.00212  	-0.0417  	-0.0273  	0.02854  	-0.0324  	-0.0418  	0.00344  	-0.0103  	-0.0345  	0.03240  	0.00530  	-0.0106  	0.05555  	-0.0151  	0.14880  	-0.0095  	0.03107  	0.00427  	-0.0398  	0.10221  	
-0.1968  	0.12136  	-0.1437  	-1.5723  	-0.9167  	-1.2114  	0.32550  	0.31563  	0.14559  	0.28236  	0.47409  	-0.1465  	0.22504  	0.06108  	-0.1019  	0.58283  	-0.1002  	-0.1732  	0.12186  	-0.0595  	0.31200  	0.35305  	-0.3144  	0.50573  	0.75163  	-0.4184  	0.45939  	-0.9103  	-0.2306  	0.38777  	0.18335  	0.17946  	-0.1924  	-0.0196  	0.48561  	-0.0687  	0.52678  	0.18392  	-0.6694  	0.26680  	0.24490  	0.03509  	-0.1163  	0.39882  	0.01911  	-0.0678  	0.00377  	0.02359  	0.04428  	-0.0853  	-0.0032  	-0.0449  	-0.0251  	0.01504  	-0.0376  	-0.0332  	0.00482  	-3.0853  	-0.0349  	0.02724  	0.00047  	-0.0038  	0.07245  	-0.0149  	0.14880  	-0.0095  	0.03107  	0.00427  	-0.0398  	0.10221  	
-0.2376  	0.07683  	-0.1117  	-1.7069  	-0.9628  	-1.2599  	0.30939  	0.37217  	0.16511  	0.29717  	0.59409  	-0.0689  	0.19371  	0.01041  	-0.2867  	0.66967  	-0.1414  	-0.1649  	0.13826  	0.01560  	0.33309  	0.32040  	-0.3021  	0.41193  	0.71514  	-0.4152  	0.33647  	-0.8373  	-0.2334  	0.35249  	0.21669  	0.15256  	-0.1651  	-0.0133  	0.44324  	-0.0878  	0.54816  	0.17960  	-0.6442  	0.23886  	0.28448  	0.03145  	-0.0920  	0.39746  	0.01003  	-0.0632  	0.01233  	0.02642  	0.04325  	-0.0938  	-0.0026  	-0.0415  	-0.0282  	0.02049  	-0.0433  	-0.0411  	0.00507  	-0.0005  	-0.0389  	0.02833  	-0.0042  	-0.0114  	0.07699  	-0.0178  	0.14880  	-0.0095  	0.03107  	0.00427  	-0.0398  	0.10221  	
-0.2883  	0.04514  	-0.2120  	-1.5691  	-0.8569  	-1.2997  	0.32787  	0.34249  	0.19523  	0.35331  	0.47245  	-0.1500  	0.26506  	0.08889  	-0.1650  	0.64255  	-0.1295  	-0.1561  	0.14132  	0.04457  	0.26334  	0.32249  	-0.4004  	0.41920  	0.88626  	-0.4447  	0.39742  	-0.8267  	-0.1105  	0.42903  	0.17210  	0.14108  	-0.1904  	-0.0107  	0.44007  	-0.0371  	0.48610  	0.14640  	-0.6010  	0.29610  	0.25500  	0.04767  	-0.1233  	0.40611  	0.01110  	-0.0776  	0.00806  	0.02468  	0.04965  	-0.0937  	0.01045  	-0.0457  	-0.0251  	0.03070  	-0.0378  	-0.0356  	0.00261  	0.00476  	-0.0330  	0.03192  	-0.0034  	-0.0061  	0.06737  	-0.0169  	0.14880  	-0.0095  	0.03107  	0.00427  	-0.0398  	0.10221  	
-0.3124  	0.03179  	-0.4540  	-1.1315  	-0.5466  	-1.3366  	0.35388  	0.21366  	0.08747  	0.28133  	0.10952  	-0.0648  	0.35018  	0.25554  	0.13359  	0.40348  	-0.1119  	-0.1789  	0.08438  	0.02718  	0.03725  	0.36091  	-0.4906  	0.39341  	0.99319  	-0.4352  	0.45769  	-0.5930  	0.10103  	0.52895  	0.12457  	0.07517  	-0.2208  	0.01833  	0.44266  	-0.0058  	0.31456  	0.07778  	-0.5814  	0.37449  	0.16027  	0.08383  	-0.1553  	0.39766  	0.02543  	-0.0769  	0.00635  	0.02625  	0.04421  	-0.0996  	0.00795  	-0.0517  	-0.0342  	0.01609  	-0.0422  	-0.0378  	0.03134  	-0.0028  	-0.0289  	0.02162  	-0.0053  	-0.0097  	0.07069  	-0.0275  	0.14880  	-0.0095  	0.03107  	0.00427  	-0.0398  	0.10221  	
-0.3253  	0.06601  	-0.5940  	-0.7065  	-0.2534  	-1.2980  	0.36103  	0.26355  	0.12374  	0.17815  	-0.0698  	-0.0803  	0.42032  	0.48906  	0.39653  	0.37883  	-0.1836  	-0.1469  	0.05013  	0.12831  	-0.1667  	0.36276  	-0.6586  	0.42133  	1.02184  	-0.4326  	0.31267  	-0.4213  	0.29683  	0.63109  	0.08465  	0.07409  	-0.1994  	0.04908  	0.51183  	0.03596  	0.15911  	0.05443  	-0.5343  	0.44596  	0.13230  	0.08687  	-0.1930  	0.38908  	0.04845  	-0.0733  	-0.0006  	-0.0002  	0.02759  	-0.0963  	0.01285  	-0.0517  	-0.0324  	0.01385  	-0.0444  	-0.0400  	0.02502  	-0.0092  	-0.0378  	0.02904  	-0.0076  	-0.0013  	0.04694  	-0.0221  	0.14880  	-0.0095  	0.03107  	0.00427  	-0.0398  	0.10221  	
-0.3165  	0.05007  	-0.5652  	-0.6510  	-0.2704  	-1.3200  	0.33375  	0.23703  	0.12718  	0.15886  	-0.1063  	-0.0759  	0.42931  	0.45376  	0.41216  	0.33761  	-0.1780  	-0.1370  	0.03303  	0.14622  	-0.2127  	0.38192  	-0.6554  	0.43288  	0.97719  	-0.4218  	0.24680  	-0.3821  	0.32361  	0.61990  	0.09086  	0.07886  	-0.1830  	0.05710  	0.48562  	0.02843  	0.12873  	0.05095  	-0.5293  	0.45325  	0.15032  	0.08168  	-0.1914  	0.39279  	0.04320  	-0.0738  	0.01384  	-0.0003  	0.04145  	-0.0904  	0.02229  	-0.0525  	-0.0302  	0.01795  	-0.0397  	-0.0433  	0.01816  	-0.0031  	-0.0339  	0.03256  	-0.0058  	0.00100  	0.04500  	-0.0171  	0.14880  	-0.0095  	0.03107  	0.00427  	-0.0398  	0.10221  	
-0.4927  	-0.0206  	-0.5387  	-1.0652  	-0.5138  	-1.3330  	0.29881  	0.27402  	0.11390  	0.25112  	-0.0045  	-0.0584  	0.42464  	0.17322  	0.08577  	0.52965  	-0.1958  	-0.1073  	0.06181  	0.12569  	-0.1028  	0.40977  	-0.5398  	0.34643  	0.82842  	-0.3817  	0.21296  	-0.4687  	0.21948  	0.52121  	0.13627  	0.06817  	-0.1993  	0.04839  	0.38911  	0.01136  	0.18136  	0.06607  	-0.5640  	0.36019  	0.23353  	0.06524  	-0.1508  	0.39840  	0.02320  	-0.0795  	0.02264  	0.00767  	0.05355  	-0.0980  	0.00022  	-0.0594  	-0.0289  	0.01637  	-0.0341  	-0.0475  	0.02612  	0.00361  	-0.0323  	0.02015  	-0.0129  	-0.0003  	0.06624  	-0.0097  	0.14880  	-0.0095  	0.03107  	0.00427  	-0.0398  	0.10221  	
-0.4414  	-0.0607  	-0.4721  	-1.3814  	-0.6645  	-1.3496  	0.33086  	0.23463  	0.06027  	0.32461  	0.17086  	-0.0533  	0.32240  	-0.1402  	-0.2024  	0.65492  	-0.1537  	-0.0691  	0.11573  	0.08770  	-0.0846  	0.38617  	-0.4781  	0.35409  	0.76961  	-0.3939  	0.21639  	-0.5548  	0.09951  	0.44682  	0.16773  	0.12115  	-0.2120  	0.02099  	0.31171  	0.03932  	0.25265  	0.12276  	-0.6092  	0.32201  	0.27777  	0.03456  	-0.1121  	0.40005  	0.01116  	-0.0763  	0.02179  	0.03200  	0.04728  	-0.1143  	0.00861  	-0.0637  	-0.0395  	0.00241  	-0.0363  	-0.0470  	0.03150  	0.01165  	-0.0344  	0.00745  	-0.0132  	-0.0149  	0.07503  	-0.0179  	0.14880  	-0.0095  	0.03107  	0.00427  	-0.0398  	0.10221  	
-0.4646  	-0.1172  	-0.3555  	-1.6210  	-0.8068  	-1.3917  	0.27119  	0.10603  	0.05840  	0.35823  	0.43566  	-0.1007  	0.17193  	-0.3349  	-0.4756  	0.69841  	-0.1612  	-0.0601  	0.13874  	0.06459  	-0.0971  	0.31756  	-0.4470  	0.40686  	0.77360  	-0.4007  	0.31170  	-0.6328  	-0.0036  	0.44718  	0.20521  	0.14370  	-0.2751  	-0.0037  	0.36834  	0.11523  	0.33522  	0.12940  	-0.6482  	0.29087  	0.30708  	0.04613  	-0.1128  	0.40033  	0.01191  	-0.0734  	0.01498  	-0.0034  	0.03297  	-0.1020  	0.00850  	-0.0411  	-0.0264  	0.01054  	-0.0348  	-0.0516  	0.02231  	0.00109  	-0.0238  	0.02243  	-0.0018  	-0.0209  	0.08196  	-0.0234  	0.14880  	-0.0095  	0.03107  	0.00427  	-0.0398  	0.10221  	
-0.4614  	-0.1116  	-0.2667  	-1.7027  	-0.8754  	-1.3847  	0.27205  	0.11359  	0.05728  	0.41733  	0.61394  	-0.1591  	0.07915  	-0.3864  	-0.5912  	0.73998  	-0.1574  	-0.0637  	0.15539  	0.02798  	0.06173  	0.29621  	-0.4069  	0.47344  	0.83547  	-0.4457  	0.39313  	-0.6911  	-0.0683  	0.40300  	0.16753  	0.17706  	-0.2616  	-0.0272  	0.41247  	0.14228  	0.45062  	0.15577  	-0.6649  	0.31315  	0.30721  	0.06138  	-0.1195  	0.40095  	0.01264  	-0.0727  	0.00500  	-0.0049  	0.04104  	-0.1018  	0.00519  	-0.0425  	-0.0226  	0.01931  	-0.0308  	-0.0529  	0.02085  	0.00263  	-0.0275  	0.02641  	-0.0051  	-0.0254  	0.07711  	-0.0139  	0.14880  	-0.0095  	0.03107  	0.00427  	-0.0398  	0.10221  	
-0.5306  	-0.1188  	-0.2944  	-1.6888  	-0.8865  	-1.4242  	0.23065  	0.17834  	-0.0009  	0.37242  	0.60488  	-0.1370  	0.15025  	-0.3707  	-0.4388  	0.65645  	-0.0675  	-0.2896  	0.21805  	-0.2500  	0.17958  	0.07849  	-0.7183  	0.52645  	0.75120  	-0.3219  	0.40893  	-0.8536  	-0.0978  	0.34904  	0.29452  	0.13620  	-0.3598  	-0.1950  	0.39580  	0.10700  	0.40736  	0.14380  	-0.8158  	0.24376  	0.35482  	0.21395  	-0.2655  	0.45675  	-0.0327  	-0.0475  	-0.0104  	0.00681  	0.02010  	-0.0989  	0.00665  	-0.0469  	-0.0324  	0.04142  	-0.0285  	-0.0614  	0.02970  	-0.0066  	-0.0326  	0.02853  	-0.0145  	-0.0209  	0.05176  	-0.0193  	0.14880  	-0.0095  	0.03107  	0.00427  	-0.0398  	0.10221  	
-0.2701  	0.00373  	-0.1511  	-1.4959  	-0.7318  	-1.4716  	0.27314  	0.24553  	0.01790  	0.37524  	0.40263  	-0.2066  	0.36990  	-0.1038  	-0.0419  	0.42613  	-0.0005  	-0.4446  	0.25627  	-0.5240  	0.26487  	-0.0519  	-0.8603  	0.50601  	0.56098  	-0.2197  	0.35427  	-0.9861  	-0.0277  	0.37219  	0.44567  	0.09098  	-0.3780  	-0.3049  	0.37151  	-0.0102  	0.32414  	0.09953  	-0.8975  	0.20667  	0.42206  	0.31470  	-0.3627  	0.54392  	-0.0952  	-0.0330  	-0.0316  	0.04612  	0.00538  	-0.1109  	0.02016  	-0.0306  	-0.0247  	0.04453  	-0.0382  	-0.0552  	0.00758  	-0.0234  	-0.0328  	0.03799  	0.01486  	-0.0206  	0.02720  	-0.0242  	0.14880  	-0.0095  	0.03107  	0.00427  	-0.0398  	0.10221  	
-0.0735  	0.13668  	-0.0644  	-1.3608  	-0.7363  	-1.2426  	0.32090  	0.36173  	0.07593  	0.34723  	0.16680  	-0.1020  	0.52252  	0.11541  	0.25454  	0.26180  	0.02404  	-0.4719  	0.24601  	-0.5671  	0.21211  	-0.0160  	-0.8866  	0.35768  	0.67996  	-0.2221  	0.34074  	-0.9684  	0.20868  	0.41711  	0.47207  	-0.0119  	-0.3838  	-0.3217  	0.26759  	-0.0684  	0.16066  	0.10173  	-0.8384  	0.18988  	0.42207  	0.32456  	-0.3519  	0.56655  	-0.1175  	-0.0355  	-0.0506  	0.09362  	0.02628  	-0.1173  	0.02690  	-0.0365  	-0.0276  	0.04178  	-0.0245  	-0.0446  	0.01125  	-0.0203  	-0.0407  	0.03747  	0.00707  	-0.0167  	0.03283  	-0.0198  	0.14880  	-0.0095  	0.03107  	0.00427  	-0.0398  	0.10221  	
-0.2788  	0.06344  	-0.3393  	-1.1279  	-0.6371  	-1.3444  	0.26411  	0.38871  	0.03955  	0.29351  	0.11128  	-0.2391  	0.54671  	0.28482  	0.29498  	0.27997  	0.03832  	-0.4678  	0.23900  	-0.5753  	0.18165  	-0.0108  	-0.9275  	0.47131  	0.81112  	-0.2531  	0.48853  	-0.9550  	0.18569  	0.50132  	0.42108  	0.01238  	-0.3999  	-0.2899  	0.35432  	-0.0465  	0.17571  	0.07020  	-0.7886  	0.21054  	0.31860  	0.31362  	-0.3688  	0.52691  	-0.0933  	-0.0298  	-0.0379  	0.04402  	0.00945  	-0.1198  	0.01456  	-0.0255  	-0.0322  	0.04253  	-0.0295  	-0.0500  	0.00293  	-0.0206  	-0.0264  	0.03665  	0.01049  	-0.0103  	0.03264  	-0.0223  	0.14880  	-0.0095  	0.03107  	0.00427  	-0.0398  	0.10221  	
-0.5555  	-0.0512  	-0.6230  	-1.1684  	-0.5123  	-1.5519  	0.31523  	0.34003  	0.07921  	0.29863  	0.26713  	-0.0207  	0.39450  	0.11981  	0.07816  	0.39749  	-0.0763  	-0.2794  	0.12229  	-0.1646  	0.05268  	0.08918  	-0.7939  	0.46623  	0.75979  	-0.3018  	0.30739  	-0.6111  	0.13755  	0.44910  	0.28628  	0.05703  	-0.2852  	-0.1309  	0.42206  	-0.0368  	0.16432  	0.06485  	-0.6984  	0.30827  	0.26000  	0.20949  	-0.3205  	0.45837  	-0.0425  	-0.0457  	-0.0036  	0.00604  	0.01802  	-0.0968  	0.01817  	-0.0398  	-0.0354  	0.03923  	-0.0308  	-0.0486  	0.01926  	-0.0096  	-0.0216  	0.02594  	0.00744  	-0.0037  	0.04002  	-0.0175  	0.14880  	-0.0095  	0.03107  	0.00427  	-0.0398  	0.10221  	
-0.4842  	-0.0121  	-0.5433  	-1.2610  	-0.5595  	-1.3838  	0.33314  	0.20869  	0.09225  	0.27343  	0.18329  	0.02908  	0.35641  	0.12822  	0.02022  	0.51911  	-0.1823  	-0.0318  	0.09501  	0.11241  	-0.0744  	0.36287  	-0.5167  	0.40898  	0.82586  	-0.3902  	0.24995  	-0.4504  	0.16027  	0.49650  	0.17060  	0.06965  	-0.1879  	0.04338  	0.40875  	0.01151  	0.22546  	0.06330  	-0.5555  	0.36642  	0.22636  	0.05991  	-0.1521  	0.38652  	0.02102  	-0.0712  	0.01577  	0.00750  	0.03910  	-0.1091  	-0.0077  	-0.0519  	-0.0301  	0.01786  	-0.0419  	-0.0508  	0.01767  	0.00236  	-0.0203  	0.01764  	-0.0003  	-0.0224  	0.05098  	-0.0238  	0.14880  	-0.0095  	0.03107  	0.00427  	-0.0398  	0.10221  	
-0.5680  	-0.0498  	-0.5084  	-1.4771  	-0.6841  	-1.3675  	0.33598  	0.19683  	0.08448  	0.34386  	0.22873  	-0.0683  	0.28381  	-0.0642  	-0.1625  	0.52320  	-0.1319  	0.00403  	0.11172  	0.04900  	-0.0463  	0.30719  	-0.4238  	0.35380  	0.74059  	-0.3941  	0.19285  	-0.4842  	0.12861  	0.43907  	0.19568  	0.08764  	-0.1910  	0.01839  	0.31435  	0.02560  	0.23333  	0.07889  	-0.5965  	0.35978  	0.28214  	0.02470  	-0.1206  	0.37913  	0.01931  	-0.0678  	0.02186  	0.00032  	0.03594  	-0.0974  	-0.0024  	-0.0510  	-0.0342  	0.00675  	-0.0428  	-0.0605  	0.01863  	0.00316  	-0.0247  	0.02120  	-0.0033  	-0.0152  	0.07431  	-0.0156  	0.14880  	-0.0095  	0.03107  	0.00427  	-0.0398  	0.10221  	
-0.5314  	-0.0434  	-0.4154  	-1.6478  	-0.8360  	-1.4290  	0.28874  	0.11319  	0.04501  	0.34743  	0.43071  	-0.1060  	0.17449  	-0.2753  	-0.3650  	0.53575  	-0.1814  	-0.0552  	0.10450  	0.10295  	-0.0283  	0.30212  	-0.3945  	0.37975  	0.75247  	-0.3805  	0.23100  	-0.5937  	0.00470  	0.40935  	0.21569  	0.11897  	-0.2030  	0.02510  	0.31695  	0.05016  	0.33491  	0.13558  	-0.6056  	0.32534  	0.33122  	0.03399  	-0.1157  	0.39329  	0.01748  	-0.0698  	0.01613  	-0.0004  	0.02963  	-0.0959  	0.00715  	-0.0440  	-0.0274  	0.01508  	-0.0421  	-0.0561  	0.02228  	0.01067  	-0.0266  	0.02091  	-0.0051  	-0.0196  	0.07885  	-0.0134  	0.14880  	-0.0095  	0.03107  	0.00427  	-0.0398  	0.10221  	
-0.5664  	-0.0642  	-0.3902  	-1.7294  	-0.9602  	-1.4530  	0.26085  	0.13463  	0.09198  	0.34370  	0.53167  	-0.1299  	0.15927  	-0.3327  	-0.4277  	0.54314  	-0.1087  	-0.0620  	0.13529  	0.05649  	0.02626  	0.24729  	-0.3146  	0.40119  	0.71032  	-0.3814  	0.21329  	-0.6304  	-0.0089  	0.38229  	0.23047  	0.13447  	-0.1955  	8.22300  	0.30590  	0.03152  	0.36610  	0.13471  	-0.6394  	0.30754  	0.35173  	0.01538  	-0.1081  	0.40006  	0.02287  	-0.0676  	0.01841  	-0.0102  	0.02123  	-0.0868  	-0.0130  	-0.0436  	-0.0241  	0.01850  	-0.0450  	-0.0565  	0.00837  	0.00485  	-0.0335  	0.02197  	-0.0027  	-0.0030  	0.07620  	-0.0124  	0.14880  	-0.0095  	0.03107  	0.00427  	-0.0398  	0.10221  	
-0.4204  	0.01488  	-0.3216  	-1.7309  	-0.8819  	-1.3976  	0.31852  	0.27636  	0.15619  	0.36339  	0.54414  	-0.1312  	0.25676  	-0.0279  	-0.4163  	0.62791  	-0.1559  	-0.1150  	0.12031  	0.12213  	0.14342  	0.27505  	-0.4482  	0.37439  	0.79818  	-0.4275  	0.31999  	-0.6387  	-0.0915  	0.40945  	0.20208  	0.12453  	-0.1609  	-0.0140  	0.43104  	0.00952  	0.44832  	0.13618  	-0.6392  	0.30008  	0.28572  	0.04640  	-0.1039  	0.39004  	0.00903  	-0.0695  	0.02291  	-0.0030  	0.03492  	-0.0930  	0.00323  	-0.0472  	-0.0322  	0.02110  	-0.0408  	-0.0521  	0.02036  	0.00069  	-0.0372  	0.02734  	-0.0061  	-0.0115  	0.08402  	-0.0163  	0.14880  	-0.0095  	0.03107  	0.00427  	-0.0398  	0.10221  	
-0.4397  	-0.0297  	-0.4537  	-1.3746  	-0.7075  	-1.3931  	0.29893  	0.23181  	0.11596  	0.30234  	0.34433  	-0.0128  	0.30370  	0.07003  	-0.1442  	0.54405  	-0.1507  	-0.1006  	0.09936  	0.08354  	0.08520  	0.33107  	-0.4571  	0.39918  	0.80512  	-0.4222  	0.34577  	-0.5939  	0.01506  	0.46708  	0.18386  	0.10441  	-0.1882  	-0.0022  	0.42240  	-0.0042  	0.35719  	0.09453  	-0.6010  	0.31448  	0.23164  	0.04466  	-0.1487  	0.39026  	0.02902  	-0.0677  	0.00995  	0.00161  	0.03674  	-0.0883  	0.00092  	-0.0539  	-0.0350  	0.01251  	-0.0489  	-0.0449  	0.02348  	0.00101  	-0.0270  	0.01441  	0.00067  	-0.0152  	0.06491  	-0.0128  	0.14880  	-0.0095  	0.03107  	0.00427  	-0.0398  	0.10221  	
-0.4247  	-0.0115  	-0.5436  	-1.1827  	-0.5237  	-1.3565  	0.32695  	0.21290  	0.06379  	0.24639  	0.18387  	-0.0314  	0.34162  	0.15883  	0.09104  	0.48245  	-0.1506  	-0.1145  	0.06871  	0.06868  	-0.0033  	0.34050  	-0.5315  	0.40324  	0.87203  	-0.4078  	0.34752  	-0.5028  	0.10451  	0.51780  	0.17499  	0.09576  	-0.2087  	0.01892  	0.46113  	-0.0013  	0.26401  	0.07072  	-0.5744  	0.34574  	0.19917  	0.06681  	-0.1578  	0.35672  	0.03633  	-0.0683  	0.01314  	-0.0007  	0.03441  	-0.0953  	-0.0008  	-0.0463  	-0.0309  	0.00833  	-0.0400  	-0.0503  	0.02055  	0.00669  	-0.0235  	0.01794  	0.00194  	-0.0152  	0.06405  	-0.0192  	0.14880  	-0.0095  	0.03107  	0.00427  	-0.0398  	0.10221  	
-0.4078  	0.01870  	-0.4852  	-1.1558  	-0.5722  	-1.2680  	0.32861  	0.20704  	0.09342  	0.23929  	0.07918  	-0.0755  	0.36690  	0.21079  	0.20876  	0.39929  	-0.1399  	-0.1161  	0.06252  	0.08782  	-0.0948  	0.40179  	-0.5135  	0.36842  	0.89461  	-0.4048  	0.26939  	-0.4791  	0.18211  	0.53085  	0.16086  	0.05997  	-0.1831  	0.04462  	0.38881  	0.00560  	0.24334  	0.06743  	-0.5419  	0.36835  	0.22322  	0.06479  	-0.1635  	0.37921  	0.03493  	-0.0760  	0.02100  	-0.0017  	0.03594  	-0.1034  	0.01129  	-0.0469  	-0.0378  	0.01200  	-0.0421  	-0.0492  	0.01603  	0.00447  	-0.0339  	0.01799  	-0.0060  	-0.0135  	0.07262  	-0.0172  	0.14880  	-0.0095  	0.03107  	0.00427  	-0.0398  	0.10221  	
-0.3567  	0.03961  	-0.4251  	-1.1383  	-0.6200  	-1.1774  	0.32472  	0.23655  	0.10314  	0.19563  	0.01345  	-0.1257  	0.37136  	0.16933  	0.28562  	0.37333  	-0.1333  	-0.1079  	0.04854  	0.06086  	-0.0368  	0.39832  	-0.4172  	0.36475  	0.86356  	-0.4084  	0.27724  	-0.5025  	0.20572  	0.51959  	0.17574  	0.06350  	-0.1925  	0.03446  	0.37416  	-0.0041  	0.22662  	0.05909  	-0.5215  	0.36374  	0.25211  	0.05655  	-0.1450  	0.38704  	0.02457  	-0.0748  	0.01616  	0.00303  	0.03800  	-0.0999  	0.01165  	-0.0453  	-0.0300  	0.00889  	-0.0422  	-0.0489  	0.01659  	0.00573  	-0.0284  	0.01879  	-0.0055  	-0.0016  	0.07190  	-0.0080  	0.14880  	-0.0095  	0.03107  	0.00427  	-0.0398  	0.10221  	
-0.3353  	0.00802  	-0.3275  	-1.4203  	-0.7636  	-1.2452  	0.30404  	0.28690  	0.10672  	0.30277  	0.17773  	-0.1948  	0.28669  	-0.0088  	0.02599  	0.50974  	-0.1155  	-0.0894  	0.08673  	-0.0042  	0.07556  	0.35040  	-0.3392  	0.37073  	0.77881  	-0.4040  	0.31487  	-0.7102  	0.02086  	0.43187  	0.18913  	0.12484  	-0.1948  	0.00724  	0.40686  	-0.0150  	0.34215  	0.12901  	-0.6104  	0.34874  	0.26294  	0.03566  	-0.1083  	0.39637  	0.00686  	-0.0698  	0.01392  	0.00784  	0.04007  	-0.0968  	0.00635  	-0.0444  	-0.0274  	0.01402  	-0.0378  	-0.0493  	0.01595  	-0.0027  	-0.0323  	0.02198  	-0.0030  	-0.0045  	0.07153  	-0.0156  	0.14880  	-0.0095  	0.03107  	0.00427  	-0.0398  	0.10221  	
-0.4140  	-0.0286  	-0.3352  	-1.7227  	-0.8792  	-1.3286  	0.31860  	0.19956  	0.09976  	0.30208  	0.46468  	-0.1757  	0.17659  	-0.1773  	-0.3027  	0.56947  	-0.1690  	-0.0523  	0.10998  	0.06398  	0.08717  	0.31413  	-0.3499  	0.40387  	0.73981  	-0.4024  	0.31302  	-0.6613  	-0.0418  	0.39376  	0.20603  	0.14742  	-0.1957  	0.00484  	0.41688  	0.04257  	0.40610  	0.13963  	-0.6544  	0.29213  	0.29495  	0.04411  	-0.1225  	0.38766  	0.01653  	-0.0747  	0.01715  	-0.0065  	0.03995  	-0.0865  	0.00831  	-0.0471  	-0.0257  	0.01645  	-0.0388  	-0.0530  	0.01521  	0.00244  	-0.0272  	0.01456  	-0.0074  	-0.0166  	0.07211  	-0.0136  	0.14880  	-0.0095  	0.03107  	0.00427  	-0.0398  	0.10221  	
-0.4381  	-0.0672  	-0.3526  	-1.7469  	-0.8872  	-1.4073  	0.32561  	0.14414  	0.07542  	0.40845  	0.58026  	-0.1826  	0.15742  	-0.2530  	-0.4485  	0.61474  	-0.1728  	-0.0370  	0.12352  	0.09875  	0.04540  	0.27887  	-0.3762  	0.37912  	0.75973  	-0.4158  	0.26992  	-0.5987  	-0.0255  	0.38938  	0.20078  	0.14087  	-0.2149  	-0.0025  	0.39917  	0.09788  	0.39943  	0.13750  	-0.6408  	0.30000  	0.31008  	0.03657  	-0.1219  	0.39514  	0.02029  	-0.0746  	0.02148  	-0.0079  	0.03273  	-0.0924  	0.01060  	-0.0470  	-0.0223  	0.01221  	-0.0337  	-0.0555  	0.02050  	0.00311  	-0.0318  	0.02065  	-0.0037  	-0.0237  	0.08305  	-0.0099  	0.14880  	-0.0095  	0.03107  	0.00427  	-0.0398  	0.10221  	
-0.4730  	-0.0778  	-0.3632  	-1.7304  	-0.8872  	-1.4085  	0.32311  	0.15799  	0.08025  	0.43359  	0.56456  	-0.1845  	0.16411  	-0.2514  	-0.4432  	0.62654  	-0.1927  	-0.0389  	0.11898  	0.09999  	0.02607  	0.28609  	-0.4270  	0.33196  	0.79382  	-0.4245  	0.24745  	-0.5466  	0.03394  	0.40600  	0.20082  	0.13351  	-0.2226  	-0.0031  	0.38445  	0.12904  	0.35850  	0.13174  	-0.6278  	0.31035  	0.30352  	0.04005  	-0.1209  	0.39263  	0.01417  	-0.0715  	0.01881  	-0.0046  	0.02581  	-0.0950  	0.01549  	-0.0455  	-0.0246  	0.01001  	-0.0324  	-0.0551  	0.02530  	0.00604  	-0.0287  	0.02039  	-0.0039  	-0.0224  	0.08484  	-0.0092  	0.14880  	-0.0095  	0.03107  	0.00427  	-0.0398  	0.10221  	
-0.4752  	-0.0606  	-0.3650  	-1.7491  	-0.8854  	-1.3858  	0.32631  	0.12970  	0.05165  	0.43605  	0.56880  	-0.1872  	0.15258  	-0.2555  	-0.5083  	0.62189  	-0.1942  	-0.0645  	0.11352  	0.09242  	0.03302  	0.28808  	-0.4452  	0.35930  	0.79978  	-0.4223  	0.30306  	-0.5849  	-0.0224  	0.41135  	0.20587  	0.13857  	-0.2241  	-0.0010  	0.39921  	0.12842  	0.38445  	0.12710  	-0.6454  	0.31179  	0.30634  	0.05226  	-0.1291  	0.39242  	0.01993  	-0.0753  	0.01250  	-0.0041  	0.02660  	-0.0917  	0.01262  	-0.0478  	-0.0215  	0.01342  	-0.0356  	-0.0527  	0.02715  	0.00435  	-0.0295  	0.02024  	-0.0092  	-0.0172  	0.08229  	-0.0108  	0.14880  	-0.0095  	0.03107  	0.00427  	-0.0398  	0.10221  	
-0.3141  	-0.0236  	-0.2787  	-1.6055  	-0.8340  	-1.3149  	0.29408  	0.13877  	0.08845  	0.37640  	0.45948  	-0.1977  	0.19530  	-0.0898  	-0.2182  	0.61752  	-0.1267  	-0.1762  	0.13984  	-0.0126  	0.18961  	0.34605  	-0.3915  	0.52299  	0.70576  	-0.4090  	0.36084  	-0.8729  	-0.2349  	0.38320  	0.19980  	0.17901  	-0.2176  	-0.0131  	0.52822  	0.00689  	0.49110  	0.14224  	-0.7206  	0.33579  	0.26743  	0.05686  	-0.1472  	0.38233  	0.00757  	-0.0729  	0.01025  	-0.0071  	0.03675  	-0.0824  	0.00514  	-0.0448  	-0.0360  	0.01880  	-0.0452  	-0.0562  	0.00360  	-0.0035  	-0.0364  	0.02327  	-8.8841  	-0.0050  	0.07731  	-0.0223  	0.14880  	-0.0095  	0.03107  	0.00427  	-0.0398  	0.10221  	
-0.1688  	0.06595  	-0.2114  	-1.3942  	-0.7700  	-1.2540  	0.35835  	0.23727  	0.10471  	0.40717  	0.30742  	-0.1947  	0.33781  	0.15490  	0.00868  	0.45404  	-0.1567  	-0.1577  	0.11425  	-0.0692  	0.09530  	0.36785  	-0.3956  	0.46283  	0.83818  	-0.4170  	0.43794  	-0.8703  	-0.0406  	0.45496  	0.19108  	0.12973  	-0.2226  	-0.0116  	0.47751  	0.01355  	0.38952  	0.13110  	-0.6225  	0.33908  	0.26073  	0.05918  	-0.1142  	0.40064  	0.00612  	-0.0762  	0.00564  	0.03531  	0.04004  	-0.0980  	0.01371  	-0.0445  	-0.0244  	0.01150  	-0.0342  	-0.0439  	0.01372  	0.00479  	-0.0376  	0.02411  	-0.0036  	-0.0082  	0.07085  	-0.0132  	0.14880  	-0.0095  	0.03107  	0.00427  	-0.0398  	0.10221  	
-0.0058  	0.11698  	-0.1317  	-1.4240  	-0.7445  	-1.1603  	0.38454  	0.26098  	0.12927  	0.45369  	0.01143  	-0.2987  	0.49178  	0.36220  	0.16960  	0.35321  	-0.1346  	-0.1822  	0.12136  	-0.1584  	-0.0046  	0.51554  	-0.2960  	0.37732  	0.92166  	-0.4339  	0.46250  	-0.8195  	0.06413  	0.52401  	0.24178  	0.09562  	-0.2305  	0.01194  	0.31352  	-0.0098  	0.34401  	0.10003  	-0.5614  	0.34384  	0.29641  	0.04648  	-0.0842  	0.43437  	-0.0030  	-0.0743  	-0.0113  	0.05510  	0.07455  	-0.0974  	-0.0024  	-0.0404  	-0.0241  	0.01492  	-0.0374  	-0.0391  	0.00700  	-0.0016  	-0.0347  	0.02203  	0.00165  	-0.0008  	0.07311  	-0.0273  	0.14880  	-0.0095  	0.03107  	0.00427  	-0.0398  	0.10221  	
-0.2611  	0.05004  	-0.3726  	-1.3517  	-0.7388  	-1.3754  	0.32313  	0.22595  	0.08645  	0.41010  	0.01509  	-0.3830  	0.40276  	0.32705  	0.18375  	0.23038  	-0.1033  	-0.2372  	0.10280  	-0.1150  	-0.0169  	0.46528  	-0.3886  	0.46426  	0.96094  	-0.4482  	0.62810  	-0.8465  	0.08361  	0.57741  	0.19041  	0.11387  	-0.2801  	0.01275  	0.45100  	0.01491  	0.35803  	0.06334  	-0.5911  	0.35963  	0.20368  	0.08977  	-0.1485  	0.40138  	0.02121  	-0.0699  	-0.0077  	0.03550  	0.05182  	-0.0896  	0.01308  	-0.0436  	-0.0362  	0.01303  	-0.0478  	-0.0294  	0.02166  	0.00453  	-0.0271  	0.02070  	0.00032  	-0.0029  	0.05990  	-0.0287  	0.14880  	-0.0095  	0.03107  	0.00427  	-0.0398  	0.10221  	
-0.3397  	-0.0068  	-0.4601  	-1.2657  	-0.6816  	-1.2536  	0.29337  	0.26555  	0.10420  	0.22735  	0.21401  	-0.1021  	0.32592  	0.05790  	0.10408  	0.43808  	-0.1234  	-0.2085  	0.10626  	-0.0304  	0.12173  	0.43114  	-0.3283  	0.42787  	0.74229  	-0.3959  	0.45569  	-0.7632  	-0.0569  	0.48093  	0.18618  	0.11671  	-0.2066  	0.00408  	0.45170  	-0.0500  	0.39921  	0.10818  	-0.6257  	0.31757  	0.21564  	0.06177  	-0.1241  	0.41672  	0.01236  	-0.0730  	0.00880  	0.00886  	0.04965  	-0.0918  	-0.0121  	-0.0467  	-0.0334  	0.01510  	-0.0387  	-0.0420  	0.00930  	0.00050  	-0.0316  	0.02610  	-0.0005  	-0.0183  	0.06574  	-0.0184  	0.14880  	-0.0095  	0.03107  	0.00427  	-0.0398  	0.10221  	
-0.1822  	0.09211  	-0.1199  	-1.6094  	-0.9280  	-1.2684  	0.31364  	0.34012  	0.14383  	0.31023  	0.52636  	-0.1069  	0.24498  	0.07230  	-0.1997  	0.63039  	-0.1212  	-0.1646  	0.13315  	-0.0273  	0.29491  	0.33022  	-0.3220  	0.44601  	0.76132  	-0.4251  	0.41788  	-0.8713  	-0.1960  	0.39152  	0.19818  	0.15322  	-0.1805  	-0.0125  	0.47429  	-0.0586  	0.52746  	0.17023  	-0.6561  	0.25678  	0.26008  	0.03709  	-0.1006  	0.40240  	0.00952  	-0.0680  	0.00599  	0.02763  	0.04706  	-0.0951  	0.00049  	-0.0436  	-0.0260  	0.01614  	-0.0413  	-0.0356  	0.00365  	-0.0018  	-0.0377  	0.02357  	-0.0018  	-0.0126  	0.07115  	-0.0190  	0.14880  	-0.0095  	0.03107  	0.00427  	-0.0398  	0.10221  	
-0.2039  	0.11079  	-0.2095  	-1.4629  	-0.7564  	-1.2841  	0.33840  	0.31757  	0.17559  	0.31072  	0.37694  	-0.0997  	0.32708  	0.15007  	-0.0381  	0.57285  	-0.1166  	-0.1934  	0.12452  	0.02477  	0.21936  	0.38000  	-0.4023  	0.43048  	0.89253  	-0.4466  	0.42992  	-0.7717  	-0.0551  	0.46599  	0.17970  	0.11062  	-0.1815  	-0.0026  	0.44233  	-0.0278  	0.46128  	0.12409  	-0.6178  	0.31114  	0.24725  	0.05875  	-0.1270  	0.39431  	0.00743  	-0.0734  	0.01436  	0.03559  	0.05377  	-0.1042  	0.01162  	-0.0441  	-0.0262  	0.02347  	-0.0428  	-0.0392  	0.00492  	0.00269  	-0.0313  	0.02977  	-0.0054  	-0.0099  	0.07149  	-0.0192  	0.14880  	-0.0095  	0.03107  	0.00427  	-0.0398  	0.10221  	
-0.3021  	0.04255  	-0.4305  	-0.9512  	-0.4966  	-1.2657  	0.32411  	0.19948  	0.10652  	0.30258  	0.06356  	-0.0338  	0.39552  	0.31524  	0.25353  	0.42359  	-0.1201  	-0.1840  	0.09052  	0.00538  	0.02665  	0.40199  	-0.4222  	0.42184  	0.95930  	-0.4334  	0.40117  	-0.6072  	0.07287  	0.52352  	0.14383  	0.07567  	-0.2086  	0.02157  	0.44308  	-0.0162  	0.29373  	0.06703  	-0.5883  	0.35294  	0.16528  	0.08654  	-0.1625  	0.37486  	0.02045  	-0.0714  	0.01200  	0.01537  	0.05054  	-0.1017  	-0.0002  	-0.0505  	-0.0294  	0.01691  	-0.0422  	-0.0426  	0.02619  	0.00209  	-0.0255  	0.02736  	0.00041  	-0.0163  	0.07494  	-0.0181  	0.14880  	-0.0095  	0.03107  	0.00427  	-0.0398  	0.10221  	
-0.3898  	-0.0097  	-0.5010  	-0.9582  	-0.4193  	-1.2892  	0.32204  	0.25466  	0.09445  	0.26327  	0.02857  	-0.0297  	0.40617  	0.22675  	0.21647  	0.43689  	-0.1376  	-0.1713  	0.08142  	0.06384  	-0.0760  	0.41716  	-0.4624  	0.38119  	0.86668  	-0.4057  	0.33478  	-0.5129  	0.13510  	0.52815  	0.16068  	0.09656  	-0.1982  	0.03285  	0.42735  	-0.0058  	0.25088  	0.06822  	-0.5644  	0.36203  	0.19346  	0.07445  	-0.1526  	0.39760  	0.03132  	-0.0740  	0.01276  	0.00637  	0.04226  	-0.0912  	-0.0050  	-0.0473  	-0.0313  	0.01162  	-0.0413  	-0.0489  	0.03417  	-0.0004  	-0.0267  	0.01719  	-0.0093  	-0.0006  	0.05942  	-0.0159  	0.14880  	-0.0095  	0.03107  	0.00427  	-0.0398  	0.10221  	
-0.4081  	-0.0029  	-0.4169  	-1.3938  	-0.7187  	-1.3484  	0.31110  	0.21511  	0.09607  	0.30931  	0.20723  	-0.0278  	0.34451  	0.03449  	-0.1540  	0.56172  	-0.1769  	-0.0649  	0.09611  	0.11065  	0.01417  	0.38363  	-0.4621  	0.36278  	0.78714  	-0.3905  	0.25773  	-0.5261  	0.04872  	0.44596  	0.19059  	0.09385  	-0.1905  	0.02423  	0.34467  	-0.0004  	0.31325  	0.10011  	-0.5582  	0.35661  	0.28127  	0.06181  	-0.1315  	0.37944  	0.02305  	-0.0646  	0.00841  	0.02644  	0.02549  	-0.0905  	-0.0110  	-0.0519  	-0.0342  	0.01649  	-0.0366  	-0.0515  	0.01870  	0.01086  	-0.0218  	0.01247  	-0.0054  	-0.0088  	0.05972  	-0.0139  	0.14880  	-0.0095  	0.03107  	0.00427  	-0.0398  	0.10221  	
-0.6334  	-0.0779  	-0.3771  	-1.8236  	-0.8982  	-1.4723  	0.35281  	0.13747  	0.09943  	0.34406  	0.46532  	-0.1563  	0.18713  	-0.2559  	-0.4370  	0.51055  	-0.1419  	-0.0851  	0.15275  	0.03448  	0.02182  	0.30033  	-0.3802  	0.43177  	0.74787  	-0.3967  	0.32045  	-0.6730  	-0.0273  	0.38944  	0.21994  	0.10882  	-0.2215  	0.01528  	0.35187  	0.05224  	0.37588  	0.14941  	-0.6781  	0.34937  	0.33110  	0.03434  	-0.1203  	0.40186  	-0.0015  	-0.0770  	0.01362  	-0.0037  	0.02045  	-0.0958  	-0.0120  	-0.0434  	-0.0274  	0.02550  	-0.0415  	-0.0584  	0.01899  	0.00135  	-0.0180  	0.01865  	-0.0012  	-0.0021  	0.07191  	-0.0256  	0.14880  	-0.0095  	0.03107  	0.00427  	-0.0398  	0.10221  	
-0.7829  	-0.1427  	-0.4612  	-1.8804  	-0.9884  	-1.5720  	0.27411  	0.08806  	0.07597  	0.37969  	0.62557  	-0.1615  	0.14269  	-0.3730  	-0.5980  	0.51649  	-0.1570  	-0.0717  	0.14006  	0.01156  	0.03301  	0.26756  	-0.3015  	0.43236  	0.66687  	-0.3730  	0.20504  	-0.6424  	0.00273  	0.35240  	0.22922  	0.10879  	-0.2448  	-0.0072  	0.31263  	0.07886  	0.36548  	0.13703  	-0.6727  	0.30617  	0.36536  	0.05272  	-0.1407  	0.38400  	0.01210  	-0.0739  	0.00589  	7.56948  	0.02313  	-0.0944  	-0.0079  	-0.0465  	-0.0239  	0.01041  	-0.0427  	-0.0614  	0.02262  	0.01801  	-0.0199  	0.01085  	0.00147  	-0.0044  	0.07455  	-0.0181  	0.14880  	-0.0095  	0.03107  	0.00427  	-0.0398  	0.10221  	
-0.9433  	-0.1410  	-0.5040  	-1.9236  	-1.0175  	-1.7206  	0.24950  	0.09483  	-0.0076  	0.44737  	0.62752  	-0.1724  	0.18359  	-0.5022  	-0.6157  	0.43804  	-0.0511  	-0.1654  	0.22592  	-0.1969  	-0.0368  	-0.0033  	-0.5794  	0.28574  	0.64716  	-0.2674  	0.10846  	-0.6267  	0.15135  	0.35196  	0.36625  	0.04755  	-0.3424  	-0.1709  	0.16747  	0.07829  	0.15758  	0.10457  	-0.7028  	0.22089  	0.46764  	0.16713  	-0.2530  	0.48974  	-0.0453  	-0.0537  	-0.0089  	0.03511  	0.00892  	-0.0967  	0.01127  	-0.0333  	-0.0313  	0.02362  	-0.0265  	-0.0619  	0.01759  	0.00149  	-0.0292  	0.02361  	0.01063  	-0.0170  	0.06511  	-0.0100  	0.14880  	-0.0095  	0.03107  	0.00427  	-0.0398  	0.10221  	
-0.9222  	-0.1179  	-0.4836  	-1.8875  	-0.9767  	-1.7345  	0.24329  	0.17143  	-0.0160  	0.44163  	0.54774  	-0.1597  	0.27018  	-0.4804  	-0.4927  	0.34318  	0.03020  	-0.3111  	0.25864  	-0.3810  	-0.0283  	-0.1641  	-0.8246  	0.27976  	0.64663  	-0.1931  	0.13432  	-0.6409  	0.27491  	0.37818  	0.44515  	-9.0081  	-0.3957  	-0.2902  	0.09681  	0.05525  	0.06140  	0.09883  	-0.7859  	0.15680  	0.51358  	0.28754  	-0.3498  	0.54477  	-0.0959  	-0.0345  	-0.0243  	0.05073  	-0.0060  	-0.1133  	0.00826  	-0.0305  	-0.0270  	0.03995  	-0.0270  	-0.0671  	0.01750  	-0.0098  	-0.0316  	0.02568  	0.01531  	-0.0217  	0.04897  	-0.0059  	0.14880  	-0.0095  	0.03107  	0.00427  	-0.0398  	0.10221  	
-0.7862  	-0.0951  	-0.4647  	-1.7673  	-0.8843  	-1.6033  	0.20430  	0.24252  	-0.0112  	0.36042  	0.51643  	-0.0539  	0.28600  	-0.3946  	-0.3464  	0.34416  	0.06529  	-0.3777  	0.25375  	-0.4185  	0.04377  	-0.1669  	-0.8930  	0.34095  	0.61051  	-0.1555  	0.16069  	-0.6884  	0.26693  	0.37806  	0.47681  	-0.0408  	-0.4074  	-0.3257  	0.12459  	0.02350  	0.06387  	0.08896  	-0.8360  	0.13410  	0.48826  	0.30456  	-0.3602  	0.55120  	-0.0998  	-0.0353  	-0.0227  	0.04163  	-0.0029  	-0.1181  	0.00529  	-0.0348  	-0.0244  	0.04755  	-0.0293  	-0.0728  	0.01752  	-0.0174  	-0.0294  	0.03177  	0.00437  	-0.0284  	0.03963  	-0.0074  	0.14880  	-0.0095  	0.03107  	0.00427  	-0.0398  	0.10221  	
-0.5096  	0.00271  	-0.3644  	-1.5139  	-0.7523  	-1.4286  	0.21530  	0.36110  	0.06585  	0.24685  	0.35072  	0.00201  	0.37964  	-0.0788  	-0.0237  	0.38481  	0.02442  	-0.3807  	0.22796  	-0.3703  	0.15493  	-0.1012  	-0.8721  	0.38728  	0.57292  	-0.2009  	0.22305  	-0.7797  	0.15290  	0.38598  	0.44611  	-0.0076  	-0.3619  	-0.2874  	0.26458  	-0.0426  	0.14720  	0.09335  	-0.8097  	0.17132  	0.42025  	0.27730  	-0.3385  	0.52930  	-0.0860  	-0.0385  	-0.0225  	0.03761  	0.00735  	-0.1075  	0.02029  	-0.0376  	-0.0289  	0.04242  	-0.0312  	-0.0506  	0.01662  	-0.0141  	-0.0277  	0.03151  	0.01051  	-0.0161  	0.03216  	-0.0144  	0.14880  	-0.0095  	0.03107  	0.00427  	-0.0398  	0.10221  	
-0.3535  	0.08480  	-0.2933  	-1.3647  	-0.7224  	-1.2179  	0.25812  	0.33258  	0.08921  	0.28204  	0.21761  	-0.0397  	0.38468  	0.12201  	0.15943  	0.45945  	-0.0032  	-0.3066  	0.18712  	-0.2377  	0.16516  	0.14865  	-0.6029  	0.41069  	0.72784  	-0.2861  	0.29725  	-0.7864  	0.08495  	0.43085  	0.32681  	0.05131  	-0.2701  	-0.1575  	0.31476  	-0.0536  	0.25503  	0.11474  	-0.7051  	0.22603  	0.35336  	0.15698  	-0.2392  	0.45819  	-0.0481  	-0.0390  	-0.0122  	0.04610  	0.02090  	-0.1075  	0.00629  	-0.0400  	-0.0254  	0.02575  	-0.0419  	-0.0431  	0.00330  	-0.0134  	-0.0336  	0.02464  	0.00509  	-0.0175  	0.04203  	-0.0132  	0.14880  	-0.0095  	0.03107  	0.00427  	-0.0398  	0.10221  	
-0.2970  	0.04705  	-0.3282  	-1.3705  	-0.7552  	-1.2386  	0.29972  	0.24829  	0.14851  	0.27541  	0.21102  	-0.1406  	0.36564  	0.13980  	-0.1485  	0.52122  	-0.1308  	-0.1069  	0.14008  	-0.0618  	0.06122  	0.34318  	-0.3626  	0.46382  	0.79246  	-0.4230  	0.30089  	-0.7205  	-0.0121  	0.46772  	0.23520  	0.11321  	-0.1680  	-0.0054  	0.42885  	-0.0462  	0.34600  	0.13218  	-0.6394  	0.33665  	0.30185  	0.03162  	-0.0974  	0.39589  	-0.0085  	-0.0682  	0.02050  	0.01912  	0.03108  	-0.0922  	0.00739  	-0.0494  	-0.0271  	0.01413  	-0.0447  	-0.0453  	0.01154  	-9.2640  	-0.0405  	0.03023  	-0.0080  	-0.0069  	0.05918  	-0.0126  	0.14880  	-0.0095  	0.03107  	0.00427  	-0.0398  	0.10221  	
-0.8093  	-0.0654  	-0.5211  	-2.0420  	-1.0209  	-1.6816  	0.33209  	0.09844  	0.08387  	0.45473  	0.61306  	-0.2011  	0.18540  	-0.1216  	-0.4712  	0.37081  	-0.1461  	-0.0234  	0.12154  	0.09546  	0.09152  	0.27040  	-0.3987  	0.43911  	0.76646  	-0.4041  	0.24455  	-0.7400  	-0.0419  	0.33953  	0.26408  	0.07729  	-0.1709  	-0.0084  	0.37763  	0.04962  	0.36061  	0.11687  	-0.6670  	0.35173  	0.32051  	0.02136  	-0.1577  	0.39861  	0.01674  	-0.0766  	0.03413  	-0.0183  	0.02760  	-0.0902  	-0.0003  	-0.0517  	-0.0335  	0.01897  	-0.0492  	-0.0517  	0.00656  	0.00185  	-0.0319  	0.02348  	-0.0001  	-0.0066  	0.07916  	-0.0225  	0.14880  	-0.0095  	0.03107  	0.00427  	-0.0398  	0.10221  	
-1.1097  	-0.1915  	-0.6781  	-2.2633  	-1.0680  	-1.8430  	0.25612  	0.02824  	0.01134  	0.47072  	0.83526  	-0.2452  	0.12651  	-0.2916  	-0.6203  	0.31222  	-0.1047  	-0.0673  	0.09939  	0.00234  	0.12075  	0.26105  	-0.3037  	0.48191  	0.64338  	-0.3626  	0.22672  	-0.6916  	-0.0774  	0.33825  	0.25436  	0.09957  	-0.1990  	-0.0120  	0.32463  	0.01659  	0.34564  	0.08118  	-0.6297  	0.31956  	0.33216  	0.05605  	-0.1854  	0.34942  	0.02772  	-0.0687  	0.02767  	-0.0385  	0.02458  	-0.0714  	3.60088  	-0.0475  	-0.0298  	0.01397  	-0.0433  	-0.0626  	0.00801  	0.00726  	-0.0224  	0.02340  	0.00313  	-6.1222  	0.05558  	-0.0216  	0.14880  	-0.0095  	0.03107  	0.00427  	-0.0398  	0.10221  	
-0.9948  	-0.1271  	-0.5702  	-2.1481  	-1.1156  	-1.8037  	0.24294  	0.10246  	0.03641  	0.46945  	0.75471  	-0.2117  	0.12987  	-0.2880  	-0.6739  	0.35918  	-0.1314  	-0.0479  	0.13666  	0.05947  	0.05319  	0.25754  	-0.2613  	0.37230  	0.64442  	-0.3411  	0.21246  	-0.6363  	-0.0360  	0.36695  	0.26839  	0.08334  	-0.2145  	-0.0072  	0.27274  	0.06408  	0.34188  	0.10875  	-0.6351  	0.26496  	0.37632  	0.03401  	-0.1286  	0.38656  	0.02552  	-0.0781  	0.02480  	-0.0138  	0.01529  	-0.0823  	-0.0025  	-0.0491  	-0.0289  	0.01861  	-0.0459  	-0.0586  	0.01615  	0.00659  	-0.0291  	0.01536  	0.00567  	-0.0046  	0.07188  	-0.0132  	0.14880  	-0.0095  	0.03107  	0.00427  	-0.0398  	0.10221  	
-0.7333  	-0.0969  	-0.4715  	-2.0164  	-1.0305  	-1.5355  	0.23800  	0.14248  	0.04840  	0.44085  	0.58369  	-0.1050  	0.13289  	-0.3953  	-0.7198  	0.54311  	-0.1058  	-0.0389  	0.13720  	0.07531  	-0.0266  	0.23679  	-0.2783  	0.35473  	0.66307  	-0.3388  	0.18617  	-0.5591  	0.01873  	0.36364  	0.24978  	0.09202  	-0.2030  	-0.0137  	0.25420  	0.07059  	0.31497  	0.10158  	-0.5881  	0.31288  	0.37598  	0.02919  	-0.0927  	0.40210  	0.02266  	-0.0719  	0.02362  	-0.0018  	0.02677  	-0.0941  	-0.0049  	-0.0495  	-0.0330  	0.01147  	-0.0358  	-0.0676  	0.02312  	0.00738  	-0.0331  	0.00135  	-0.0038  	-0.0085  	0.08479  	-0.0063  	0.14880  	-0.0095  	0.03107  	0.00427  	-0.0398  	0.10221  	
-0.7067  	-0.0685  	-0.3648  	-1.9669  	-1.0358  	-1.5834  	0.24127  	0.10681  	0.03703  	0.52339  	0.64839  	-0.0712  	0.10598  	-0.3861  	-0.7053  	0.62825  	-0.1777  	-0.0117  	0.11650  	0.11019  	-0.0496  	0.25217  	-0.3800  	0.29380  	0.66955  	-0.3586  	0.13716  	-0.5520  	0.04032  	0.36424  	0.24723  	0.10307  	-0.2010  	-0.0009  	0.27824  	0.10429  	0.33243  	0.11974  	-0.6183  	0.30117  	0.38351  	0.01958  	-0.0879  	0.40658  	0.00770  	-0.0753  	0.02521  	0.00094  	0.03227  	-0.1082  	0.00310  	-0.0523  	-0.0234  	0.01295  	-0.0363  	-0.0644  	0.01894  	-0.0018  	-0.0371  	0.01153  	-0.0081  	-0.0093  	0.08169  	-0.0073  	0.14880  	-0.0095  	0.03107  	0.00427  	-0.0398  	0.10221  	
-0.8375  	-0.1203  	-0.5412  	-1.9120  	-1.0347  	-1.6948  	0.27437  	0.03947  	0.00284  	0.51926  	0.57121  	-0.1601  	0.14266  	-0.3521  	-0.6967  	0.56072  	-0.1635  	-0.0259  	0.11737  	0.10733  	-0.0981  	0.27235  	-0.3860  	0.30758  	0.74136  	-0.3608  	0.15346  	-0.5169  	0.09300  	0.38098  	0.24401  	0.11596  	-0.2264  	-0.0044  	0.28239  	0.17276  	0.26918  	0.09179  	-0.6088  	0.32484  	0.36145  	0.03210  	-0.0949  	0.38585  	0.02407  	-0.0805  	0.02993  	-0.0054  	0.02428  	-0.1116  	0.00393  	-0.0519  	-0.0317  	0.01548  	-0.0380  	-0.0647  	0.01577  	0.00187  	-0.0312  	0.02583  	-0.0004  	-0.0197  	0.08177  	-0.0043  	0.14880  	-0.0095  	0.03107  	0.00427  	-0.0398  	0.10221  	
-1.0138  	-0.1268  	-0.6466  	-2.1045  	-1.0517  	-1.7741  	0.28311  	0.02371  	0.01194  	0.50211  	0.62052  	-0.1554  	0.10578  	-0.3276  	-0.6444  	0.43900  	-0.1156  	-0.0391  	0.10392  	0.03505  	-0.0698  	0.27985  	-0.3045  	0.32411  	0.74720  	-0.3543  	0.19966  	-0.5885  	0.05801  	0.40239  	0.25928  	0.08803  	-0.2406  	0.00568  	0.29045  	0.13810  	0.30895  	0.08084  	-0.6268  	0.28920  	0.34875  	0.03616  	-0.1405  	0.37991  	0.03601  	-0.0766  	0.01641  	-0.0082  	0.00796  	-0.0838  	-0.0027  	-0.0412  	-0.0266  	0.01470  	-0.0367  	-0.0607  	0.01347  	-0.0005  	-0.0328  	0.01678  	0.00382  	0.00196  	0.07644  	-0.0075  	0.14880  	-0.0095  	0.03107  	0.00427  	-0.0398  	0.10221  	
-1.0730  	-0.1657  	-0.6634  	-2.1173  	-1.0816  	-1.8177  	0.27500  	0.06306  	0.03397  	0.46642  	0.71362  	-0.2064  	0.12470  	-0.3328  	-0.5549  	0.36504  	-0.1399  	-0.0233  	0.09874  	0.03074  	-0.0143  	0.27283  	-0.2993  	0.35249  	0.65162  	-0.3562  	0.14978  	-0.5892  	0.04648  	0.35514  	0.26417  	0.07145  	-0.2202  	0.00397  	0.26550  	0.06732  	0.32370  	0.12633  	-0.6301  	0.30161  	0.36625  	0.03624  	-0.1237  	0.36829  	0.01020  	-0.0764  	0.03043  	-0.0221  	0.01382  	-0.0901  	-0.0057  	-0.0441  	-0.0331  	0.02038  	-0.0427  	-0.0611  	0.01487  	0.00576  	-0.0359  	0.02032  	0.00161  	-0.0036  	0.07385  	-0.0065  	0.14880  	-0.0095  	0.03107  	0.00427  	-0.0398  	0.10221  	
-1.1328  	-0.1655  	-0.6458  	-2.2221  	-1.0935  	-1.8579  	0.27842  	0.04270  	0.02633  	0.49019  	0.73254  	-0.2029  	0.11163  	-0.3966  	-0.6674  	0.41198  	-0.1496  	0.01029  	0.10548  	0.05004  	-0.0314  	0.28542  	-0.3005  	0.31526  	0.60121  	-0.3493  	0.11215  	-0.5690  	0.03158  	0.33357  	0.28160  	0.06767  	-0.2171  	0.00927  	0.20974  	0.06920  	0.30064  	0.12085  	-0.6183  	0.28484  	0.40243  	0.02468  	-0.1145  	0.37231  	0.01646  	-0.0770  	0.02461  	-0.0143  	0.00743  	-0.0875  	-0.0166  	-0.0425  	-0.0303  	0.01471  	-0.0440  	-0.0674  	0.01419  	0.00633  	-0.0369  	0.01651  	0.00341  	-0.0068  	0.07951  	-0.0092  	0.14880  	-0.0095  	0.03107  	0.00427  	-0.0398  	0.10221  	
-1.0657  	-0.1593  	-0.5904  	-2.1669  	-1.0711  	-1.8063  	0.28791  	0.05730  	0.05642  	0.46336  	0.69163  	-0.1694  	0.11803  	-0.3805  	-0.7093  	0.42929  	-0.1439  	0.00667  	0.10064  	0.08649  	-0.0462  	0.26662  	-0.2758  	0.32837  	0.60388  	-0.3339  	0.12551  	-0.5638  	0.02988  	0.32824  	0.28341  	0.06447  	-0.2064  	0.00826  	0.21906  	0.04930  	0.29563  	0.10782  	-0.6087  	0.27027  	0.40514  	0.02913  	-0.1143  	0.38795  	0.02683  	-0.0773  	0.01703  	-0.0158  	0.01643  	-0.0937  	-0.0147  	-0.0436  	-0.0274  	0.01156  	-0.0442  	-0.0631  	0.00899  	0.00348  	-0.0294  	0.01641  	0.00625  	-0.0057  	0.07834  	-0.0084  	0.14880  	-0.0095  	0.03107  	0.00427  	-0.0398  	0.10221  	
-0.9458  	-0.1352  	-0.5677  	-2.0474  	-1.0187  	-1.7161  	0.27656  	0.13019  	0.07955  	0.43009  	0.59537  	-0.1258  	0.14185  	-0.2930  	-0.5715  	0.44362  	-0.1184  	-0.0087  	0.13073  	0.08544  	-0.0393  	0.26962  	-0.2462  	0.33395  	0.60252  	-0.3413  	0.10084  	-0.5749  	0.06359  	0.33884  	0.27616  	0.06304  	-0.1966  	0.00796  	0.22959  	0.01814  	0.29837  	0.10849  	-0.6051  	0.29792  	0.40186  	0.02403  	-0.1038  	0.40157  	0.01389  	-0.0740  	0.02305  	-0.0076  	0.03104  	-0.0979  	-0.0081  	-0.0473  	-0.0320  	0.01359  	-0.0400  	-0.0653  	0.01281  	0.00463  	-0.0331  	0.01612  	0.00417  	-0.0016  	0.07721  	-0.0091  	0.14880  	-0.0095  	0.03107  	0.00427  	-0.0398  	0.10221  	
-0.8040  	-0.0845  	-0.4986  	-1.9223  	-0.9873  	-1.6108  	0.25939  	0.16924  	0.08259  	0.38117  	0.54260  	-0.1039  	0.17556  	-0.2189  	-0.4640  	0.45643  	-0.1017  	-0.0385  	0.11100  	0.07203  	-0.0038  	0.28873  	-0.2656  	0.31856  	0.60967  	-0.3472  	0.08705  	-0.5677  	0.04704  	0.34977  	0.26767  	0.07526  	-0.1834  	0.01505  	0.23049  	-0.0040  	0.32260  	0.11633  	-0.5975  	0.28594  	0.40520  	0.00834  	-0.0963  	0.39629  	0.01396  	-0.0675  	0.02749  	-0.0137  	0.02072  	-0.0886  	-0.0110  	-0.0472  	-0.0287  	0.01732  	-0.0425  	-0.0636  	0.01221  	0.00324  	-0.0342  	0.02043  	0.00309  	-0.0042  	0.06951  	-0.0118  	0.14880  	-0.0095  	0.03107  	0.00427  	-0.0398  	0.10221  	
-0.5635  	-0.0026  	-0.3804  	-1.7615  	-0.9501  	-1.4829  	0.25814  	0.23483  	0.10756  	0.29524  	0.56758  	-0.0945  	0.20249  	-0.0555  	-0.2565  	0.49350  	-0.1436  	-0.1052  	0.10501  	0.03073  	0.17592  	0.28999  	-0.2896  	0.35694  	0.61000  	-0.3699  	0.18666  	-0.6764  	-0.0883  	0.34855  	0.25608  	0.09143  	-0.1637  	0.00435  	0.38464  	-0.0678  	0.42805  	0.15411  	-0.6759  	0.26207  	0.35644  	0.03094  	-0.1227  	0.38267  	0.00697  	-0.0656  	0.03198  	-0.0202  	0.01274  	-0.0805  	-0.0108  	-0.0448  	-0.0263  	0.01513  	-0.0440  	-0.0555  	0.01043  	-0.0028  	-0.0359  	0.01710  	0.00452  	0.00268  	0.07062  	-0.0115  	0.14880  	-0.0095  	0.03107  	0.00427  	-0.0398  	0.10221  	
-0.5004  	0.04093  	-0.3155  	-1.7515  	-0.9609  	-1.4410  	0.28616  	0.23593  	0.12235  	0.30958  	0.60167  	-0.1058  	0.21112  	-0.0323  	-0.3028  	0.53311  	-0.1524  	-0.0981  	0.09774  	0.02586  	0.23692  	0.28719  	-0.3234  	0.37135  	0.64183  	-0.3794  	0.25124  	-0.7091  	-0.1225  	0.35400  	0.24754  	0.10625  	-0.1643  	0.00018  	0.42085  	-0.0526  	0.45305  	0.16167  	-0.6824  	0.27598  	0.33651  	0.03654  	-0.1347  	0.38161  	0.00846  	-0.0698  	0.03250  	-0.0202  	0.01089  	-0.0759  	-0.0100  	-0.0436  	-0.0237  	0.02059  	-0.0407  	-0.0556  	0.00880  	0.00457  	-0.0333  	0.01623  	0.00444  	0.00181  	0.06926  	-0.0113  	0.14880  	-0.0095  	0.03107  	0.00427  	-0.0398  	0.10221  	
-0.2885  	0.08846  	-0.1843  	-1.6817  	-0.9907  	-1.3154  	0.30068  	0.34175  	0.17960  	0.25664  	0.64439  	-0.0813  	0.21258  	0.04867  	-0.2031  	0.58476  	-0.1148  	-0.1540  	0.09588  	-0.0507  	0.36123  	0.29579  	-0.2468  	0.45366  	0.62678  	-0.3949  	0.34033  	-0.8719  	-0.2650  	0.34176  	0.22796  	0.14186  	-0.1534  	-0.0150  	0.47398  	-0.1174  	0.55832  	0.20486  	-0.7262  	0.21878  	0.30871  	0.02789  	-0.1127  	0.38500  	0.00323  	-0.0694  	0.02286  	-0.0035  	0.02493  	-0.0803  	-0.0141  	-0.0440  	-0.0234  	0.02237  	-0.0439  	-0.0456  	0.00516  	0.00231  	-0.0352  	0.02103  	0.00540  	-0.0018  	0.06888  	-0.0160  	0.14880  	-0.0095  	0.03107  	0.00427  	-0.0398  	0.10221  	
-0.2528  	0.05839  	-0.1848  	-1.6319  	-0.9441  	-1.2652  	0.30792  	0.36001  	0.20838  	0.28495  	0.56732  	-0.0975  	0.24740  	0.06986  	-0.1852  	0.62629  	-0.0835  	-0.1402  	0.11783  	-0.0252  	0.30130  	0.29416  	-0.2690  	0.44889  	0.66617  	-0.3866  	0.35024  	-0.8419  	-0.2377  	0.35962  	0.23023  	0.14592  	-0.1487  	-0.0177  	0.43887  	-0.1077  	0.52472  	0.19149  	-0.6874  	0.22486  	0.28420  	0.02182  	-0.0988  	0.39078  	0.00834  	-0.0684  	0.02111  	0.00585  	0.03417  	-0.0826  	-0.0162  	-0.0421  	-0.0264  	0.02533  	-0.0406  	-0.0477  	0.00061  	-0.0001  	-0.0350  	0.02515  	0.00761  	-0.0029  	0.07604  	-0.0128  	0.14880  	-0.0095  	0.03107  	0.00427  	-0.0398  	0.10221  	
-0.3377  	0.04109  	-0.3250  	-1.6810  	-0.8935  	-1.4611  	0.32421  	0.25185  	0.15243  	0.35835  	0.50045  	-0.1780  	0.27805  	0.06775  	-0.2639  	0.51419  	-0.1490  	-0.1109  	0.08686  	0.10663  	0.11705  	0.29818  	-0.4303  	0.40887  	0.77116  	-0.3874  	0.26119  	-0.6739  	-0.0531  	0.40325  	0.21395  	0.09182  	-0.1702  	0.00795  	0.41597  	-0.0194  	0.40488  	0.11738  	-0.6205  	0.29077  	0.29142  	0.03801  	-0.1177  	0.39349  	0.00792  	-0.0687  	0.01198  	0.00342  	0.03012  	-0.0878  	0.00508  	-0.0454  	-0.0258  	0.01088  	-0.0452  	-0.0425  	0.00825  	-0.0050  	-0.0373  	0.02525  	0.00267  	-0.0112  	0.07148  	-0.0147  	0.14880  	-0.0095  	0.03107  	0.00427  	-0.0398  	0.10221  	
-0.4378  	-0.0252  	-0.5168  	-1.2880  	-0.5806  	-1.4179  	0.31950  	0.20540  	0.09158  	0.31303  	0.32130  	0.02728  	0.33488  	0.11166  	-0.0144  	0.47142  	-0.1955  	-0.1216  	0.05902  	0.11836  	0.00103  	0.32401  	-0.5450  	0.44161  	0.76517  	-0.3966  	0.28962  	-0.5251  	0.03115  	0.47385  	0.19550  	0.09043  	-0.1939  	0.01485  	0.44791  	0.01270  	0.29481  	0.05978  	-0.6056  	0.35160  	0.22681  	0.07815  	-0.1745  	0.36223  	0.01821  	-0.0754  	0.01395  	0.00412  	0.03607  	-0.0866  	0.00224  	-0.0461  	-0.0258  	0.02179  	-0.0481  	-0.0494  	0.02150  	-0.0008  	-0.0241  	0.01804  	-0.0037  	-0.0136  	0.05549  	-0.0164  	0.14880  	-0.0095  	0.03107  	0.00427  	-0.0398  	0.10221  	
-0.3432  	0.02427  	-0.3941  	-1.2249  	-0.6187  	-1.2122  	0.30437  	0.28746  	0.11555  	0.19674  	0.06753  	-0.0645  	0.37936  	0.22918  	0.28170  	0.38327  	-0.1217  	-0.1693  	0.06248  	0.07007  	0.06147  	0.37805  	-0.4084  	0.43012  	0.79651  	-0.4027  	0.37648  	-0.5878  	0.04606  	0.48307  	0.16525  	0.09570  	-0.1860  	0.02362  	0.43890  	0.00025  	0.31936  	0.07253  	-0.5882  	0.36051  	0.20399  	0.06428  	-0.1492  	0.38120  	0.02318  	-0.0709  	0.01838  	0.01823  	0.04947  	-0.0916  	0.00153  	-0.0517  	-0.0327  	0.00556  	-0.0452  	-0.0417  	0.01400  	-0.0018  	-0.0307  	0.02546  	-0.0035  	-0.0128  	0.06819  	-0.0185  	0.14880  	-0.0095  	0.03107  	0.00427  	-0.0398  	0.10221  	
-0.2442  	0.04458  	-0.3191  	-1.3648  	-0.7477  	-1.1620  	0.30941  	0.27177  	0.10733  	0.27947  	0.15673  	-0.2031  	0.36189  	0.21031  	0.15683  	0.43123  	-0.1275  	-0.1771  	0.08828  	-0.0432  	0.09654  	0.41908  	-0.3227  	0.43662  	0.83679  	-0.4241  	0.39308  	-0.7019  	-0.0119  	0.48106  	0.20166  	0.12102  	-0.1938  	0.01345  	0.44224  	-0.0247  	0.35930  	0.10193  	-0.6126  	0.33450  	0.22984  	0.05880  	-0.1430  	0.40245  	0.01807  	-0.0697  	0.00663  	0.02015  	0.04554  	-0.0871  	0.00390  	-0.0451  	-0.0268  	0.00919  	-0.0361  	-0.0316  	0.01493  	-0.0043  	-0.0361  	0.03099  	0.00236  	-0.0098  	0.06217  	-0.0209  	0.14880  	-0.0095  	0.03107  	0.00427  	-0.0398  	0.10221  	
-0.1758  	0.06376  	-0.2154  	-1.4093  	-0.7828  	-1.1438  	0.32345  	0.33174  	0.12559  	0.25427  	0.24146  	-0.2122  	0.31560  	0.14457  	0.04663  	0.49757  	-0.1070  	-0.1754  	0.10982  	-0.0544  	0.17523  	0.39613  	-0.3208  	0.43053  	0.83887  	-0.427  	0.42172  	-0.7810  	-0.0671  	0.46514  	0.18560  	0.12559  	-0.2083  	0.00271  	0.46967  	-0.0370  	0.41537  	0.11530  	-0.6361  	0.29992  	0.23848  	0.06306  	-0.1434  	0.39621  	0.01336  	-0.0701  	0.00960  	0.02313  	0.05039  	-0.0851  	0.00848  	-0.0478  	-0.0215  	0.01815  	-0.0375  	-0.0324  	0.01510  	0.00300  	-0.0345  	0.02665  	-0.0020  	-0.0067  	0.06864  	-0.0248  	0.14880  	-0.0095  	0.03107  	0.00427  	-0.0398  	0.10221  	
-0.0903  	0.10318  	-0.1062  	-1.5522  	-0.8042  	-1.1927  	0.37038  	0.33098  	0.14884  	0.32112  	0.24020  	-0.2168  	0.33852  	0.17050  	-0.0781  	0.48602  	-0.1314  	-0.1687  	0.11370  	-0.0683  	0.15083  	0.43412  	-0.3455  	0.42211  	0.88892  	-0.4246  	0.41831  	-0.8121  	-0.0456  	0.45534  	0.21151  	0.12683  	-0.2008  	-0.0016  	0.39361  	-0.0214  	0.40534  	0.12445  	-0.5952  	0.32245  	0.28727  	0.04282  	-0.1152  	0.41649  	0.00205  	-0.0682  	-0.0075  	0.04641  	0.06160  	-0.0917  	0.01243  	-0.0454  	-0.0268  	0.01376  	-0.0425  	-0.0410  	0.00449  	-0.0003  	-0.0335  	0.02330  	-0.0037  	-0.0109  	0.06783  	-0.0248  	0.14880  	-0.0095  	0.03107  	0.00427  	-0.0398  	0.10221  	
-0.3047  	0.07220  	-0.3151  	-1.2964  	-0.6902  	-1.3854  	0.37419  	0.25249  	0.09415  	0.39930  	0.23166  	-0.2419  	0.34423  	0.32763  	0.09725  	0.36072  	-0.1464  	-0.2129  	0.07335  	0.00246  	0.08324  	0.46392  	-0.4670  	0.52256  	1.01725  	-0.4600  	0.54985  	-0.7482  	0.01560  	0.52799  	0.13577  	0.08938  	-0.2385  	0.00093  	0.49133  	0.02237  	0.38233  	0.08128  	-0.6359  	0.37162  	0.16573  	0.09895  	-0.1754  	0.40199  	0.02176  	-0.0757  	-0.0027  	0.03826  	0.05673  	-0.1101  	0.01452  	-0.0447  	-0.0323  	0.01218  	-0.0506  	-0.0378  	0.02680  	-0.0016  	-0.0176  	0.01805  	-0.0024  	-0.0124  	0.06421  	-0.0234  	0.14880  	-0.0095  	0.03107  	0.00427  	-0.0398  	0.10221  	
-0.4148  	-0.0078  	-0.5819  	-0.9717  	-0.4652  	-1.3670  	0.36509  	0.21133  	0.12648  	0.28839  	0.18665  	-0.0498  	0.33026  	0.24679  	0.18353  	0.42846  	-0.1080  	-0.1950  	0.06556  	0.10047  	-0.0659  	0.37943  	-0.5187  	0.47970  	0.92816  	-0.4142  	0.46224  	-0.5495  	0.04361  	0.51637  	0.13289  	0.11092  	-0.1959  	0.03216  	0.52249  	0.01302  	0.26098  	0.05485  	-0.5929  	0.40185  	0.13634  	0.10012  	-0.2070  	0.36896  	0.03542  	-0.0735  	0.01057  	-0.0123  	0.02217  	-0.0847  	0.01311  	-0.0428  	-0.0295  	0.02123  	-0.0441  	-0.0453  	0.02191  	-0.0022  	-0.0119  	0.02923  	-0.0065  	-0.0082  	0.05980  	-0.0241  	0.14880  	-0.0095  	0.03107  	0.00427  	-0.0398  	0.10221  	
-0.3325  	-0.0032  	-0.5423  	-1.0302  	-0.4540  	-1.2938  	0.34568  	0.23890  	0.07599  	0.19638  	0.05700  	-0.0772  	0.38651  	0.32642  	0.26594  	0.35430  	-0.1464  	-0.1693  	0.03911  	0.05669  	-0.1204  	0.42113  	-0.5415  	0.43785  	0.90714  	-0.4064  	0.37153  	-0.4572  	0.14586  	0.53383  	0.12284  	0.07148  	-0.1776  	0.03858  	0.47708  	0.00587  	0.23427  	0.05282  	-0.5492  	0.41148  	0.16376  	0.10010  	-0.1762  	0.37546  	0.02730  	-0.0769  	0.01855  	0.00708  	0.04115  	-0.0987  	0.01291  	-0.0486  	-0.0394  	0.00474  	-0.0406  	-0.0394  	0.02363  	-0.0045  	-0.0264  	0.02417  	-0.0019  	-0.0154  	0.06367  	-0.0246  	0.14880  	-0.0095  	0.03107  	0.00427  	-0.0398  	0.10221  	
-0.2166  	0.04031  	-0.4118  	-1.1438  	-0.5977  	-1.2036  	0.36669  	0.27346  	0.05796  	0.26375  	0.02972  	-0.2085  	0.40691  	0.38162  	0.29555  	0.29615  	-0.1635  	-0.1504  	0.05732  	-0.0519  	-0.0459  	0.43996  	-0.4321  	0.40269  	0.91969  	-0.4639  	0.40445  	-0.6019  	0.19004  	0.54833  	0.15459  	0.08100  	-0.2042  	0.03673  	0.41795  	0.00984  	0.25505  	0.07155  	-0.5652  	0.40501  	0.20851  	0.08653  	-0.1609  	0.38763  	0.02780  	-0.0648  	0.00530  	0.01587  	0.04449  	-0.1014  	-0.0005  	-0.0484  	-0.0320  	0.00427  	-0.0420  	-0.0405  	0.02195  	-0.0009  	-0.0257  	0.02221  	-0.0069  	-0.0126  	0.05418  	-0.0261  	0.14880  	-0.0095  	0.03107  	0.00427  	-0.0398  	0.10221  	
-0.1389  	0.11660  	-0.2451  	-1.2540  	-0.6936  	-1.0873  	0.35840  	0.31575  	0.14401  	0.26939  	0.04105  	-0.2736  	0.43704  	0.30815  	0.14669  	0.40413  	-0.0911  	-0.1671  	0.09616  	-0.0810  	0.06163  	0.43505  	-0.3616  	0.39954  	0.93363  	-0.4202  	0.41517  	-0.7284  	0.10283  	0.52966  	0.20341  	0.08434  	-0.2169  	0.00304  	0.36066  	-0.0498  	0.32190  	0.06350  	-0.5469  	0.35343  	0.26334  	0.05186  	-0.1224  	0.39011  	0.00376  	-0.0606  	-0.0072  	0.04192  	0.05245  	-0.0899  	-0.0014  	-0.0411  	-0.0257  	0.01422  	-0.0399  	-0.0329  	0.00028  	-0.0040  	-0.0331  	0.02744  	-0.0030  	-0.0079  	0.06250  	-0.0234  	0.14880  	-0.0095  	0.03107  	0.00427  	-0.0398  	0.10221  	
-0.4562  	0.02454  	-0.4369  	-1.4902  	-0.7605  	-1.5227  	0.34171  	0.26051  	0.09497  	0.39631  	0.24087  	-0.2737  	0.38326  	0.30702  	0.04898  	0.30536  	-0.1700  	-0.1338  	0.05961  	-0.0166  	0.07071  	0.38850  	-0.4272  	0.48644  	0.84755  	-0.4212  	0.44435  	-0.7833  	-0.0189  	0.49390  	0.24202  	0.08875  	-0.1937  	-0.0023  	0.48225  	-0.0453  	0.37563  	0.07777  	-0.6477  	0.34897  	0.24298  	0.07740  	-0.1671  	0.37723  	0.01100  	-0.0675  	0.00755  	0.00458  	0.02302  	-0.0983  	0.00112  	-0.0435  	-0.0359  	0.00975  	-0.0493  	-0.0464  	0.01147  	-0.0027  	-0.0331  	0.02088  	-0.0016  	0.00321  	0.04423  	-0.0205  	0.14880  	-0.0095  	0.03107  	0.00427  	-0.0398  	0.10221  	
-0.8126  	-0.1442  	-0.5503  	-1.9760  	-0.9877  	-1.6060  	0.29090  	0.11976  	0.08189  	0.34748  	0.58709  	-0.2177  	0.20111  	-0.2379  	-0.3869  	0.42418  	-0.1612  	-0.0582  	0.12167  	0.07366  	0.12144  	0.22109  	-0.3441  	0.38029  	0.65125  	-0.3754  	0.22456  	-0.6269  	-0.0688  	0.34937  	0.26272  	0.09755  	-0.1723  	0.00592  	0.37286  	-0.0232  	0.40023  	0.10229  	-0.6659  	0.30246  	0.31616  	0.03211  	-0.1312  	0.38089  	0.01942  	-0.0672  	0.02806  	-0.0128  	0.00928  	-0.0959  	-0.0017  	-0.0488  	-0.0356  	0.00891  	-0.0447  	-0.0516  	0.01812  	2.85997  	-0.0345  	0.02886  	0.00815  	-0.0039  	0.06052  	-0.0164  	0.14880  	-0.0095  	0.03107  	0.00427  	-0.0398  	0.10221  	
-0.9807  	-0.1844  	-0.5688  	-2.1931  	-1.0828  	-1.6478  	0.32780  	0.03020  	0.01534  	0.45774  	0.66642  	-0.2203  	0.12411  	-0.3828  	-0.6788  	0.37132  	-0.1256  	-0.0187  	0.12261  	0.07354  	-0.0482  	0.26819  	-0.3136  	0.32440  	0.74934  	-0.3501  	0.18886  	-0.5531  	0.04768  	0.36360  	0.29305  	0.06403  	-0.2075  	-0.0053  	0.20648  	0.10224  	0.32098  	0.10041  	-0.5956  	0.30538  	0.38503  	0.03123  	-0.1386  	0.39567  	0.03161  	-0.0724  	0.01620  	-0.0084  	0.00746  	-0.0832  	-0.0008  	-0.0370  	-0.0311  	0.00835  	-0.0403  	-0.0605  	0.01787  	0.00587  	-0.0315  	0.02732  	0.00483  	-0.0157  	0.07012  	-0.0150  	0.14880  	-0.0095  	0.03107  	0.00427  	-0.0398  	0.10221  	
-1.1144  	-0.1693  	-0.7587  	-2.1588  	-1.0842  	-1.8286  	0.28561  	0.04593  	0.00973  	0.49757  	0.62991  	-0.2389  	0.20052  	-0.2656  	-0.6744  	0.35950  	-0.1374  	-0.0125  	0.11862  	0.02813  	-0.0666  	0.28554  	-0.2942  	0.32410  	0.70856  	-0.3507  	0.15988  	-0.6410  	0.05743  	0.36377  	0.28102  	0.05517  	-0.1885  	-0.0072  	0.26166  	0.07509  	0.25180  	0.08296  	-0.5687  	0.32449  	0.33591  	0.05998  	-0.1392  	0.38650  	0.02123  	-0.0706  	0.02690  	0.00708  	0.01426  	-0.0767  	-0.0076  	-0.0442  	-0.0371  	0.01454  	-0.0437  	-0.0619  	0.01735  	0.01057  	-0.0311  	0.02393  	0.00698  	-0.0079  	0.07446  	-0.0138  	0.14880  	-0.0095  	0.03107  	0.00427  	-0.0398  	0.10221  	
-1.1996  	-0.1765  	-0.7337  	-2.3441  	-1.1333  	-1.8407  	0.26808  	0.04475  	0.00199  	0.45962  	0.86220  	-0.2343  	0.14455  	-0.3131  	-0.7690  	0.32424  	-0.1017  	-0.0617  	0.10406  	0.07820  	0.04168  	0.24766  	-0.3222  	0.36936  	0.62495  	-0.3361  	0.13675  	-0.5856  	-0.0019  	0.35592  	0.26976  	0.06286  	-0.2193  	0.00886  	0.28455  	0.05148  	0.27811  	0.08922  	-0.6030  	0.29103  	0.32968  	0.05148  	-0.1667  	0.34794  	0.02249  	-0.0827  	0.02515  	-0.0153  	0.02318  	-0.0843  	0.00295  	-0.0484  	-0.0306  	0.01924  	-0.0423  	-0.0580  	0.01099  	0.00143  	-0.0313  	0.02983  	0.00877  	0.01135  	0.06888  	-0.0129  	0.14880  	-0.0095  	0.03107  	0.00427  	-0.0398  	0.10221  	
-0.7912  	-0.1236  	-0.4656  	-1.9444  	-0.9664  	-1.7327  	0.27729  	0.18028  	0.11275  	0.47267  	0.67321  	-0.0606  	0.22522  	-0.0663  	-0.4312  	0.42521  	-0.1233  	-0.0693  	0.09660  	0.12601  	0.14868  	0.21017  	-0.3953  	0.47040  	0.63766  	-0.3496  	0.25696  	-0.7087  	-0.0677  	0.36029  	0.28371  	0.08742  	-0.1769  	-0.0184  	0.35754  	-0.0601  	0.34365  	0.09907  	-0.6708  	0.37786  	0.30506  	0.03920  	-0.1723  	0.34519  	0.03069  	-0.0708  	0.02600  	-0.0149  	0.01861  	-0.0908  	0.01223  	-0.0470  	-0.0512  	0.01086  	-0.0582  	-0.0484  	0.00584  	-0.0122  	-0.0382  	0.03604  	-0.0026  	0.00139  	0.05932  	-0.0146  	0.14880  	-0.0095  	0.03107  	0.00427  	-0.0398  	0.10221  	
-0.3313  	0.08123  	-0.2232  	-1.7368  	-0.9334  	-1.2896  	0.31910  	0.31028  	0.13115  	0.36164  	0.32478  	-0.1343  	0.33154  	0.18334  	-0.0387  	0.41546  	-0.0892  	-0.1333  	0.09413  	-0.0558  	0.13970  	0.36620  	-0.2349  	0.45294  	0.69791  	-0.3845  	0.34690  	-0.7827  	-0.1117  	0.41659  	0.26085  	0.08968  	-0.1633  	-0.0098  	0.36200  	-0.0898  	0.41690  	0.11571  	-0.6425  	0.33638  	0.31739  	0.02298  	-0.1072  	0.40345  	0.00182  	-0.0759  	0.01067  	0.01753  	0.03684  	-0.0899  	-0.0190  	-0.0407  	-0.0341  	0.01518  	-0.0460  	-0.0454  	-0.0043  	-0.0046  	-0.0337  	0.02343  	0.00886  	0.00646  	0.06413  	-0.0169  	0.14880  	-0.0095  	0.03107  	0.00427  	-0.0398  	0.10221  	
-0.1705  	0.03741  	-0.2442  	-1.5204  	-0.8818  	-1.1896  	0.34975  	0.27333  	0.14398  	0.29758  	0.19093  	-0.2029  	0.38543  	0.20683  	0.03890  	0.38018  	-0.0828  	-0.1956  	0.09016  	-0.0886  	0.13433  	0.42864  	-0.2476  	0.43742  	0.74390  	-0.3805  	0.33687  	-0.8331  	-0.0989  	0.42663  	0.24234  	0.08415  	-0.1924  	-0.0049  	0.36527  	-0.0757  	0.42326  	0.12997  	-0.6124  	0.31084  	0.30207  	0.03590  	-0.1001  	0.41546  	0.00134  	-0.0684  	-0.0004  	0.04162  	0.04557  	-0.0936  	-0.0054  	-0.0443  	-0.0317  	0.01339  	-0.0410  	-0.0393  	0.00338  	-0.0059  	-0.0395  	0.02175  	0.00114  	0.00385  	0.05861  	-0.0171  	0.14880  	-0.0095  	0.03107  	0.00427  	-0.0398  	0.10221  	
-0.1848  	0.06300  	-0.1801  	-1.5669  	-0.8904  	-1.3035  	0.37402  	0.32079  	0.14513  	0.34139  	0.34654  	-0.2341  	0.27359  	0.12550  	-0.0325  	0.45135  	-0.1162  	-0.1956  	0.08831  	-0.0893  	0.21241  	0.38815  	-0.2726  	0.49525  	0.81543  	-0.4125  	0.45369  	-0.8615  	-0.1146  	0.43795  	0.20854  	0.13222  	-0.2104  	-0.0124  	0.45121  	-0.0525  	0.49585  	0.14412  	-0.6626  	0.29393  	0.27260  	0.04975  	-0.1250  	0.41380  	0.00428  	-0.0713  	0.01136  	0.02983  	0.04600  	-0.0902  	-0.0046  	-0.0401  	-0.0270  	0.01885  	-0.0420  	-0.0503  	0.00371  	-0.0038  	-0.0315  	0.02372  	0.00396  	-0.0013  	0.07145  	-0.0188  	0.14880  	-0.0095  	0.03107  	0.00427  	-0.0398  	0.10221  	
-0.2854  	0.04452  	-0.2960  	-1.4169  	-0.7390  	-1.3642  	0.36506  	0.24957  	0.10556  	0.37209  	0.24338  	-0.2549  	0.29523  	0.18028  	0.07096  	0.38968  	-0.1204  	-0.2050  	0.08810  	-0.0236  	0.10890  	0.43285  	-0.3739  	0.52053  	0.97692  	-0.4424  	0.51073  	-0.7995  	-0.0322  	0.50167  	0.15779  	0.13764  	-0.2271  	-0.0153  	0.46102  	-0.0131  	0.42254  	0.10501  	-0.6382  	0.36428  	0.22367  	0.07390  	-0.1344  	0.39504  	0.01647  	-0.0703  	0.00973  	0.03783  	0.04492  	-0.0961  	0.00405  	-0.0474  	-0.0359  	0.01535  	-0.0393  	-0.0438  	0.01679  	-0.0062  	-0.0244  	0.02772  	-0.0072  	-0.0159  	0.06375  	-0.0210  	0.14880  	-0.0095  	0.03107  	0.00427  	-0.0398  	0.10221  	
-0.3434  	0.00894  	-0.4810  	-1.0851  	-0.5346  	-1.3439  	0.35169  	0.21009  	0.08087  	0.27710  	0.17556  	-0.0833  	0.34208  	0.27531  	0.19143  	0.40371  	-0.1240  	-0.1724  	0.04421  	0.02810  	0.03470  	0.39512  	-0.4827  	0.46647  	0.94446  	-0.4282  	0.40672  	-0.5998  	0.09684  	0.51568  	0.14050  	0.10436  	-0.2224  	0.02207  	0.47041  	0.00142  	0.27999  	0.07046  	-0.5833  	0.36135  	0.17883  	0.09048  	-0.1639  	0.37463  	0.02556  	-0.0769  	0.01380  	-0.0013  	0.03479  	-0.1020  	0.00973  	-0.0502  	-0.0361  	0.01184  	-0.0404  	-0.0428  	0.02156  	0.00383  	-0.0287  	0.01935  	-0.0014  	-0.0123  	0.07176  	-0.0141  	0.14880  	-0.0095  	0.03107  	0.00427  	-0.0398  	0.10221  	
-0.3773  	0.02226  	-0.5353  	-1.0196  	-0.4507  	-1.3341  	0.31989  	0.22191  	0.07499  	0.25896  	0.11785  	-0.0137  	0.36301  	0.25302  	0.16127  	0.44793  	-0.1556  	-0.1118  	0.04963  	0.09100  	-0.0730  	0.39805  	-0.5144  	0.40020  	0.92398  	-0.4193  	0.33612  	-0.4740  	0.18003  	0.55728  	0.15804  	0.09402  	-0.2122  	0.03229  	0.45342  	0.02193  	0.21632  	0.05185  	-0.5517  	0.35116  	0.18511  	0.07949  	-0.1634  	0.35075  	0.03348  	-0.0703  	0.01982  	0.00925  	0.03215  	-0.1029  	0.00445  	-0.0466  	-0.0230  	0.00945  	-0.0441  	-0.0455  	0.02306  	0.00271  	-0.0195  	0.02112  	-0.0052  	-0.0121  	0.06530  	-0.0210  	0.14880  	-0.0095  	0.03107  	0.00427  	-0.0398  	0.10221  	
-0.3908  	0.03074  	-0.5267  	-1.0853  	-0.4888  	-1.3005  	0.31515  	0.22025  	0.08000  	0.23917  	0.07512  	-0.0020  	0.37223  	0.23555  	0.13954  	0.45259  	-0.1599  	-0.0781  	0.05548  	0.11544  	-0.0955  	0.40365  	-0.5153  	0.36682  	0.91138  	-0.4099  	0.28169  	-0.4083  	0.23980  	0.55527  	0.15895  	0.06853  	-0.2004  	0.04359  	0.40157  	0.02360  	0.17112  	0.05049  	-0.5311  	0.35369  	0.21479  	0.07060  	-0.1522  	0.35687  	0.02110  	-0.0726  	0.02375  	0.01712  	0.03851  	-0.1103  	0.01008  	-0.0486  	-0.0214  	0.00751  	-0.0492  	-0.0412  	0.02286  	0.00254  	-0.0192  	0.01818  	-0.0033  	-0.0151  	0.06524  	-0.0213  	0.14880  	-0.0095  	0.03107  	0.00427  	-0.0398  	0.10221  	
-0.4425  	0.02895  	-0.5085  	-1.2266  	-0.6010  	-1.2638  	0.30848  	0.21465  	0.08881  	0.25404  	0.09119  	-0.0127  	0.34618  	0.10163  	0.07192  	0.49499  	-0.1411  	-0.0432  	0.10744  	0.10815  	-0.0606  	0.38623  	-0.4383  	0.35325  	0.83894  	-0.3911  	0.22731  	-0.4342  	0.20733  	0.50797  	0.16249  	0.05752  	-0.1925  	0.04642  	0.33215  	0.01045  	0.20621  	0.07328  	-0.5332  	0.35418  	0.25227  	0.04796  	-0.1296  	0.38119  	0.01122  	-0.0721  	0.01579  	0.02063  	0.03380  	-0.1080  	0.00010  	-0.0519  	-0.0235  	0.00835  	-0.0460  	-0.0439  	0.02524  	0.00556  	-0.0265  	0.01195  	-0.0003  	-0.0166  	0.06133  	-0.0182  	0.14880  	-0.0095  	0.03107  	0.00427  	-0.0398  	0.10221  	
-0.4725  	-0.0190  	-0.4317  	-1.3807  	-0.7376  	-1.2391  	0.30428  	0.20486  	0.09347  	0.25533  	0.14551  	-0.0684  	0.27657  	-0.0574  	-0.0208  	0.49509  	-0.0919  	-0.0806  	0.13190  	0.06057  	0.02288  	0.36055  	-0.3262  	0.40735  	0.78102  	-0.3955  	0.26606  	-0.5421  	0.07683  	0.45443  	0.17422  	0.09084  	-0.2041  	0.02859  	0.31104  	-0.0053  	0.30923  	0.11628  	-0.6029  	0.34778  	0.26268  	0.03709  	-0.1253  	0.39692  	0.00706  	-0.0743  	0.01176  	0.01922  	0.03532  	-0.0967  	-0.0032  	-0.0455  	-0.0300  	0.01681  	-0.0378  	-0.0546  	0.02476  	0.00354  	-0.0258  	0.01774  	0.00101  	-0.0130  	0.07651  	-0.0145  	0.14880  	-0.0095  	0.03107  	0.00427  	-0.0398  	0.10221  	
-0.4378  	-0.0283  	-0.3394  	-1.5955  	-0.8033  	-1.3672  	0.31474  	0.13286  	0.07599  	0.33945  	0.42663  	-0.0792  	0.19594  	-0.2280  	-0.3706  	0.60840  	-0.1677  	-0.0954  	0.11869  	0.06812  	0.00825  	0.33641  	-0.4345  	0.40645  	0.76443  	-0.4000  	0.30759  	-0.6554  	-0.0072  	0.43404  	0.18483  	0.12732  	-0.2116  	0.01402  	0.35986  	0.08201  	0.37168  	0.12586  	-0.6358  	0.30162  	0.29641  	0.04984  	-0.1183  	0.39082  	0.01854  	-0.0696  	0.00992  	0.01202  	0.04619  	-0.0981  	0.00442  	-0.0434  	-0.0259  	0.01403  	-0.0413  	-0.0492  	0.02773  	0.00372  	-0.0173  	0.01294  	-0.0081  	-0.0202  	0.07950  	-0.0179  	0.14880  	-0.0095  	0.03107  	0.00427  	-0.0398  	0.10221  	
-0.5455  	-0.1030  	-0.3383  	-1.6893  	-0.8596  	-1.4941  	0.27905  	0.15587  	0.01400  	0.39510  	0.58003  	-0.1488  	0.20181  	-0.4308  	-0.5248  	0.59670  	-0.0779  	-0.2383  	0.21262  	-0.1951  	0.05508  	0.03689  	-0.7348  	0.42362  	0.79738  	-0.3168  	0.35988  	-0.6870  	0.04675  	0.40459  	0.31568  	0.09960  	-0.3416  	-0.1976  	0.30904  	0.12668  	0.29202  	0.11462  	-0.7430  	0.24145  	0.35475  	0.19420  	-0.2512  	0.47438  	-0.0396  	-0.0468  	-0.0121  	0.02808  	0.02240  	-0.1099  	0.01948  	-0.0393  	-0.0175  	0.03284  	-0.0261  	-0.0498  	0.02140  	-0.0103  	-0.0256  	0.03619  	-0.0006  	-0.0326  	0.06993  	-0.0122  	0.14880  	-0.0095  	0.03107  	0.00427  	-0.0398  	0.10221  	
-0.5944  	-0.0835  	-0.3702  	-1.6130  	-0.8569  	-1.4275  	0.20586  	0.22015  	0.01514  	0.26819  	0.52621  	-0.0919  	0.21203  	-0.3780  	-0.2193  	0.48509  	0.05834  	-0.4410  	0.27762  	-0.4217  	0.23475  	-0.1310  	-0.8677  	0.54662  	0.64239  	-0.2136  	0.41914  	-0.8980  	-0.0102  	0.38994  	0.40876  	0.09730  	-0.4142  	-0.3118  	0.31699  	0.03212  	0.29645  	0.14850  	-0.9229  	0.15396  	0.39619  	0.28766  	-0.3655  	0.53534  	-0.0992  	-0.0372  	-0.0274  	0.01863  	-0.0060  	-0.1221  	0.00768  	-0.0359  	-0.0173  	0.04961  	-0.0349  	-0.0597  	0.01483  	-0.0168  	-0.0254  	0.04422  	0.00723  	-0.0271  	0.03986  	-0.0151  	0.14880  	-0.0095  	0.03107  	0.00427  	-0.0398  	0.10221  	
-0.1595  	0.07856  	-0.1427  	-1.4864  	-0.7586  	-1.3215  	0.25513  	0.38030  	0.06851  	0.25722  	0.30321  	-0.1131  	0.45866  	-0.0220  	0.09116  	0.39995  	0.06369  	-0.5206  	0.26056  	-0.5837  	0.32009  	-0.1121  	-0.8874  	0.51250  	0.61263  	-0.2048  	0.45394  	-1.0053  	0.00615  	0.38857  	0.44740  	0.03658  	-0.3776  	-0.3390  	0.35986  	-0.0573  	0.27904  	0.12061  	-0.8722  	0.17496  	0.39485  	0.31263  	-0.3749  	0.56139  	-0.1227  	-0.0345  	-0.0372  	0.05339  	0.01180  	-0.1109  	0.03285  	-0.0352  	-0.0292  	0.04671  	-0.0267  	-0.0436  	0.00534  	-0.0201  	-0.0416  	0.04082  	0.00718  	-0.0096  	0.03725  	-0.0133  	0.14880  	-0.0095  	0.03107  	0.00427  	-0.0398  	0.10221  	
-0.1161  	0.10701  	-0.0602  	-1.6180  	-0.9004  	-1.3511  	0.29364  	0.41491  	0.09731  	0.29730  	0.43058  	-0.1374  	0.41599  	0.04325  	0.00579  	0.39218  	0.04964  	-0.4890  	0.27052  	-0.5157  	0.36476  	-0.0427  	-0.7551  	0.42498  	0.63028  	-0.2226  	0.40534  	-1.0337  	-0.0110  	0.37090  	0.45283  	0.03362  	-0.3637  	-0.3074  	0.30786  	-0.0755  	0.33610  	0.15326  	-0.8650  	0.11318  	0.41450  	0.28719  	-0.3109  	0.54599  	-0.1096  	-0.0322  	-0.0335  	0.06340  	0.02508  	-0.1154  	0.00830  	-0.0314  	-0.0272  	0.04907  	-0.0255  	-0.0403  	-0.0057  	-0.0179  	-0.0405  	0.03610  	0.01479  	-0.0146  	0.03851  	-0.0212  	0.14880  	-0.0095  	0.03107  	0.00427  	-0.0398  	0.10221  	
-0.5899  	-0.0302  	-0.3758  	-1.5122  	-0.7731  	-1.4405  	0.25884  	0.25289  	0.04282  	0.30837  	0.44010  	-0.0620  	0.27373  	-0.0864  	-0.1421  	0.45150  	0.00851  	-0.3333  	0.21118  	-0.2753  	0.25800  	0.09519  	-0.6022  	0.52219  	0.69329  	-0.2985  	0.41497  	-0.8472  	-0.0389  	0.40776  	0.31455  	0.08658  	-0.3388  	-0.1993  	0.34833  	-0.0240  	0.35610  	0.13379  	-0.7966  	0.23458  	0.35311  	0.18621  	-0.2861  	0.47563  	-0.0492  	-0.0488  	-0.0113  	0.01817  	0.01069  	-0.1112  	0.00076  	-0.0401  	-0.0296  	0.02392  	-0.0467  	-0.0572  	0.01725  	-0.0039  	-0.0333  	0.02670  	0.00186  	-0.0103  	0.04676  	-0.0141  	0.14880  	-0.0095  	0.03107  	0.00427  	-0.0398  	0.10221  	
-0.4999  	0.00777  	-0.4626  	-1.3788  	-0.6957  	-1.3117  	0.28566  	0.21654  	0.08863  	0.21061  	0.21707  	-0.0238  	0.27759  	0.05335  	-0.0219  	0.48828  	-0.1367  	-0.1342  	0.11498  	0.04689  	0.04579  	0.35594  	-0.3990  	0.37831  	0.75485  	-0.3921  	0.31001  	-0.5965  	0.03694  	0.47443  	0.22086  	0.07631  	-0.2067  	0.00700  	0.39259  	-0.0052  	0.30951  	0.10985  	-0.6149  	0.30879  	0.26848  	0.03620  	-0.1177  	0.39436  	0.02095  	-0.0764  	0.02010  	0.00744  	0.03493  	-0.1030  	-0.0080  	-0.0504  	-0.0315  	0.01418  	-0.0465  	-0.0539  	0.01453  	0.00406  	-0.0215  	0.01741  	-0.0033  	-0.0104  	0.07119  	-0.0134  	0.14880  	-0.0095  	0.03107  	0.00427  	-0.0398  	0.10221  	
-0.4048  	0.00944  	-0.4039  	-1.4574  	-0.7503  	-1.3254  	0.30610  	0.16086  	0.10726  	0.29580  	0.25188  	-0.0971  	0.26053  	-0.0226  	-0.1053  	0.50520  	-0.1090  	-0.0708  	0.10729  	0.06089  	0.00401  	0.30686  	-0.4267  	0.37013  	0.81376  	-0.3983  	0.26770  	-0.6046  	0.04826  	0.45438  	0.19834  	0.11876  	-0.1881  	0.00894  	0.36742  	0.00029  	0.31701  	0.12387  	-0.5903  	0.34363  	0.29141  	0.04074  	-0.1172  	0.37955  	0.02075  	-0.0677  	0.01988  	-0.0044  	0.03484  	-0.0910  	0.01033  	-0.0486  	-0.0370  	0.01730  	-0.0458  	-0.0549  	0.01253  	0.00530  	-0.0258  	0.00911  	-0.0118  	-0.0070  	0.06829  	-0.0222  	0.14880  	-0.0095  	0.03107  	0.00427  	-0.0398  	0.10221  	
-0.3678  	0.00198  	-0.3999  	-1.3818  	-0.7129  	-1.2385  	0.29116  	0.20225  	0.12550  	0.27535  	0.19637  	-0.1076  	0.29009  	-0.0540  	-0.1177  	0.51993  	-0.1060  	-0.1018  	0.13276  	0.03205  	0.03166  	0.31425  	-0.3969  	0.35717  	0.78005  	-0.4113  	0.30619  	-0.6008  	0.05456  	0.46256  	0.18820  	0.10372  	-0.2088  	0.01273  	0.37712  	0.00496  	0.33929  	0.12214  	-0.5893  	0.34093  	0.29436  	0.03858  	-0.1184  	0.38587  	0.01505  	-0.0702  	0.01421  	0.01296  	0.03720  	-0.0909  	-0.0016  	-0.0451  	-0.0320  	0.01997  	-0.0402  	-0.0510  	0.02092  	0.00473  	-0.0217  	0.01825  	-0.0070  	-0.0088  	0.07138  	-0.0183  	0.14880  	-0.0095  	0.03107  	0.00427  	-0.0398  	0.10221  	
-0.4046  	-0.0483  	-0.3121  	-1.5587  	-0.8010  	-1.3411  	0.29854  	0.15964  	0.08060  	0.34972  	0.44986  	-0.0847  	0.20946  	-0.1957  	-0.3802  	0.62054  	-0.1809  	-0.0785  	0.13399  	0.06897  	0.02667  	0.32634  	-0.4365  	0.41271  	0.79484  	-0.4098  	0.27796  	-0.6502  	0.02053  	0.43785  	0.18899  	0.12533  	-0.2017  	-0.0016  	0.38446  	0.07380  	0.36906  	0.13311  	-0.6205  	0.32977  	0.31246  	0.04140  	-0.1212  	0.39594  	0.01492  	-0.0697  	0.01431  	0.01310  	0.03705  	-0.0963  	0.00506  	-0.0449  	-0.0256  	0.01102  	-0.0374  	-0.0498  	0.02169  	0.00549  	-0.0260  	0.02062  	-0.0057  	-0.0226  	0.07633  	-0.0163  	0.14880  	-0.0095  	0.03107  	0.00427  	-0.0398  	0.10221  	
-0.6479  	-0.1003  	-0.4644  	-1.8069  	-0.9531  	-1.4973  	0.32444  	0.09977  	0.06603  	0.40146  	0.53651  	-0.1595  	0.16748  	-0.2834  	-0.6184  	0.55902  	-0.1614  	-0.0174  	0.10587  	0.13898  	-0.0765  	0.27793  	-0.4289  	0.36745  	0.81741  	-0.4081  	0.19422  	-0.5137  	0.07636  	0.42140  	0.21745  	0.11396  	-0.2300  	0.00180  	0.30010  	0.14248  	0.30296  	0.09642  	-0.5884  	0.33224  	0.34717  	0.03712  	-0.1174  	0.38021  	0.02114  	-0.0658  	0.01196  	0.00490  	0.02591  	-0.0916  	0.01371  	-0.0427  	-0.0236  	0.01519  	-0.0402  	-0.0512  	0.02101  	0.00457  	-0.0302  	0.01730  	-0.0045  	-0.0228  	0.07379  	-0.0101  	0.14880  	-0.0095  	0.03107  	0.00427  	-0.0398  	0.10221  	
-0.9119  	-0.1922  	-0.6652  	-1.8211  	-0.9240  	-1.6960  	0.29435  	0.11787  	-0.0040  	0.40366  	0.67208  	-0.1301  	0.16686  	-0.2432  	-0.4931  	0.41206  	-0.1701  	-0.0493  	0.10804  	0.12696  	0.00882  	0.29251  	-0.4787  	0.41926  	0.82576  	-0.4078  	0.25833  	-0.5712  	0.02093  	0.40712  	0.20853  	0.09933  	-0.2422  	-0.0117  	0.36066  	0.12920  	0.35621  	0.09656  	-0.6157  	0.30414  	0.27581  	0.06156  	-0.1732  	0.36690  	0.03297  	-0.0679  	0.01610  	-0.0152  	0.01942  	-0.0943  	0.00812  	-0.0411  	-0.0286  	0.00735  	-0.0411  	-0.0583  	0.01823  	0.00754  	-0.0296  	0.01942  	-0.0017  	-0.0280  	0.06667  	-0.0077  	0.14880  	-0.0095  	0.03107  	0.00427  	-0.0398  	0.10221  	
-0.5956  	-0.1031  	-0.4737  	-1.7024  	-0.7569  	-1.6206  	0.25869  	0.20772  	0.06719  	0.34539  	0.54236  	-0.0512  	0.20597  	-0.0169  	-0.1455  	0.42516  	-0.1364  	-0.1202  	0.09479  	0.07345  	0.17185  	0.25448  	-0.4090  	0.50982  	0.64046  	-0.3988  	0.30235  	-0.6343  	-0.1915  	0.34637  	0.24830  	0.11809  	-0.1969  	-0.0260  	0.49535  	-0.0625  	0.41705  	0.08430  	-0.6867  	0.36218  	0.26110  	0.04975  	-0.1702  	0.36823  	0.03355  	-0.0735  	0.02546  	-0.0244  	0.02259  	-0.0783  	-0.0019  	-0.0505  	-0.0332  	0.00606  	-0.0476  	-0.0572  	0.01454  	-0.0114  	-0.0326  	0.03298  	-0.0113  	-0.0106  	0.06622  	-0.0163  	0.14880  	-0.0095  	0.03107  	0.00427  	-0.0398  	0.10221  	
-0.2016  	0.07264  	-0.1647  	-1.5542  	-0.8484  	-1.2066  	0.34896  	0.28668  	0.12394  	0.34683  	0.17039  	-0.1699  	0.36638  	0.30438  	0.10753  	0.36640  	-0.1115  	-0.1758  	0.08134  	-0.1006  	0.12473  	0.41214  	-0.2841  	0.54286  	0.73947  	-0.3974  	0.42316  	-0.8700  	-0.1219  	0.42869  	0.24925  	0.13098  	-0.1825  	0.00664  	0.45139  	-0.0624  	0.40859  	0.12274  	-0.6376  	0.34711  	0.26578  	0.04523  	-0.1311  	0.39199  	-0.0027  	-0.0727  	0.01241  	0.03314  	0.04057  	-0.0976  	0.00127  	-0.0410  	-0.0363  	0.01148  	-0.0457  	-0.0412  	0.00157  	-0.0054  	-0.0368  	0.01888  	0.00571  	0.00784  	0.05769  	-0.0173  	0.14880  	-0.0095  	0.03107  	0.00427  	-0.0398  	0.10221  	
-0.1181  	0.02555  	-0.1543  	-1.4566  	-0.8506  	-1.1511  	0.37132  	0.32298  	0.14794  	0.30249  	0.17457  	-0.2597  	0.39338  	0.26555  	0.07416  	0.39379  	-0.0681  	-0.2202  	0.09322  	-0.1291  	0.19297  	0.43552  	-0.2250  	0.45323  	0.76342  	-0.4025  	0.44465  	-0.9028  	-0.0819  	0.43658  	0.22758  	0.12526  	-0.2009  	0.00157  	0.39219  	-0.0690  	0.43593  	0.14554  	-0.6190  	0.30999  	0.28244  	0.04620  	-0.1092  	0.40081  	0.00780  	-0.0741  	-0.0014  	0.04887  	0.05684  	-0.0907  	-0.0034  	-0.0397  	-0.0264  	0.01584  	-0.0353  	-0.0325  	-0.0013  	-0.0072  	-0.0362  	0.02561  	0.00553  	-0.0023  	0.06551  	-0.0181  	0.14880  	-0.0095  	0.03107  	0.00427  	-0.0398  	0.10221  	
-0.2662  	0.06427  	-0.2026  	-1.6458  	-0.9568  	-1.2494  	0.33327  	0.39238  	0.15980  	0.26014  	0.46875  	-0.1755  	0.24477  	0.02889  	-0.0610  	0.52175  	-0.1048  	-0.1661  	0.12269  	-0.0530  	0.33421  	0.37484  	-0.2632  	0.45218  	0.72645  	-0.4021  	0.39610  	-0.9305  	-0.2017  	0.36485  	0.21279  	0.13256  	-0.1953  	-0.0119  	0.44156  	-0.0850  	0.54802  	0.18671  	-0.6823  	0.25475  	0.28858  	0.03248  	-0.1194  	0.41066  	0.00762  	-0.0678  	0.01258  	0.01474  	0.04216  	-0.0799  	-0.0116  	-0.0431  	-0.0233  	0.02438  	-0.0419  	-0.0461  	0.00193  	0.00135  	-0.0356  	0.02606  	0.00746  	-0.0025  	0.06374  	-0.0155  	0.14880  	-0.0095  	0.03107  	0.00427  	-0.0398  	0.10221  	
-0.6108  	-0.0466  	-0.4152  	-1.7860  	-0.9571  	-1.4492  	0.32176  	0.16385  	0.08875  	0.36063  	0.47376  	-0.1784  	0.22162  	-0.1552  	-0.3662  	0.49030  	-0.1346  	-0.0120  	0.08172  	0.09625  	-0.0260  	0.32163  	-0.3795  	0.33553  	0.71198  	-0.3785  	0.14901  	-0.5808  	0.09299  	0.36716  	0.24202  	0.08074  	-0.1854  	0.00373  	0.26933  	0.04489  	0.29814  	0.11598  	-0.6038  	0.34549  	0.38668  	0.01724  	-0.1012  	0.39045  	0.00432  	-0.0688  	0.01505  	1.62734  	0.02509  	-0.0879  	-0.0061  	-0.0494  	-0.0298  	0.01041  	-0.0395  	-0.0528  	0.01231  	-0.0002  	-0.0347  	0.02126  	0.00013  	-0.0057  	0.06523  	-0.0028  	0.14880  	-0.0095  	0.03107  	0.00427  	-0.0398  	0.10221  	
-0.3050  	0.04052  	-0.2917  	-1.7376  	-0.9544  	-1.3362  	0.30770  	0.27007  	0.13026  	0.31248  	0.42813  	-0.2124  	0.33138  	0.04049  	-0.2881  	0.48677  	-0.1514  	-0.0610  	0.09418  	0.01987  	0.12134  	0.31237  	-0.3674  	0.37721  	0.77873  	-0.4259  	0.28856  	-0.7338  	-0.0574  	0.39559  	0.27333  	0.09414  	-0.1843  	-0.0085  	0.38619  	-0.0348  	0.40569  	0.13633  	-0.6165  	0.29110  	0.34272  	0.02023  	-0.0906  	0.38222  	-0.0006  	-0.0667  	0.00629  	0.00931  	0.03552  	-0.0808  	-0.0107  	-0.0515  	-0.0250  	0.01547  	-0.0407  	-0.0460  	0.00485  	0.00596  	-0.0284  	0.01996  	-0.0048  	-0.0009  	0.07462  	-0.0170  	0.14880  	-0.0095  	0.03107  	0.00427  	-0.0398  	0.10221  	
-0.7733  	-0.1222  	-0.5557  	-1.9403  	-1.0011  	-1.6395  	0.34839  	0.16655  	0.07864  	0.46312  	0.64821  	-0.2371  	0.21722  	-0.0247  	-0.4466  	0.38836  	-0.1341  	-0.0456  	0.08984  	0.04207  	0.06167  	0.27119  	-0.4422  	0.39864  	0.79849  	-0.4044  	0.24130  	-0.7221  	-0.0766  	0.35863  	0.26901  	0.07656  	-0.1851  	-0.0202  	0.40135  	0.03901  	0.40411  	0.12179  	-0.6515  	0.29442  	0.34908  	0.04544  	-0.1215  	0.37962  	0.02549  	-0.0651  	0.02652  	-0.0158  	0.01922  	-0.0690  	-0.0093  	-0.0542  	-0.0371  	0.01834  	-0.0352  	-0.0548  	0.01354  	-0.0038  	-0.0368  	0.01956  	0.00032  	0.00163  	0.06780  	-0.0118  	0.14880  	-0.0095  	0.03107  	0.00427  	-0.0398  	0.10221  	
-0.9056  	-0.1118  	-0.6008  	-2.0249  	-0.9917  	-1.6909  	0.25882  	0.11909  	0.06584  	0.42278  	0.63651  	-0.1376  	0.19850  	-0.1974  	-0.4530  	0.37466  	-0.1166  	-0.0649  	0.12458  	0.04942  	0.11641  	0.26010  	-0.3336  	0.41770  	0.68489  	-0.3577  	0.28070  	-0.6472  	-0.0569  	0.40111  	0.25636  	0.10497  	-0.1928  	-0.0045  	0.35394  	0.00160  	0.34981  	0.11556  	-0.6364  	0.34076  	0.29687  	0.06257  	-0.1773  	0.35832  	0.02124  	-0.0749  	0.02165  	-0.0264  	0.00360  	-0.0882  	-0.0041  	-0.0431  	-0.0372  	0.02942  	-0.0454  	-0.0559  	0.02162  	0.00020  	-0.0283  	0.02787  	0.00463  	-0.0103  	0.06971  	-0.0139  	0.14880  	-0.0095  	0.03107  	0.00427  	-0.0398  	0.10221  	
-0.7325  	-0.1070  	-0.4592  	-1.8893  	-1.0029  	-1.5383  	0.28914  	0.10705  	0.06533  	0.37199  	0.53627  	-0.1788  	0.14655  	-0.3115  	-0.5463  	0.47709  	-0.1125  	-0.0390  	0.12573  	0.06341  	-0.0226  	0.27118  	-0.2917  	0.37389  	0.70384  	-0.3535  	0.21156  	-0.5431  	0.05090  	0.39328  	0.23021  	0.10306  	-0.2135  	0.00427  	0.23469  	0.06762  	0.32648  	0.11098  	-0.6371  	0.32549  	0.36565  	0.02606  	-0.1171  	0.39467  	0.00874  	-0.0802  	0.02602  	-0.0065  	0.02436  	-0.0913  	-0.0041  	-0.0470  	-0.0319  	0.01822  	-0.0396  	-0.0607  	0.01812  	0.00333  	-0.0303  	0.01506  	-0.0037  	-0.0089  	0.07045  	-0.0123  	0.14880  	-0.0095  	0.03107  	0.00427  	-0.0398  	0.10221  	
-0.5554  	-0.0696  	-0.4361  	-1.6897  	-0.8502  	-1.4836  	0.32461  	0.11434  	0.09213  	0.41728  	0.37844  	-0.1130  	0.20099  	-0.2773  	-0.4216  	0.57301  	-0.1428  	-0.0010  	0.10785  	0.12801  	-0.1205  	0.29568  	-0.4259  	0.33112  	0.73112  	-0.3888  	0.17230  	-0.4817  	0.11216  	0.39530  	0.22358  	0.10527  	-0.2046  	0.01510  	0.27179  	0.09755  	0.25267  	0.09621  	-0.5843  	0.36307  	0.35342  	0.02429  	-0.1124  	0.41357  	0.01467  	-0.0772  	0.02175  	0.00057  	0.03668  	-0.0963  	0.00495  	-0.0470  	-0.0301  	0.01314  	-0.0346  	-0.0585  	0.01628  	0.00167  	-0.0293  	0.02214  	-0.0048  	-0.0145  	0.06995  	-0.0120  	0.14880  	-0.0095  	0.03107  	0.00427  	-0.0398  	0.10221  	
-0.3372  	-0.0703  	-0.2895  	-1.4564  	-0.7798  	-1.3464  	0.30337  	0.17404  	0.07529  	0.38196  	0.47967  	-0.1003  	0.23231  	-0.1883  	-0.3375  	0.64331  	-0.1798  	-0.1056  	0.11951  	0.09438  	0.07696  	0.31627  	-0.4997  	0.46418  	0.79526  	-0.4235  	0.34264  	-0.6314  	-0.0950  	0.42071  	0.15690  	0.16626  	-0.2076  	-0.0207  	0.44775  	0.05231  	0.39707  	0.12184  	-0.6611  	0.32479  	0.27049  	0.06071  	-0.1402  	0.38689  	0.01930  	-0.0778  	0.01753  	0.00274  	0.04960  	-0.0985  	0.00653  	-0.0462  	-0.0343  	0.01794  	-0.0434  	-0.0557  	0.02062  	-0.0007  	-0.0281  	0.02295  	-0.0072  	-0.0189  	0.07002  	-0.0216  	0.14880  	-0.0095  	0.03107  	0.00427  	-0.0398  	0.10221  	
-0.2842  	0.01586  	-0.3395  	-1.2737  	-0.6165  	-1.3568  	0.32471  	0.19617  	0.06590  	0.35711  	0.21245  	-0.1437  	0.30377  	0.00877  	-0.0377  	0.47971  	-0.1596  	-0.1583  	0.09846  	0.04000  	0.01032  	0.37787  	-0.5352  	0.42573  	0.87202  	-0.4431  	0.35634  	-0.6022  	0.06844  	0.49593  	0.16309  	0.13296  	-0.2005  	0.01340  	0.46198  	0.05893  	0.32613  	0.08059  	-0.5852  	0.38289  	0.23556  	0.08002  	-0.1431  	0.38228  	0.02121  	-0.0778  	0.01426  	0.01402  	0.05095  	-0.1087  	0.02433  	-0.0413  	-0.0381  	0.01196  	-0.0389  	-0.0460  	0.02155  	0.00484  	-0.0296  	0.01706  	-0.0017  	-0.0181  	0.07519  	-0.0079  	0.14880  	-0.0095  	0.03107  	0.00427  	-0.0398  	0.10221  	
-0.2976  	0.02239  	-0.3670  	-1.1386  	-0.6053  	-1.3328  	0.28573  	0.27657  	0.05301  	0.22629  	0.12483  	-0.1281  	0.39862  	0.11465  	0.19281  	0.29196  	-0.0581  	-0.3320  	0.16790  	-0.3009  	0.07984  	0.16116  	-0.7293  	0.38886  	0.84542  	-0.3357  	0.43464  	-0.7175  	0.17807  	0.50660  	0.25695  	0.06616  	-0.2919  	-0.1374  	0.44523  	-0.0021  	0.20366  	0.06946  	-0.7038  	0.28742  	0.27581  	0.21731  	-0.2588  	0.45536  	-0.0324  	-0.0561  	-0.0060  	0.03742  	0.03901  	-0.1208  	0.01620  	-0.0435  	-0.0283  	0.02811  	-0.0364  	-0.0440  	0.02118  	-0.0118  	-0.0238  	0.02940  	-0.0040  	-0.0232  	0.05152  	-0.0216  	0.14880  	-0.0095  	0.03107  	0.00427  	-0.0398  	0.10221  	
-0.2199  	0.11434  	-0.2051  	-1.2970  	-0.7024  	-1.2273  	0.24485  	0.43777  	0.08603  	0.19021  	0.28042  	-0.0707  	0.42795  	0.12838  	0.19402  	0.43140  	0.03822  	-0.4727  	0.24014  	-0.4743  	0.31039  	-0.0039  	-0.8530  	0.46794  	0.68533  	-0.2458  	0.41541  	-0.8860  	0.08785  	0.43654  	0.37644  	0.02881  	-0.3716  	-0.2828  	0.36420  	-0.0765  	0.25635  	0.12520  	-0.8511  	0.16452  	0.35186  	0.29863  	-0.3521  	0.52046  	-0.0914  	-0.0284  	-0.0338  	0.06742  	0.02078  	-0.1090  	0.01310  	-0.0388  	-0.0307  	0.04307  	-0.0286  	-0.0386  	0.01099  	-0.0251  	-0.0264  	0.04321  	0.00154  	-0.0171  	0.03399  	-0.0236  	0.14880  	-0.0095  	0.03107  	0.00427  	-0.0398  	0.10221  	
-0.1825  	0.13496  	-0.0433  	-1.5216  	-0.8892  	-1.2733  	0.21443  	0.46497  	0.10117  	0.21693  	0.53597  	-0.0971  	0.35189  	-0.0257  	-0.0090  	0.49671  	0.07310  	-0.5210  	0.26571  	-0.5895  	0.47238  	-0.1232  	-0.8316  	0.53362  	0.61447  	-0.2293  	0.43044  	-1.0870  	-0.0789  	0.36552  	0.43017  	0.05464  	-0.3949  	-0.3376  	0.40169  	-0.1255  	0.34265  	0.16778  	-0.9261  	0.08135  	0.37951  	0.31970  	-0.3787  	0.52732  	-0.1135  	-0.0262  	-0.0448  	0.05592  	0.00451  	-0.1027  	0.01163  	-0.0370  	-0.0176  	0.05240  	-0.0321  	-0.0382  	0.00368  	-0.0236  	-0.0322  	0.04480  	0.00383  	-0.0098  	0.04358  	-0.0179  	0.14880  	-0.0095  	0.03107  	0.00427  	-0.0398  	0.10221  	
-0.1668  	0.11448  	-0.0314  	-1.5949  	-0.9464  	-1.2804  	0.21693  	0.48055  	0.12484  	0.21330  	0.66971  	-0.0381  	0.31481  	-0.0691  	-0.1347  	0.57401  	0.05949  	-0.4983  	0.25920  	-0.5364  	0.57312  	-0.1106  	-0.6987  	0.55401  	0.60156  	-0.2412  	0.44012  	-1.1326  	-0.1870  	0.33150  	0.40903  	0.07947  	-0.3676  	-0.3107  	0.43207  	-0.1613  	0.44567  	0.19687  	-0.9208  	0.07146  	0.37069  	0.28351  	-0.3430  	0.52892  	-0.0890  	-0.0271  	-0.0347  	0.04444  	0.00737  	-0.0976  	0.01163  	-0.0366  	-0.0149  	0.05173  	-0.0345  	-0.0350  	-0.0010  	-0.0207  	-0.0349  	0.04205  	0.00711  	-0.0074  	0.04564  	-0.0205  	0.14880  	-0.0095  	0.03107  	0.00427  	-0.0398  	0.10221  	
-0.2087  	0.07938  	-0.0795  	-1.6709  	-0.9891  	-1.2756  	0.25310  	0.45221  	0.14717  	0.23936  	0.72529  	-0.0666  	0.24265  	-0.0546  	-0.2265  	0.62264  	-0.0102  	-0.3456  	0.21465  	-0.3295  	0.50604  	0.03722  	-0.4910  	0.50953  	0.62087  	-0.3256  	0.41106  	-1.0414  	-0.2681  	0.33002  	0.32382  	0.13648  	-0.2838  	-0.1801  	0.50403  	-0.1395  	0.53221  	0.22108  	-0.8290  	0.13556  	0.33061  	0.15955  	-0.2353  	0.47122  	-0.0411  	-0.0439  	-0.0130  	0.02106  	0.02352  	-0.0878  	0.00572  	-0.0416  	-0.0186  	0.04103  	-0.0348  	-0.0365  	-8.3313  	-0.0100  	-0.0352  	0.04276  	0.00320  	-0.0033  	0.06323  	-0.0185  	0.14880  	-0.0095  	0.03107  	0.00427  	-0.0398  	0.10221  	
-0.2552  	0.01460  	-0.0927  	-1.7539  	-1.0109  	-1.2946  	0.31002  	0.39782  	0.19289  	0.34892  	0.72206  	-0.0359  	0.21191  	0.02986  	-0.4262  	0.77646  	-0.1490  	-0.1025  	0.15210  	0.05385  	0.35575  	0.25960  	-0.3110  	0.39709  	0.72343  	-0.4321  	0.29412  	-0.8281  	-0.2607  	0.34665  	0.23489  	0.14343  	-0.1451  	-0.0091  	0.46502  	-0.0850  	0.56983  	0.19901  	-0.6665  	0.22757  	0.32030  	0.01214  	-0.0862  	0.39988  	0.01540  	-0.0746  	0.01081  	0.01387  	0.04601  	-0.0787  	-0.0081  	-0.0448  	-0.0236  	0.02583  	-0.0402  	-0.0394  	0.00522  	-0.0009  	-0.0436  	0.03580  	-0.0024  	-0.0011  	0.08310  	-0.0177  	0.14880  	-0.0095  	0.03107  	0.00427  	-0.0398  	0.10221  	
-0.4056  	-0.0024  	-0.1909  	-1.9284  	-1.0319  	-1.4043  	0.35949  	0.32137  	0.17812  	0.46289  	0.61742  	-0.1600  	0.26513  	0.13506  	-0.4273  	0.67360  	-0.1558  	-0.1227  	0.14788  	0.11121  	0.24568  	0.25129  	-0.4342  	0.36403  	0.85805  	-0.4468  	0.33803  	-0.7868  	-0.1235  	0.35180  	0.23546  	0.13921  	-0.1754  	0.00887  	0.39985  	-0.0149  	0.45492  	0.13338  	-0.5924  	0.28288  	0.30374  	0.02359  	-0.1158  	0.41283  	0.02955  	-0.0778  	0.01262  	0.00600  	0.04698  	-0.0855  	0.00022  	-0.0500  	-0.0323  	0.01806  	-0.0367  	-0.0425  	0.00535  	0.00402  	-0.0347  	0.02693  	0.01436  	-0.0087  	0.07444  	-0.0080  	0.14880  	-0.0095  	0.03107  	0.00427  	-0.0398  	0.10221  	
-0.7088  	-0.0808  	-0.5220  	-1.5726  	-0.8335  	-1.5712  	0.34385  	0.19805  	0.02014  	0.37408  	0.63126  	-0.0835  	0.25227  	0.08558  	-0.3397  	0.54671  	-0.1506  	-0.0399  	0.13079  	0.11018  	0.11754  	0.24993  	-0.4800  	0.45724  	0.74133  	-0.4091  	0.31439  	-0.6787  	0.00958  	0.37894  	0.21223  	0.06675  	-0.1860  	-0.0180  	0.40014  	0.03637  	0.36918  	0.09885  	-0.6695  	0.30686  	0.25423  	0.03511  	-0.1760  	0.39333  	0.01623  	-0.0633  	0.00950  	-0.0160  	0.02080  	-0.1027  	0.00132  	-0.0552  	-0.0342  	0.00418  	-0.0405  	-0.0464  	0.01013  	-0.0090  	-0.0351  	0.02898  	0.00176  	-0.0122  	0.06732  	-0.0059  	0.14880  	-0.0095  	0.03107  	0.00427  	-0.0398  	0.10221  	
-1.0209  	-0.1395  	-0.5974  	-2.0404  	-0.9996  	-1.7513  	0.27281  	0.13519  	0.04408  	0.47458  	0.72375  	-0.1231  	0.15138  	-0.1698  	-0.5313  	0.33667  	-0.1344  	-0.0483  	0.13058  	0.05806  	0.06233  	0.28751  	-0.3536  	0.39483  	0.65797  	-0.3529  	0.20821  	-0.6658  	-0.0084  	0.36873  	0.27447  	0.08083  	-0.2006  	-0.0062  	0.27640  	0.02507  	0.33393  	0.11995  	-0.6144  	0.29344  	0.34072  	0.02508  	-0.1603  	0.37753  	0.02616  	-0.0715  	0.02897  	-0.0242  	0.00307  	-0.0889  	-0.0084  	-0.0454  	-0.0276  	0.01765  	-0.0474  	-0.0645  	0.01904  	-0.0010  	-0.0239  	0.02849  	0.00499  	-0.0119  	0.06781  	-0.0155  	0.14880  	-0.0095  	0.03107  	0.00427  	-0.0398  	0.10221  	
-0.8890  	-0.1012  	-0.4568  	-2.2226  	-1.1266  	-1.6843  	0.31422  	0.12219  	0.05228  	0.52287  	0.60568  	-0.2598  	0.18271  	-0.2057  	-0.5779  	0.31287  	-0.0942  	-0.0625  	0.13263  	0.04279  	0.05308  	0.28129  	-0.3182  	0.37411  	0.77059  	-0.3659  	0.26175  	-0.6628  	0.01526  	0.35844  	0.27368  	0.06200  	-0.2366  	-0.0191  	0.24728  	0.04719  	0.33093  	0.11107  	-0.5995  	0.32133  	0.37600  	0.02359  	-0.1264  	0.40126  	0.02432  	-0.0790  	0.02496  	-0.0009  	0.01985  	-0.0916  	-0.0079  	-0.0447  	-0.0324  	0.02275  	-0.0419  	-0.0647  	0.02326  	-0.0003  	-0.0295  	0.02040  	0.00196  	-0.0069  	0.08188  	-0.0124  	0.14880  	-0.0095  	0.03107  	0.00427  	-0.0398  	0.10221  	
-0.6702  	-0.0782  	-0.4285  	-1.6738  	-0.8968  	-1.4674  	0.28979  	0.20242  	0.07847  	0.32203  	0.42073  	-0.0754  	0.21505  	-0.1954  	-0.4184  	0.47137  	-0.1330  	-0.0304  	0.15154  	0.12259  	-0.0119  	0.27147  	-0.3775  	0.39735  	0.74430  	-0.3839  	0.24415  	-0.5290  	0.03180  	0.42309  	0.23837  	0.08425  	-0.1863  	-0.0037  	0.28583  	0.04471  	0.27984  	0.10116  	-0.6065  	0.32577  	0.33584  	0.03654  	-0.1250  	0.38396  	0.02219  	-0.0699  	0.02383  	0.00656  	0.03026  	-0.0931  	-0.0025  	-0.0445  	-0.0302  	0.01526  	-0.0546  	-0.0624  	0.02260  	0.00348  	-0.0291  	0.01941  	-0.0085  	-0.0126  	0.07226  	-0.0207  	0.14880  	-0.0095  	0.03107  	0.00427  	-0.0398  	0.10221  	
-0.3778  	-0.0169  	-0.4414  	-1.2515  	-0.6082  	-1.3393  	0.28499  	0.17558  	0.06363  	0.31939  	0.19118  	-0.0653  	0.29856  	-0.0318  	-0.0705  	0.54266  	-0.1654  	-0.0909  	0.10726  	0.12606  	-0.0770  	0.31671  	-0.5264  	0.43092  	0.84092  	-0.3951  	0.23033  	-0.4645  	0.10263  	0.46656  	0.20389  	0.10587  	-0.2008  	0.02296  	0.40278  	0.03642  	0.24697  	0.07885  	-0.5923  	0.36631  	0.26483  	0.05371  	-0.1476  	0.38077  	0.01233  	-0.0639  	0.00890  	0.01095  	0.03269  	-0.0930  	0.01291  	-0.0466  	-0.0258  	0.00498  	-0.0480  	-0.0571  	0.02786  	0.00614  	-0.0278  	0.02067  	-0.0053  	-0.0229  	0.06808  	-0.0178  	0.14880  	-0.0095  	0.03107  	0.00427  	-0.0398  	0.10221  	
-0.3042  	-0.0157  	-0.4219  	-1.0922  	-0.4957  	-1.2946  	0.29940  	0.19328  	0.08962  	0.28792  	0.07729  	-0.0755  	0.35189  	0.16863  	0.19868  	0.41280  	-0.1693  	-0.1841  	0.07958  	0.08914  	-0.0530  	0.40118  	-0.5099  	0.40923  	0.88926  	-0.3984  	0.34958  	-0.5004  	0.10676  	0.53368  	0.17309  	0.08692  	-0.1883  	0.04483  	0.48663  	0.02004  	0.27829  	0.07140  	-0.6099  	0.35041  	0.21201  	0.08278  	-0.1649  	0.38125  	0.01077  	-0.0735  	0.02510  	0.01179  	0.05067  	-0.1004  	0.00512  	-0.0518  	-0.0301  	0.00808  	-0.0570  	-0.0573  	0.02797  	0.00206  	-0.0332  	0.01781  	-0.0121  	-0.0126  	0.07259  	-0.0190  	0.14880  	-0.0095  	0.03107  	0.00427  	-0.0398  	0.10221  	
-0.2311  	0.04618  	-0.3940  	-1.0130  	-0.4712  	-1.2167  	0.38883  	0.25272  	0.10920  	0.30486  	-0.0101  	-0.1505  	0.39669  	0.34123  	0.35847  	0.31732  	-0.2036  	-0.1603  	0.05335  	0.02328  	-0.0981  	0.43951  	-0.5238  	0.37027  	0.90828  	-0.4306  	0.36418  	-0.5241  	0.21415  	0.55580  	0.15644  	0.09231  	-0.1755  	0.04694  	0.44732  	0.02311  	0.22923  	0.06055  	-0.5517  	0.39646  	0.19776  	0.08366  	-0.1462  	0.39161  	0.02059  	-0.0732  	0.01582  	0.00682  	0.05158  	-0.0928  	-0.0003  	-0.0538  	-0.0297  	0.01349  	-0.0350  	-0.0441  	0.01335  	0.00420  	-0.0284  	0.02538  	-0.0072  	-0.0104  	0.05824  	-0.0215  	0.14880  	-0.0095  	0.03107  	0.00427  	-0.0398  	0.10221  	
-0.1908  	0.06402  	-0.4989  	-1.0096  	-0.4805  	-1.2858  	0.36811  	0.27348  	0.11206  	0.32471  	-0.1012  	-0.2358  	0.45492  	0.37346  	0.28293  	0.33063  	-0.1765  	-0.1315  	0.08104  	-0.0629  	-0.0672  	0.43772  	-0.4566  	0.36287  	0.96188  	-0.4397  	0.41957  	-0.5990  	0.25456  	0.59498  	0.14787  	0.07319  	-0.2096  	0.02507  	0.42098  	-0.0016  	0.21601  	0.05608  	-0.5475  	0.39711  	0.18623  	0.07940  	-0.1553  	0.39427  	0.00871  	-0.0697  	0.01047  	0.01805  	0.05089  	-0.1028  	0.00693  	-0.0471  	-0.0270  	0.01511  	-0.0360  	-0.0388  	0.00504  	0.00265  	-0.0262  	0.02671  	-0.0032  	-0.0093  	0.05034  	-0.0272  	0.14880  	-0.0095  	0.03107  	0.00427  	-0.0398  	0.10221  	
-0.3289  	0.05352  	-0.5939  	-0.9198  	-0.3936  	-1.3842  	0.31708  	0.27626  	0.13644  	0.30381  	0.04535  	-0.0731  	0.44995  	0.50192  	0.27990  	0.36190  	-0.1959  	-0.1810  	0.05228  	0.08894  	-0.0277  	0.43158  	-0.5862  	0.45268  	1.01662  	-0.4448  	0.40633  	-0.5355  	0.18011  	0.58000  	0.16872  	0.04721  	-0.2006  	0.01528  	0.49849  	-0.0144  	0.21094  	0.02600  	-0.5891  	0.41395  	0.11363  	0.09942  	-0.2056  	0.37622  	0.01800  	-0.0746  	0.02075  	0.00465  	0.03223  	-0.0986  	0.01547  	-0.0545  	-0.0448  	0.00438  	-0.0550  	-0.0461  	0.02131  	0.00456  	-0.0321  	0.01846  	-0.0029  	-0.0089  	0.05792  	-0.0233  	0.14880  	-0.0095  	0.03107  	0.00427  	-0.0398  	0.10221  	
-0.6186  	-0.0328  	-0.7025  	-1.0582  	-0.4102  	-1.5799  	0.36834  	0.29160  	0.11157  	0.28109  	0.21754  	0.01207  	0.40034  	0.25583  	0.03949  	0.47950  	-0.1973  	-0.0537  	0.00152  	0.22228  	-0.1292  	0.28673  	-0.6803  	0.41330  	0.87068  	-0.4088  	0.26529  	-0.3719  	0.16065  	0.51563  	0.17386  	0.06644  	-0.1482  	0.04430  	0.51833  	0.02421  	0.18881  	0.02273  	-0.5569  	0.41490  	0.11786  	0.09908  	-0.2141  	0.34111  	0.05041  	-0.0682  	0.01844  	-0.0054  	0.02881  	-0.0854  	0.02358  	-0.0367  	-0.0334  	0.02327  	-0.0454  	-0.0426  	0.03464  	-0.0044  	-0.0195  	0.01726  	0.00785  	-0.0039  	0.05823  	-0.0170  	0.14880  	-0.0095  	0.03107  	0.00427  	-0.0398  	0.10221  	
-0.5756  	-0.0572  	-0.5977  	-1.1300  	-0.4854  	-1.4281  	0.33602  	0.27249  	0.09322  	0.25203  	0.16597  	0.02521  	0.40554  	0.21858  	0.09618  	0.52931  	-0.2054  	-0.0799  	0.05851  	0.17048  	-0.1067  	0.33104  	-0.6084  	0.38689  	0.83658  	-0.4079  	0.25354  	-0.3975  	0.17161  	0.52491  	0.18512  	0.07764  	-0.1731  	0.03494  	0.46103  	-0.0218  	0.21125  	0.05583  	-0.5877  	0.37093  	0.19266  	0.06423  	-0.1704  	0.37211  	0.02386  	-0.0730  	0.02764  	0.00062  	0.04473  	-0.0985  	0.01031  	-0.0538  	-0.0406  	0.02056  	-0.0389  	-0.0407  	0.02437  	0.00036  	-0.0262  	0.01424  	0.00419  	-0.0051  	0.06222  	-0.0219  	0.14880  	-0.0095  	0.03107  	0.00427  	-0.0398  	0.10221  	
-0.3739  	0.05338  	-0.4206  	-1.3769  	-0.7571  	-1.2657  	0.31058  	0.26899  	0.12090  	0.26014  	0.10303  	-0.1588  	0.36902  	0.08133  	-0.0246  	0.54645  	-0.1292  	-0.0692  	0.08666  	0.04025  	-0.0263  	0.34133  	-0.4924  	0.36394  	0.86433  	-0.3990  	0.29782  	-0.5852  	0.13105  	0.48346  	0.16182  	0.10355  	-0.2011  	0.01899  	0.37475  	0.00603  	0.27562  	0.11098  	-0.5497  	0.35605  	0.24467  	0.05478  	-0.1138  	0.37549  	0.02672  	-0.0734  	0.01473  	0.01366  	0.03941  	-0.1050  	-0.0068  	-0.0496  	-0.0329  	0.02000  	-0.0364  	-0.0410  	0.00699  	0.00424  	-0.0311  	0.00650  	0.00378  	-0.0012  	0.06124  	-0.0172  	0.14880  	-0.0095  	0.03107  	0.00427  	-0.0398  	0.10221  	
-0.2501  	0.00169  	-0.2972  	-1.4688  	-0.7703  	-1.2858  	0.30928  	0.24996  	0.12945  	0.38205  	0.30715  	-0.1422  	0.28879  	-0.1011  	-0.2070  	0.62521  	-0.1456  	-0.0778  	0.12237  	0.04972  	0.04634  	0.30204  	-0.4034  	0.36756  	0.81756  	-0.4331  	0.31077  	-0.6728  	-0.0047  	0.45522  	0.16737  	0.13275  	-0.2065  	-0.0038  	0.42619  	0.01250  	0.35396  	0.12570  	-0.6174  	0.34451  	0.27405  	0.04729  	-0.1115  	0.39451  	0.01079  	-0.0665  	0.01014  	0.00667  	0.04745  	-0.1054  	-0.0019  	-0.0478  	-0.0308  	0.01994  	-0.0388  	-0.0380  	0.01359  	9.69961  	-0.0332  	0.02206  	-0.0071  	-0.0068  	0.07477  	-0.0218  	0.14880  	-0.0095  	0.03107  	0.00427  	-0.0398  	0.10221  	
-0.4508  	-0.0756  	-0.2977  	-1.5888  	-0.8467  	-1.3822  	0.31436  	0.11447  	0.03331  	0.40285  	0.50787  	-0.1494  	0.15989  	-0.3044  	-0.5484  	0.69051  	-0.1596  	-0.0945  	0.15390  	0.07846  	0.00264  	0.28019  	-0.5091  	0.46184  	0.83974  	-0.4262  	0.37125  	-0.6120  	-0.0389  	0.42836  	0.17719  	0.17116  	-0.2333  	-0.0165  	0.39961  	0.13499  	0.36918  	0.12444  	-0.6234  	0.32381  	0.28604  	0.05368  	-0.1300  	0.38520  	0.02445  	-0.0738  	0.00374  	0.00973  	0.04526  	-0.0937  	0.01192  	-0.0465  	-0.0245  	0.01518  	-0.0334  	-0.0484  	0.02173  	-0.0003  	-0.0271  	0.03014  	-0.0055  	-0.0283  	0.08425  	-0.0128  	0.14880  	-0.0095  	0.03107  	0.00427  	-0.0398  	0.10221  	
-0.4012  	-0.0579  	-0.3946  	-1.5718  	-0.8143  	-1.4003  	0.28197  	0.14518  	0.03068  	0.35849  	0.43450  	-0.1404  	0.18546  	-0.1340  	-0.1723  	0.50910  	-0.1146  	-0.1464  	0.13450  	0.02824  	0.15062  	0.33108  	-0.4585  	0.54499  	0.74160  	-0.3837  	0.43212  	-0.7985  	-0.1887  	0.41594  	0.18076  	0.17454  	-0.2389  	-0.0202  	0.51507  	0.05066  	0.46133  	0.12675  	-0.7099  	0.34110  	0.24869  	0.05760  	-0.1550  	0.40732  	0.01962  	-0.0702  	0.01857  	-0.0248  	0.03222  	-0.0957  	0.01230  	-0.0464  	-0.0317  	0.01517  	-0.0496  	-0.0542  	0.01460  	0.00378  	-0.0360  	0.02628  	-0.0093  	-0.0124  	0.05654  	-0.0272  	0.14880  	-0.0095  	0.03107  	0.00427  	-0.0398  	0.10221  	
-0.1512  	0.03792  	-0.2521  	-1.3263  	-0.7417  	-1.2127  	0.36799  	0.23069  	0.08864  	0.39131  	0.17712  	-0.2014  	0.37702  	0.20586  	0.12761  	0.38092  	-0.1379  	-0.1465  	0.09309  	-0.0490  	0.08549  	0.39792  	-0.3664  	0.43409  	0.80633  	-0.4239  	0.42802  	-0.8166  	0.01937  	0.47225  	0.19630  	0.09970  	-0.2163  	-0.0009  	0.46067  	0.00447  	0.36540  	0.10156  	-0.5943  	0.36762  	0.24418  	0.05536  	-0.1315  	0.40178  	0.01259  	-0.0708  	0.00714  	0.03123  	0.03908  	-0.0930  	0.00962  	-0.0430  	-0.0301  	0.00928  	-0.0401  	-0.0410  	0.00948  	0.00229  	-0.0400  	0.02434  	-0.0028  	-0.0053  	0.06567  	-0.0188  	0.14880  	-0.0095  	0.03107  	0.00427  	-0.0398  	0.10221  	
-0.0842  	0.09734  	-0.1950  	-1.3480  	-0.7001  	-1.2076  	0.37308  	0.23554  	0.12419  	0.42059  	0.00468  	-0.3095  	0.48763  	0.34396  	0.16591  	0.30649  	-0.1315  	-0.2109  	0.09904  	-0.1622  	-0.0292  	0.49069  	-0.3237  	0.40423  	0.89142  	-0.4431  	0.49258  	-0.8096  	0.10447  	0.54366  	0.24549  	0.09048  	-0.2252  	0.01486  	0.34288  	-0.0063  	0.31833  	0.07157  	-0.5647  	0.35223  	0.26803  	0.05472  	-0.0951  	0.41835  	0.00127  	-0.0714  	-0.0051  	0.05042  	0.05711  	-0.0970  	0.00399  	-0.0393  	-0.0256  	0.01264  	-0.0378  	-0.0423  	0.00242  	-0.0004  	-0.0373  	0.02016  	0.00587  	-0.0038  	0.06603  	-0.0216  	0.14880  	-0.0095  	0.03107  	0.00427  	-0.0398  	0.10221  	
-0.2459  	0.05110  	-0.3852  	-1.3744  	-0.7156  	-1.3254  	0.35186  	0.22461  	0.08041  	0.39812  	0.02957  	-0.3570  	0.39781  	0.21693  	0.11719  	0.23806  	-0.0697  	-0.2330  	0.10421  	-0.1163  	-0.0267  	0.48271  	-0.3339  	0.47500  	1.00759  	-0.4292  	0.58314  	-0.8003  	0.06622  	0.53640  	0.20601  	0.11377  	-0.2657  	0.00146  	0.38203  	0.00997  	0.34170  	0.08178  	-0.5671  	0.37061  	0.20552  	0.06560  	-0.1298  	0.40073  	0.01708  	-0.0787  	0.00109  	0.02728  	0.04864  	-0.0875  	0.00480  	-0.0485  	-0.0349  	0.01804  	-0.0414  	-0.0473  	0.00842  	8.01653  	-0.0286  	0.03409  	-0.0007  	-0.0097  	0.07280  	-0.0201  	0.14880  	-0.0095  	0.03107  	0.00427  	-0.0398  	0.10221  	
-0.4063  	-0.0378  	-0.4750  	-1.3754  	-0.6908  	-1.3565  	0.33656  	0.25482  	0.06634  	0.27457  	0.23139  	-0.1429  	0.32368  	0.05145  	0.03145  	0.42103  	-0.0905  	-0.1947  	0.11420  	-0.0300  	0.08524  	0.39412  	-0.3306  	0.45914  	0.81843  	-0.3920  	0.43541  	-0.7167  	-0.0084  	0.46555  	0.19118  	0.11093  	-0.2195  	0.00382  	0.42159  	-0.0167  	0.34599  	0.10568  	-0.6118  	0.35631  	0.21604  	0.06335  	-0.1491  	0.40185  	0.02023  	-0.0721  	0.00737  	0.01183  	0.03772  	-0.0924  	0.00064  	-0.0482  	-0.0315  	0.01085  	-0.0412  	-0.0505  	0.01839  	-0.0003  	-0.0275  	0.01742  	-0.0010  	-0.0092  	0.06007  	-0.0166  	0.14880  	-0.0095  	0.03107  	0.00427  	-0.0398  	0.10221  	
-0.5845  	-0.0256  	-0.4097  	-1.7498  	-0.9156  	-1.4001  	0.28452  	0.16639  	0.08679  	0.32034  	0.53840  	-0.1173  	0.17732  	-0.2021  	-0.3248  	0.50527  	-0.1496  	-0.0733  	0.11773  	0.06929  	0.09084  	0.28355  	-0.3161  	0.38951  	0.64871  	-0.3682  	0.23309  	-0.6589  	-0.0545  	0.36700  	0.23450  	0.08635  	-0.1778  	0.00983  	0.34042  	-0.0042  	0.38223  	0.13694  	-0.6381  	0.33356  	0.34527  	0.02806  	-0.1161  	0.38773  	0.00885  	-0.0728  	0.02443  	-0.0037  	0.01159  	-0.0816  	0.00482  	-0.0447  	-0.0295  	0.02072  	-0.0417  	-0.0489  	0.01153  	0.00193  	-0.0311  	0.02002  	0.00066  	-0.0093  	0.07062  	-0.0170  	0.14880  	-0.0095  	0.03107  	0.00427  	-0.0398  	0.10221  	
-0.4965  	-0.0638  	-0.3854  	-1.6978  	-0.8726  	-1.4471  	0.28637  	0.09108  	0.05606  	0.40899  	0.53621  	-0.1325  	0.17175  	-0.3338  	-0.5064  	0.61839  	-0.1354  	-0.0502  	0.12267  	0.08794  	0.00519  	0.28119  	-0.4083  	0.42019  	0.75785  	-0.4026  	0.28769  	-0.6078  	-0.0439  	0.40604  	0.19851  	0.12942  	-0.2349  	-0.0075  	0.36035  	0.10106  	0.37644  	0.12386  	-0.6469  	0.31457  	0.30383  	0.04222  	-0.1350  	0.38719  	0.02134  	-0.0692  	0.02198  	-0.0054  	0.03160  	-0.0962  	0.01163  	-0.0435  	-0.0226  	0.01198  	-0.0399  	-0.0575  	0.02015  	0.00157  	-0.0291  	0.02001  	-0.0053  	-0.0223  	0.07958  	-0.0128  	0.14880  	-0.0095  	0.03107  	0.00427  	-0.0398  	0.10221  	
-0.6118  	-0.0577  	-0.3791  	-1.8479  	-0.9753  	-1.5067  	0.31241  	0.08131  	0.04173  	0.53004  	0.58093  	-0.1390  	0.14950  	-0.3125  	-0.6845  	0.62829  	-0.1974  	0.01806  	0.08017  	0.11994  	-0.1206  	0.28536  	-0.4693  	0.28677  	0.76195  	-0.3897  	0.16530  	-0.4850  	0.09059  	0.40349  	0.22421  	0.11944  	-0.2104  	0.00926  	0.29660  	0.16268  	0.27949  	0.09832  	-0.5915  	0.33747  	0.37604  	0.02761  	-0.1003  	0.38918  	0.01712  	-0.0727  	0.02150  	0.00400  	0.03858  	-0.0980  	0.00940  	-0.0517  	-0.0250  	0.01072  	-0.0359  	-0.0636  	0.02144  	0.00756  	-0.0364  	0.01714  	-0.0078  	-0.0105  	0.08323  	-0.0080  	0.14880  	-0.0095  	0.03107  	0.00427  	-0.0398  	0.10221  	
-0.7648  	-0.0983  	-0.4995  	-1.8751  	-0.9828  	-1.6352  	0.31436  	0.03648  	-0.0011  	0.49682  	0.50454  	-0.1803  	0.13587  	-0.2631  	-0.6274  	0.52408  	-0.1672  	-0.0269  	0.11243  	0.10296  	-0.1351  	0.33398  	-0.4198  	0.33059  	0.81927  	-0.4051  	0.16764  	-0.5105  	0.15267  	0.43147  	0.22184  	0.10432  	-0.2456  	-0.0215  	0.28001  	0.20042  	0.27412  	0.08704  	-0.5990  	0.32635  	0.36660  	0.02868  	-0.1365  	0.37267  	0.01041  	-0.0811  	0.02450  	0.01057  	0.01548  	-0.1122  	0.01353  	-0.0434  	-0.0263  	0.01358  	-0.0411  	-0.0641  	0.02207  	0.00467  	-0.0315  	0.02490  	-0.0029  	-0.0210  	0.08283  	-0.0107  	0.14880  	-0.0095  	0.03107  	0.00427  	-0.0398  	0.10221  	
-0.9596  	-0.1473  	-0.6981  	-1.8988  	-0.8844  	-1.7617  	0.31150  	0.01764  	-0.0085  	0.46706  	0.54681  	-0.1595  	0.14479  	-0.2206  	-0.5964  	0.47395  	-0.1342  	-0.0142  	0.11928  	0.11732  	-0.0936  	0.30964  	-0.3991  	0.38594  	0.80728  	-0.3810  	0.21572  	-0.5529  	0.07921  	0.42076  	0.21577  	0.08196  	-0.2256  	-0.0008  	0.30769  	0.15050  	0.29318  	0.07129  	-0.5928  	0.33197  	0.31118  	0.05778  	-0.1762  	0.34935  	0.03637  	-0.0671  	0.01160  	-4.5577  	0.01902  	-0.0970  	0.00578  	-0.0369  	-0.0315  	0.00819  	-0.0430  	-0.0531  	0.01567  	-0.0047  	-0.0227  	0.02700  	0.00431  	-0.0094  	0.06855  	-0.0119  	0.14880  	-0.0095  	0.03107  	0.00427  	-0.0398  	0.10221  	
-1.0509  	-0.1764  	-0.7056  	-1.9877  	-0.9702  	-1.7953  	0.28480  	0.11720  	0.03699  	0.44776  	0.72342  	-0.1209  	0.19264  	-0.1645  	-0.4658  	0.33294  	-0.1423  	-0.0311  	0.09169  	0.11650  	0.03880  	0.23217  	-0.3567  	0.40721  	0.67249  	-0.3520  	0.14897  	-0.5680  	-0.0047  	0.35462  	0.24044  	0.06299  	-0.1732  	0.01903  	0.32458  	-0.0020  	0.28931  	0.09892  	-0.6107  	0.31918  	0.29818  	0.05340  	-0.1824  	0.35630  	0.01911  	-0.0731  	0.03762  	-0.0192  	0.01676  	-0.0879  	-0.0040  	-0.0457  	-0.0226  	0.01935  	-0.0476  	-0.0577  	0.01054  	-0.0041  	-0.0288  	0.02479  	0.00649  	-0.0026  	0.06381  	-0.0163  	0.14880  	-0.0095  	0.03107  	0.00427  	-0.0398  	0.10221  	
-1.0360  	-0.1513  	-0.6819  	-2.0034  	-0.9978  	-1.7529  	0.28739  	0.09947  	0.03229  	0.52201  	0.62134  	-0.1692  	0.20241  	-0.2536  	-0.5507  	0.35312  	-0.1383  	0.00447  	0.09710  	0.13607  	-0.0711  	0.25871  	-0.3641  	0.33135  	0.67929  	-0.3590  	0.12186  	-0.5054  	0.05594  	0.35308  	0.27090  	0.05916  	-0.1679  	0.01057  	0.22716  	0.05859  	0.24688  	0.07904  	-0.5651  	0.32286  	0.34240  	0.03213  	-0.1438  	0.38168  	0.02137  	-0.0723  	0.03263  	0.00307  	0.01357  	-0.0808  	-0.0073  	-0.0416  	-0.0328  	0.02094  	-0.0373  	-0.0708  	0.02239  	0.00624  	-0.0309  	0.02299  	0.00314  	-0.0148  	0.07387  	-0.0113  	0.14880  	-0.0095  	0.03107  	0.00427  	-0.0398  	0.10221  	
-0.9429  	-0.1313  	-0.5124  	-2.0900  	-1.0728  	-1.6409  	0.27891  	0.09841  	0.07270  	0.48194  	0.50862  	-0.1918  	0.20211  	-0.3141  	-0.6167  	0.40533  	-0.1232  	0.01053  	0.12317  	0.07809  	-0.1419  	0.26228  	-0.2620  	0.27613  	0.68742  	-0.3461  	0.11489  	-0.5086  	0.11621  	0.35240  	0.28858  	0.06451  	-0.2091  	0.01107  	0.13359  	0.06633  	0.23975  	0.09652  	-0.5622  	0.29432  	0.40157  	0.02149  	-0.0971  	0.40181  	0.00669  	-0.0764  	0.02307  	0.01768  	0.02666  	-0.0904  	-0.0077  	-0.0458  	-0.0392  	0.01394  	-0.0379  	-0.0618  	0.01156  	0.00445  	-0.0293  	0.01005  	0.01022  	-0.0144  	0.07728  	-0.0084  	0.14880  	-0.0095  	0.03107  	0.00427  	-0.0398  	0.10221  	
-0.7003  	-0.0606  	-0.4765  	-1.8934  	-0.9821  	-1.5363  	0.22828  	0.12376  	0.04230  	0.42122  	0.57461  	-0.1102  	0.12312  	-0.4131  	-0.6451  	0.52753  	-0.1194  	-0.0353  	0.12239  	0.10152  	0.01056  	0.24581  	-0.2927  	0.34637  	0.66411  	-0.3581  	0.20994  	-0.5613  	0.03675  	0.38780  	0.23564  	0.09002  	-0.2163  	-0.0083  	0.25238  	0.07279  	0.33036  	0.10417  	-0.6146  	0.32207  	0.35177  	0.03245  	-0.1082  	0.39483  	0.02015  	-0.0712  	0.02153  	-0.0070  	0.02595  	-0.0941  	-0.0093  	-0.0486  	-0.0299  	0.01426  	-0.0419  	-0.0595  	0.01762  	0.00931  	-0.0320  	0.00687  	-0.0048  	-0.0139  	0.07706  	-0.0130  	0.14880  	-0.0095  	0.03107  	0.00427  	-0.0398  	0.10221  	
-0.6634  	-0.0562  	-0.4006  	-1.8498  	-0.9844  	-1.4866  	0.26467  	0.10545  	0.06112  	0.49747  	0.63163  	-0.1055  	0.11270  	-0.3763  	-0.6931  	0.63312  	-0.1451  	-0.0039  	0.13375  	0.05792  	-0.0276  	0.25922  	-0.3798  	0.32971  	0.71738  	-0.3856  	0.20565  	-0.5501  	0.05066  	0.38606  	0.22474  	0.11072  	-0.2232  	-0.0105  	0.28623  	0.11350  	0.33467  	0.11780  	-0.6082  	0.31112  	0.36118  	0.03230  	-0.1006  	0.40386  	0.02130  	-0.0689  	0.01950  	0.00171  	0.03508  	-0.0986  	0.00369  	-0.0502  	-0.0245  	0.01457  	-0.0321  	-0.0597  	0.01718  	0.00199  	-0.0333  	0.01859  	-0.0042  	-0.0157  	0.07775  	-0.0060  	0.14880  	-0.0095  	0.03107  	0.00427  	-0.0398  	0.10221  	
-0.7109  	-0.1087  	-0.4778  	-1.8664  	-1.0215  	-1.4967  	0.24092  	0.05773  	0.03894  	0.38301  	0.63030  	-0.1839  	0.09767  	-0.3755  	-0.5639  	0.51105  	-0.0898  	-0.0804  	0.12793  	0.01932  	0.07618  	0.29565  	-0.3239  	0.38304  	0.74244  	-0.4023  	0.26183  	-0.6273  	-0.0259  	0.40355  	0.21678  	0.13209  	-0.2577  	-0.0124  	0.33719  	0.10882  	0.41527  	0.12959  	-0.6614  	0.27878  	0.32654  	0.02579  	-0.1295  	0.38731  	0.01697  	-0.0766  	0.02797  	-0.0224  	0.02736  	-0.0935  	0.00918  	-0.0503  	-0.0281  	0.01972  	-0.0358  	-0.0532  	0.02262  	0.01217  	-0.0318  	0.02005  	-0.0001  	-0.0201  	0.08579  	-0.0081  	0.14880  	-0.0095  	0.03107  	0.00427  	-0.0398  	0.10221  	
-0.6919  	-0.0958  	-0.5117  	-1.8886  	-1.0289  	-1.4884  	0.25739  	0.08291  	0.04010  	0.33760  	0.65104  	-0.1883  	0.08187  	-0.3398  	-0.5146  	0.47264  	-0.1155  	-0.0919  	0.12755  	0.01011  	0.07487  	0.27435  	-0.2957  	0.37737  	0.68868  	-0.3839  	0.23544  	-0.6527  	-0.0408  	0.37083  	0.21840  	0.12737  	-0.2372  	-0.0101  	0.37272  	0.07979  	0.42398  	0.13598  	-0.6689  	0.273  	0.35003  	0.02904  	-0.1311  	0.38715  	0.01648  	-0.0756  	0.03031  	-0.0200  	0.02146  	-0.0868  	0.00029  	-0.0458  	-0.0315  	0.01734  	-0.0344  	-0.0532  	0.01404  	0.00971  	-0.0310  	0.01692  	0.00085  	-0.0147  	0.07277  	-0.0147  	0.14880  	-0.0095  	0.03107  	0.00427  	-0.0398  	0.10221  	
-0.6689  	-0.1079  	-0.4400  	-1.9060  	-1.0158  	-1.4965  	0.28467  	0.11608  	0.07197  	0.41494  	0.64330  	-0.1364  	0.12325  	-0.3465  	-0.5555  	0.54187  	-0.1474  	-0.0538  	0.14480  	0.07315  	-0.0105  	0.23762  	-0.3490  	0.35998  	0.67255  	-0.3743  	0.20399  	-0.5671  	-0.0395  	0.35672  	0.23107  	0.13182  	-0.2073  	-0.0047  	0.35358  	0.09496  	0.40405  	0.11813  	-0.6586  	0.29466  	0.35407  	0.05097  	-0.1378  	0.38129  	0.02779  	-0.0722  	0.02029  	-0.0182  	0.02348  	-0.0862  	-0.0015  	-0.0439  	-0.0246  	0.01558  	-0.0365  	-0.0561  	0.01669  	0.00363  	-0.0316  	0.01858  	0.00256  	-0.0167  	0.07196  	-0.0041  	0.14880  	-0.0095  	0.03107  	0.00427  	-0.0398  	0.10221  	
-0.4847  	-0.0741  	-0.3067  	-1.7019  	-0.8273  	-1.4030  	0.24425  	0.16539  	0.05063  	0.40446  	0.60994  	-0.1135  	0.14767  	-0.2207  	-0.4187  	0.65141  	-0.1754  	-0.0997  	0.16697  	0.08211  	0.08395  	0.31068  	-0.4371  	0.49538  	0.69625  	-0.3861  	0.29785  	-0.7097  	-0.1294  	0.32627  	0.19619  	0.14752  	-0.2147  	-0.0195  	0.48787  	0.08602  	0.45191  	0.13472  	-0.7080  	0.32674  	0.28899  	0.04895  	-0.1527  	0.37833  	0.02462  	-0.0624  	0.02743  	0.00232  	0.02885  	-0.0878  	0.01868  	-0.0498  	-0.0177  	0.00839  	-0.0528  	-0.0560  	0.01940  	0.00462  	-0.0390  	0.02660  	-0.0035  	-0.0321  	0.06242  	-0.0129  	0.14880  	-0.0095  	0.03107  	0.00427  	-0.0398  	0.10221  	
-0.1652  	0.05998  	-0.1403  	-1.5205  	-0.7960  	-1.2372  	0.33115  	0.30213  	0.15218  	0.37808  	0.32733  	-0.1254  	0.32753  	0.07514  	-0.0418  	0.47740  	-0.1569  	-0.1473  	0.11957  	0.00676  	0.17159  	0.32535  	-0.3337  	0.43403  	0.70518  	-0.3959  	0.33678  	-0.7948  	-0.1019  	0.38313  	0.23739  	0.14141  	-0.1715  	-0.0109  	0.48066  	-0.0317  	0.44967  	0.11318  	-0.6486  	0.33790  	0.26611  	0.05241  	-0.1098  	0.39491  	0.00390  	-0.0726  	0.00734  	0.02441  	0.04264  	-0.0794  	0.01606  	-0.0481  	-0.0216  	0.00890  	-0.0437  	-0.0318  	0.01435  	-0.0081  	-0.0372  	0.03475  	0.00521  	-0.0101  	0.06461  	-0.0096  	0.14880  	-0.0095  	0.03107  	0.00427  	-0.0398  	0.10221  	
-0.2664  	0.03493  	-0.3248  	-1.6162  	-0.8621  	-1.3597  	0.39515  	0.26326  	0.10813  	0.39518  	0.23349  	-0.3451  	0.42626  	0.36210  	0.00190  	0.32555  	-0.1241  	-0.1610  	0.11019  	-0.0931  	0.08620  	0.36287  	-0.4053  	0.47880  	0.86924  	-0.4355  	0.47566  	-0.8434  	-0.0491  	0.46475  	0.25775  	0.09426  	-0.2096  	0.00183  	0.47215  	-0.0042  	0.34147  	0.07960  	-0.6495  	0.34430  	0.25798  	0.05267  	-0.1385  	0.39316  	0.00846  	-0.0757  	0.00680  	0.01955  	0.04348  	-0.0863  	0.00213  	-0.0435  	-0.0335  	0.01945  	-0.0438  	-0.0483  	0.00881  	0.00399  	-0.0394  	0.01458  	0.00846  	0.00495  	0.07045  	-0.0180  	0.14880  	-0.0095  	0.03107  	0.00427  	-0.0398  	0.10221  	
-0.9114  	-0.1235  	-0.7097  	-1.6197  	-0.8055  	-1.7050  	0.26748  	0.16458  	0.05971  	0.41833  	0.61545  	0.03087  	0.25417  	0.00073  	-0.2573  	0.37700  	-0.1801  	-0.0599  	0.09664  	0.14175  	0.11062  	0.30174  	-0.4250  	0.49607  	0.63574  	-0.3531  	0.15913  	-0.5913  	-0.0361  	0.35404  	0.27675  	0.09587  	-0.1399  	-0.0082  	0.39638  	2.63251  	0.31701  	0.06336  	-0.6344  	0.33900  	0.28268  	0.06001  	-0.1867  	0.36954  	0.02497  	-0.0775  	0.04492  	-0.0172  	0.02304  	-0.0808  	-0.0103  	-0.0593  	-0.0247  	0.02391  	-0.0502  	-0.0640  	0.02190  	-0.0009  	-0.0131  	0.03062  	0.00232  	-0.0112  	0.05190  	-0.0136  	0.14880  	-0.0095  	0.03107  	0.00427  	-0.0398  	0.10221  	
-1.0517  	-0.1724  	-0.6643  	-1.7977  	-0.8356  	-1.7598  	0.33379  	0.14555  	0.07173  	0.42664  	0.68886  	0.02883  	0.18459  	-0.1628  	-0.4019  	0.39310  	-0.1773  	-0.0055  	0.10633  	0.18724  	0.02886  	0.26106  	-0.3664  	0.40249  	0.61135  	-0.3574  	0.11874  	-0.5339  	0.03955  	0.33213  	0.25841  	0.05369  	-0.1568  	0.01199  	0.29760  	0.03081  	0.27691  	0.09645  	-0.6068  	0.31132  	0.31248  	0.05617  	-0.1567  	0.35462  	0.02477  	-0.0706  	0.02594  	-0.0064  	0.00661  	-0.0906  	-0.0093  	-0.0434  	-0.0404  	0.01566  	-0.0462  	-0.0624  	0.02265  	0.00945  	-0.0303  	0.01856  	0.00138  	-0.0164  	0.06215  	-0.0168  	0.14880  	-0.0095  	0.03107  	0.00427  	-0.0398  	0.10221  	
-0.9770  	-0.1379  	-0.6041  	-2.1144  	-1.0653  	-1.7420  	0.28985  	0.13519  	0.04126  	0.51555  	0.66252  	-0.2084  	0.15091  	-0.3030  	-0.6211  	0.34252  	-0.1104  	-0.0136  	0.11748  	0.08799  	-0.0165  	0.25401  	-0.3383  	0.32347  	0.72454  	-0.3641  	0.14960  	-0.5694  	0.02191  	0.35485  	0.26776  	0.07980  	-0.2059  	-0.0049  	0.21510  	0.06590  	0.30308  	0.10456  	-0.5685  	0.30079  	0.34493  	0.01785  	-0.1227  	0.38234  	0.02577  	-0.0715  	0.01949  	-0.0152  	0.01339  	-0.0765  	-0.0032  	-0.0422  	-0.0318  	0.02117  	-0.0375  	-0.0681  	0.02539  	0.01240  	-0.0353  	0.02409  	0.00303  	-0.0110  	0.07763  	-0.0101  	0.14880  	-0.0095  	0.03107  	0.00427  	-0.0398  	0.10221  	
-0.9646  	-0.1327  	-0.5312  	-2.1666  	-1.1104  	-1.6422  	0.30833  	0.06802  	0.06717  	0.45804  	0.56612  	-0.2490  	0.14132  	-0.3955  	-0.6017  	0.38129  	-0.1117  	-0.0369  	0.14303  	0.08120  	-0.0590  	0.30379  	-0.2565  	0.29352  	0.72575  	-0.3374  	0.16891  	-0.5360  	0.06307  	0.37522  	0.28447  	0.07189  	-0.2214  	0.00810  	0.15632  	0.07897  	0.29313  	0.11228  	-0.5700  	0.31161  	0.40219  	0.01300  	-0.0943  	0.40626  	0.01918  	-0.0711  	0.01961  	-0.0033  	0.01548  	-0.0823  	-0.0118  	-0.0418  	-0.0285  	0.02159  	-0.0413  	-0.0684  	0.01702  	0.00758  	-0.0329  	0.02063  	0.00393  	-0.0117  	0.07693  	-0.0097  	0.14880  	-0.0095  	0.03107  	0.00427  	-0.0398  	0.10221  	
-0.8041  	-0.1042  	-0.5039  	-1.9286  	-0.9711  	-1.5664  	0.26453  	0.09901  	0.06079  	0.38966  	0.52655  	-0.1399  	0.14911  	-0.3288  	-0.4829  	0.46159  	-0.1097  	-0.0413  	0.12594  	0.06987  	-0.0116  	0.29069  	-0.3018  	0.35901  	0.69362  	-0.3613  	0.19081  	-0.5378  	0.04369  	0.38252  	0.26478  	0.09154  	-0.2199  	0.00867  	0.21908  	0.06194  	0.30841  	0.11416  	-0.6188  	0.30716  	0.37904  	0.02446  	-0.1186  	0.39245  	0.00726  	-0.0729  	0.03031  	-0.0048  	0.01768  	-0.0876  	-0.0097  	-0.0428  	-0.0265  	0.01987  	-0.0438  	-0.0684  	0.01982  	0.00411  	-0.0319  	0.01729  	0.00183  	-0.0140  	0.07119  	-0.0089  	0.14880  	-0.0095  	0.03107  	0.00427  	-0.0398  	0.10221  	
-0.4060  	0.02525  	-0.2763  	-1.5944  	-0.8259  	-1.3334  	0.27306  	0.28359  	0.12978  	0.32004  	0.39101  	-0.0674  	0.30968  	0.02885  	-0.1688  	0.58602  	-0.1210  	-0.1168  	0.12233  	0.04435  	0.15815  	0.30665  	-0.3402  	0.46937  	0.65474  	-0.3874  	0.28477  	-0.7280  	-0.1565  	0.36390  	0.26087  	0.11300  	-0.1633  	-0.0068  	0.40953  	-0.0550  	0.42967  	0.13206  	-0.6386  	0.30147  	0.29776  	0.03818  	-0.1047  	0.38628  	0.00761  	-0.0660  	0.02357  	0.00691  	0.03607  	-0.0891  	-0.0050  	-0.0462  	-0.0310  	0.01991  	-0.0435  	-0.0510  	0.00435  	-0.0004  	-0.0315  	0.01447  	-0.0006  	0.00182  	0.06530  	-0.0135  	0.14880  	-0.0095  	0.03107  	0.00427  	-0.0398  	0.10221  	
-0.1852  	0.08775  	-0.1805  	-1.6679  	-0.9160  	-1.2502  	0.30663  	0.34986  	0.13325  	0.27009  	0.50172  	-0.1081  	0.25756  	0.07292  	-0.1313  	0.60906  	-0.1276  	-0.1418  	0.14605  	-0.0340  	0.30082  	0.32398  	-0.2943  	0.47372  	0.69496  	-0.4011  	0.40452  	-0.8324  	-0.2106  	0.36991  	0.21734  	0.14598  	-0.1866  	-0.0146  	0.45653  	-0.0559  	0.51943  	0.17700  	-0.6611  	0.26440  	0.28919  	0.03229  	-0.1021  	0.40344  	0.00896  	-0.0712  	0.01104  	0.01712  	0.04223  	-0.0882  	-0.0038  	-0.0437  	-0.0246  	0.01880  	-0.0380  	-0.0417  	0.00685  	0.00429  	-0.0369  	0.02340  	-0.0002  	-0.0019  	0.07529  	-0.0161  	0.14880  	-0.0095  	0.03107  	0.00427  	-0.0398  	0.10221  	
-0.1509  	0.06762  	-0.0819  	-1.7055  	-0.9862  	-1.2522  	0.37154  	0.37143  	0.16346  	0.29761  	0.59266  	-0.0740  	0.22415  	0.03176  	-0.2260  	0.63112  	-0.1232  	-0.1802  	0.14185  	-0.0047  	0.35695  	0.34810  	-0.2719  	0.42803  	0.74008  	-0.4117  	0.37500  	-0.8508  	-0.1979  	0.34774  	0.21166  	0.13327  	-0.1722  	-0.0101  	0.42371  	-0.0791  	0.55628  	0.18557  	-0.6392  	0.23767  	0.29812  	0.03017  	-0.0821  	0.40957  	0.01938  	-0.0745  	0.00669  	0.03196  	0.05450  	-0.0891  	-0.0023  	-0.0448  	-0.0242  	0.02137  	-0.0425  	-0.0360  	0.00097  	0.00104  	-0.0391  	0.02280  	-0.0012  	-0.0111  	0.07778  	-0.0143  	0.14880  	-0.0095  	0.03107  	0.00427  	-0.0398  	0.10221  	
-0.2014  	0.03205  	-0.1358  	-1.6445  	-0.9383  	-1.3276  	0.36285  	0.30542  	0.17117  	0.33678  	0.49744  	-0.2088  	0.24998  	0.05680  	-0.1150  	0.56951  	-0.0823  	-0.2242  	0.12001  	0.01335  	0.27771  	0.36315  	-0.3500  	0.47134  	0.91131  	-0.4396  	0.47607  	-0.8945  	-0.1211  	0.43356  	0.18190  	0.13900  	-0.2022  	-0.0139  	0.45955  	-0.0241  	0.50026  	0.14894  	-0.6401  	0.30335  	0.25848  	0.06181  	-0.1146  	0.39711  	0.01024  	-0.0849  	0.00789  	0.04183  	0.05720  	-0.0979  	0.01137  	-0.0480  	-0.0245  	0.02894  	-0.0438  	-0.0404  	0.00922  	-0.0015  	-0.0354  	0.02606  	-0.0008  	-0.0170  	0.07473  	-0.0167  	0.14880  	-0.0095  	0.03107  	0.00427  	-0.0398  	0.10221  	
-0.1583  	-0.0139  	-0.2827  	-1.3396  	-0.8106  	-1.3091  	0.33189  	0.33972  	0.07094  	0.24039  	0.23855  	-0.2058  	0.38770  	0.06965  	0.14541  	0.36125  	0.00200  	-0.3753  	0.20919  	-0.3707  	0.21841  	0.20960  	-0.5135  	0.42442  	0.77463  	-0.3078  	0.46324  	-0.9514  	0.03416  	0.41097  	0.31625  	0.08032  	-0.3121  	-0.1613  	0.35264  	-0.0725  	0.30078  	0.14500  	-0.7804  	0.23749  	0.30201  	0.19154  	-0.2253  	0.47712  	-0.0422  	-0.0615  	-0.0142  	0.04750  	0.04659  	-0.1092  	0.00628  	-0.0384  	-0.0319  	0.03868  	-0.0332  	-0.0467  	0.00474  	-0.0195  	-0.0319  	0.02573  	0.01084  	-0.0123  	0.05274  	-0.0211  	0.14880  	-0.0095  	0.03107  	0.00427  	-0.0398  	0.10221  	
-0.3465  	0.04686  	-0.2701  	-1.5627  	-0.8393  	-1.3917  	0.29788  	0.36763  	0.06391  	0.25588  	0.37883  	-0.1761  	0.37337  	-0.0126  	0.03270  	0.35403  	0.04145  	-0.3986  	0.25405  	-0.4856  	0.29397  	-0.0471  	-0.8164  	0.45490  	0.68539  	-0.2232  	0.35468  	-0.9686  	0.08779  	0.34101  	0.40521  	0.00929  	-0.3737  	-0.2894  	0.32140  	-0.0570  	0.24399  	0.14301  	-0.8395  	0.17928  	0.41390  	0.29235  	-0.3539  	0.54789  	-0.1037  	-0.0346  	-0.0376  	0.04318  	0.00602  	-0.1002  	0.01861  	-0.0302  	-0.0268  	0.05551  	-0.0278  	-0.0426  	0.00210  	-0.0273  	-0.0284  	0.03464  	0.01437  	-0.0027  	0.03563  	-0.0186  	0.14880  	-0.0095  	0.03107  	0.00427  	-0.0398  	0.10221  	
-0.6666  	-0.0131  	-0.3836  	-1.7895  	-0.9954  	-1.5231  	0.21897  	0.25817  	0.02762  	0.29038  	0.56157  	-0.1236  	0.25038  	-0.3429  	-0.3019  	0.35404  	0.07106  	-0.3591  	0.25751  	-0.4656  	0.17555  	-0.1347  	-0.8638  	0.39841  	0.56015  	-0.1669  	0.20064  	-0.8567  	0.19656  	0.32034  	0.46369  	-0.0033  	-0.4060  	-0.3234  	0.16740  	0.00589  	0.16962  	0.13118  	-0.8657  	0.16365  	0.52280  	0.28655  	-0.3598  	0.55340  	-0.1097  	-0.0271  	-0.0269  	0.03708  	-0.0131  	-0.1045  	0.00568  	-0.0353  	-0.0215  	0.05547  	-0.0283  	-0.0581  	0.00501  	-0.0277  	-0.0296  	0.04255  	0.00708  	-0.0185  	0.03553  	-0.0100  	0.14880  	-0.0095  	0.03107  	0.00427  	-0.0398  	0.10221  	
-0.7218  	-0.0769  	-0.4268  	-1.8015  	-0.9917  	-1.5495  	0.21992  	0.19607  	0.00946  	0.31140  	0.57671  	-0.1641  	0.24568  	-0.4103  	-0.3682  	0.40965  	0.02769  	-0.3619  	0.24636  	-0.4167  	0.11047  	-0.1167  	-0.7963  	0.35980  	0.59467  	-0.1923  	0.17942  	-0.7257  	0.22008  	0.35128  	0.44159  	0.01910  	-0.4096  	-0.2932  	0.16316  	0.04954  	0.17357  	0.11348  	-0.8498  	0.14242  	0.50965  	0.26706  	-0.3305  	0.53108  	-0.0930  	-0.0327  	-0.0221  	0.02801  	-0.0072  	-0.1078  	0.00915  	-0.0382  	-0.0251  	0.04394  	-0.0293  	-0.0584  	0.01116  	-0.0148  	-0.0239  	0.03137  	0.00183  	-0.0193  	0.04668  	-0.0097  	0.14880  	-0.0095  	0.03107  	0.00427  	-0.0398  	0.10221  	
-0.8298  	-0.1148  	-0.4767  	-1.8424  	-0.9962  	-1.6308  	0.23863  	0.09830  	0.01971  	0.41067  	0.54891  	-0.1374  	0.19584  	-0.4166  	-0.4960  	0.47614  	-0.0197  	-0.1926  	0.19188  	-0.1623  	-0.0334  	0.03292  	-0.6082  	0.30223  	0.62446  	-0.2504  	0.08090  	-0.5920  	0.15815  	0.35212  	0.37205  	0.04522  	-0.3283  	-0.1593  	0.18172  	0.07753  	0.16052  	0.10032  	-0.7235  	0.21465  	0.47505  	0.15839  	-0.2242  	0.48047  	-0.0466  	-0.0485  	0.00244  	0.02386  	0.00526  	-0.0954  	0.01023  	-0.0374  	-0.0256  	0.02853  	-0.0282  	-0.0591  	0.01285  	-0.0046  	-0.0283  	0.02743  	0.00298  	-0.0098  	0.05627  	-0.0094  	0.14880  	-0.0095  	0.03107  	0.00427  	-0.0398  	0.10221  	
-0.8580  	-0.1651  	-0.5254  	-1.9133  	-0.9905  	-1.6547  	0.28216  	0.05413  	0.02464  	0.46174  	0.53858  	-0.1586  	0.15740  	-0.3475  	-0.5813  	0.49597  	-0.1230  	-0.0159  	0.10320  	0.08881  	-0.1256  	0.25020  	-0.3602  	0.30407  	0.67082  	-0.3551  	0.07437  	-0.4668  	0.10023  	0.38576  	0.26037  	0.08849  	-0.2349  	0.01161  	0.23300  	0.10364  	0.23859  	0.10348  	-0.5982  	0.29572  	0.40098  	0.02215  	-0.0985  	0.39968  	0.01020  	-0.0760  	0.02334  	0.00503  	0.01787  	-0.0823  	0.00113  	-0.0429  	-0.0297  	0.00919  	-0.0364  	-0.0661  	0.02137  	0.01041  	-0.0330  	0.01117  	-0.0006  	-0.0084  	0.07837  	-0.0086  	0.14880  	-0.0095  	0.03107  	0.00427  	-0.0398  	0.10221  	
-0.8453  	-0.1468  	-0.5276  	-1.9332  	-1.0090  	-1.6194  	0.26173  	0.08204  	0.01701  	0.45222  	0.51774  	-0.1203  	0.16981  	-0.3157  	-0.5058  	0.45678  	-0.1166  	-0.0308  	0.11296  	0.06282  	-0.1174  	0.27179  	-0.2825  	0.32271  	0.66245  	-0.3644  	0.11202  	-0.5170  	0.11466  	0.36946  	0.26153  	0.07991  	-0.2170  	0.01687  	0.21591  	0.07106  	0.22905  	0.11609  	-0.6029  	0.31789  	0.42390  	0.01166  	-0.0997  	0.41582  	0.00172  	-0.0747  	0.01769  	0.00800  	0.02165  	-0.0962  	-0.0148  	-0.0439  	-0.0326  	0.00833  	-0.0389  	-0.0730  	0.02149  	0.00883  	-0.0358  	0.00761  	0.00388  	-0.0065  	0.07818  	-0.0100  	0.14880  	-0.0095  	0.03107  	0.00427  	-0.0398  	0.10221  	
-0.5089  	-0.0240  	-0.3875  	-1.7085  	-0.9190  	-1.3903  	0.28264  	0.15730  	0.08891  	0.36439  	0.40034  	-0.0837  	0.20355  	-0.1794  	-0.4058  	0.55350  	-0.1389  	-0.0449  	0.14254  	0.04836  	0.00268  	0.30818  	-0.3422  	0.37566  	0.72454  	-0.3954  	0.25784  	-0.6109  	0.02434  	0.39889  	0.22633  	0.10820  	-0.1913  	0.01078  	0.31903  	0.05250  	0.33275  	0.12913  	-0.6137  	0.33326  	0.33901  	0.03211  	-0.0931  	0.40200  	0.00617  	-0.0781  	0.02056  	0.01025  	0.03239  	-0.1001  	-0.0032  	-0.0424  	-0.0295  	0.01550  	-0.0392  	-0.0528  	0.00896  	0.00028  	-0.0294  	0.02364  	0.00419  	-0.0132  	0.07038  	-0.0097  	0.14880  	-0.0095  	0.03107  	0.00427  	-0.0398  	0.10221  	
-0.5295  	-0.0452  	-0.3943  	-1.7618  	-0.9277  	-1.4454  	0.28005  	0.15293  	0.08138  	0.43002  	0.50971  	-0.0642  	0.16868  	-0.1899  	-0.4639  	0.54291  	-0.1378  	-0.0433  	0.12145  	0.07453  	-0.0157  	0.29996  	-0.3167  	0.38173  	0.67831  	-0.3806  	0.21145  	-0.6175  	0.02095  	0.37009  	0.22586  	0.11153  	-0.1858  	0.01125  	0.31809  	0.05743  	0.33885  	0.11583  	-0.6281  	0.32407  	0.34877  	0.01944  	-0.1104  	0.40645  	0.00890  	-0.0807  	0.02982  	0.00964  	0.03569  	-0.0992  	-0.0101  	-0.0467  	-0.0314  	0.01772  	-0.0432  	-0.0577  	0.01059  	-0.0037  	-0.0349  	0.01678  	0.00185  	-0.0201  	0.07505  	-0.0129  	0.14880  	-0.0095  	0.03107  	0.00427  	-0.0398  	0.10221  	
-0.5735  	-0.0466  	-0.3663  	-1.8295  	-0.9853  	-1.4313  	0.28713  	0.14094  	0.06639  	0.42888  	0.65228  	-0.1316  	0.10938  	-0.2284  	-0.5360  	0.56892  	-0.1650  	-0.0366  	0.13768  	0.04381  	0.05931  	0.27227  	-0.3200  	0.38461  	0.66908  	-0.3904  	0.24710  	-0.6476  	-0.0319  	0.37052  	0.22323  	0.12681  	-0.2103  	0.00273  	0.37330  	0.08311  	0.41387  	0.13225  	-0.6641  	0.28307  	0.33023  	0.03202  	-0.1200  	0.39408  	0.01482  	-0.0743  	0.02242  	-0.0023  	0.03054  	-0.0943  	0.00158  	-0.0486  	-0.0253  	0.02279  	-0.0392  	-0.0578  	0.01811  	0.00294  	-0.0308  	0.01672  	-0.0063  	-0.0132  	0.08224  	-0.0125  	0.14880  	-0.0095  	0.03107  	0.00427  	-0.0398  	0.10221  	
-0.6403  	-0.0784  	-0.4090  	-1.8899  	-1.0056  	-1.4558  	0.28120  	0.08251  	0.04227  	0.43610  	0.71604  	-0.1438  	0.08958  	-0.2896  	-0.6287  	0.58889  	-0.1677  	-0.0490  	0.11731  	0.05107  	0.03476  	0.27400  	-0.3460  	0.37772  	0.69795  	-0.3883  	0.22877  	-0.6139  	-0.0216  	0.36645  	0.22721  	0.12221  	-0.2186  	0.00499  	0.36089  	0.12032  	0.41030  	0.14174  	-0.6550  	0.28073  	0.34595  	0.03679  	-0.1180  	0.38337  	0.02172  	-0.0764  	0.02324  	-0.0096  	0.03342  	-0.0891  	0.00375  	-0.0481  	-0.0254  	0.01909  	-0.0331  	-0.0596  	0.01801  	0.00618  	-0.0325  	0.01938  	-0.0068  	-0.0125  	0.08231  	-0.0108  	0.14880  	-0.0095  	0.03107  	0.00427  	-0.0398  	0.10221  	
-0.5978  	-0.0565  	-0.3234  	-2.0068  	-1.0733  	-1.5225  	0.25929  	0.10725  	0.09049  	0.44904  	0.72684  	-0.1336  	0.12039  	-0.3374  	-0.7345  	0.63805  	-0.1820  	-0.0608  	0.13310  	0.08050  	0.00010  	0.24665  	-0.3743  	0.26986  	0.65802  	-0.3781  	0.15902  	-0.5706  	-0.0621  	0.33556  	0.24774  	0.13160  	-0.1824  	-0.0144  	0.32451  	0.10573  	0.40935  	0.13137  	-0.6155  	0.29542  	0.39320  	0.01968  	-0.0832  	0.37008  	0.01575  	-0.0688  	0.02198  	0.00940  	0.04799  	-0.0710  	0.00778  	-0.0507  	-0.0260  	0.01349  	-0.0332  	-0.0555  	0.00991  	0.00608  	-0.0428  	0.02044  	-0.0072  	-0.0123  	0.07961  	-0.0061  	0.14880  	-0.0095  	0.03107  	0.00427  	-0.0398  	0.10221  	
-0.5884  	-0.0702  	-0.4530  	-1.8022  	-0.9395  	-1.5237  	0.34230  	0.09177  	0.05411  	0.51962  	0.56165  	-0.1207  	0.16699  	-0.1770  	-0.4925  	0.53226  	-0.1854  	-0.0881  	0.12470  	0.01814  	-0.0747  	0.32269  	-0.3812  	0.31522  	0.79681  	-0.4203  	0.22105  	-0.5929  	0.03350  	0.40467  	0.25694  	0.12550  	-0.2306  	-0.0305  	0.34280  	0.14327  	0.36185  	0.10000  	-0.6083  	0.32225  	0.35524  	0.03090  	-0.1099  	0.37543  	0.02942  	-0.0708  	0.02723  	0.00638  	0.03586  	-0.0673  	0.01573  	-0.0561  	-0.0244  	0.01522  	-0.0235  	-0.0598  	0.01695  	0.00512  	-0.0265  	0.02676  	-0.0117  	-0.0052  	0.08898  	-0.0090  	0.14880  	-0.0095  	0.03107  	0.00427  	-0.0398  	0.10221  	
-0.8095  	-0.1893  	-0.6482  	-1.8248  	-0.8349  	-1.7297  	0.36740  	0.06843  	0.06659  	0.51619  	0.56586  	-0.0960  	0.26975  	-0.0520  	-0.5072  	0.46825  	-0.1200  	-0.0232  	0.19412  	0.01382  	-0.1232  	0.23063  	-0.4200  	0.43587  	0.86965  	-0.3806  	0.23301  	-0.6110  	-0.0792  	0.37843  	0.26744  	0.08599  	-0.1694  	-0.0401  	0.35107  	0.06922  	0.35280  	0.06738  	-0.5873  	0.35399  	0.29868  	0.07982  	-0.1069  	0.34865  	0.03681  	-0.0868  	0.02367  	-0.0103  	0.02338  	-0.0571  	-0.0215  	-0.0591  	-0.0428  	0.02160  	-0.0310  	-0.0550  	0.01940  	-0.0140  	-0.0200  	0.03525  	-0.0094  	0.00885  	0.06767  	-0.0118  	0.14880  	-0.0095  	0.03107  	0.00427  	-0.0398  	0.10221  	
-1.1402  	-0.1969  	-0.7722  	-2.1413  	-0.9380  	-1.8779  	0.30100  	0.03051  	0.05292  	0.50409  	0.75455  	-0.1434  	0.21833  	-0.1625  	-0.6556  	0.30024  	-0.1771  	-0.0597  	0.07548  	0.05970  	0.02541  	0.20402  	-0.3003  	0.44102  	0.59570  	-0.3214  	0.12829  	-0.5787  	0.01940  	0.36934  	0.27450  	0.05378  	-0.1449  	0.01900  	0.35018  	0.01174  	0.28756  	0.05898  	-0.6062  	0.32416  	0.30648  	0.07050  	-0.2126  	0.37633  	0.04280  	-0.0942  	0.04225  	-0.0239  	0.02458  	-0.0831  	-0.0110  	-0.0491  	-0.0281  	0.02210  	-0.0486  	-0.0571  	0.01536  	0.01085  	-0.0266  	0.01577  	0.01276  	0.00084  	0.06204  	-0.0230  	0.14880  	-0.0095  	0.03107  	0.00427  	-0.0398  	0.10221  	
-1.1534  	-0.1937  	-0.6908  	-2.1938  	-0.9879  	-1.8544  	0.28161  	0.10910  	0.05116  	0.52113  	0.83225  	-0.1336  	0.13802  	-0.2722  	-0.6843  	0.35214  	-0.1716  	-0.0528  	0.11092  	0.09956  	0.04067  	0.23840  	-0.3196  	0.38462  	0.57545  	-0.3349  	0.16259  	-0.5598  	0.00111  	0.33070  	0.28165  	0.07636  	-0.1726  	0.01423  	0.29069  	0.00279  	0.30649  	0.09195  	-0.6074  	0.29010  	0.31990  	0.04355  	-0.1584  	0.36692  	0.02626  	-0.0778  	0.02131  	-0.0107  	0.01184  	-0.0793  	-0.0077  	-0.0441  	-0.0280  	0.01921  	-0.0431  	-0.0601  	0.01035  	0.00177  	-0.0270  	0.02494  	0.00451  	-0.0019  	0.06998  	-0.0197  	0.14880  	-0.0095  	0.03107  	0.00427  	-0.0398  	0.10221  	
-0.9971  	-0.1595  	-0.5870  	-2.2321  	-1.1030  	-1.7623  	0.29101  	0.09532  	0.07378  	0.49391  	0.68562  	-0.2330  	0.15896  	-0.3041  	-0.7061  	0.33680  	-0.1294  	-0.0155  	0.13515  	0.08601  	-0.0193  	0.25298  	-0.2554  	0.34094  	0.65894  	-0.3458  	0.16866  	-0.5628  	0.04345  	0.32543  	0.28914  	0.07460  	-0.1961  	0.00597  	0.18898  	0.01730  	0.29663  	0.10133  	-0.5846  	0.27942  	0.37247  	0.03245  	-0.1238  	0.39261  	0.01633  	-0.0815  	0.01734  	0.01598  	0.02240  	-0.0909  	-0.0120  	-0.0428  	-0.0329  	0.02101  	-0.0472  	-0.0650  	0.01550  	-0.0020  	-0.0311  	0.01360  	0.00803  	-0.0089  	0.07756  	-0.0109  	0.14880  	-0.0095  	0.03107  	0.00427  	-0.0398  	0.10221  	
-0.7366  	-0.0932  	-0.4630  	-1.9801  	-1.0488  	-1.6083  	0.24329  	0.13196  	0.04541  	0.40471  	0.63832  	-0.1298  	0.12453  	-0.3576  	-0.6669  	0.48211  	-0.1035  	-0.0523  	0.15142  	0.07497  	0.07006  	0.24851  	-0.2596  	0.38220  	0.64675  	-0.3594  	0.22227  	-0.6188  	-0.0317  	0.35073  	0.25492  	0.10173  	-0.2219  	-0.0105  	0.24270  	0.05110  	0.36852  	0.13372  	-0.6367  	0.27571  	0.38395  	0.02363  	-0.1041  	0.39720  	0.01333  	-0.0795  	0.03060  	0.00085  	0.02222  	-0.0858  	-0.0058  	-0.0439  	-0.0349  	0.02043  	-0.0422  	-0.0694  	0.02155  	0.00809  	-0.0296  	0.00702  	-0.0013  	-0.0054  	0.07760  	-0.0156  	0.14880  	-0.0095  	0.03107  	0.00427  	-0.0398  	0.10221  	
-0.6470  	-0.0600  	-0.4336  	-1.8860  	-0.9792  	-1.5040  	0.24848  	0.14621  	0.06441  	0.47102  	0.59112  	-0.0926  	0.13501  	-0.3319  	-0.6362  	0.57461  	-0.1425  	-0.0387  	0.11126  	0.07084  	0.01725  	0.25437  	-0.3061  	0.34550  	0.65553  	-0.3714  	0.18760  	-0.5739  	0.04808  	0.37309  	0.23520  	0.10143  	-0.2135  	-0.0128  	0.26868  	0.08694  	0.34387  	0.11295  	-0.6178  	0.32451  	0.36321  	0.02039  	-0.1013  	0.40695  	0.01563  	-0.0724  	0.02926  	-0.0009  	0.03082  	-0.1015  	-0.0052  	-0.0509  	-0.0284  	0.01140  	-0.0391  	-0.0629  	0.01862  	0.00380  	-0.0320  	0.01502  	-0.0037  	-0.0150  	0.07797  	-0.0056  	0.14880  	-0.0095  	0.03107  	0.00427  	-0.0398  	0.10221  	
-0.6453  	-0.0792  	-0.3906  	-1.8619  	-0.9825  	-1.4979  	0.24609  	0.10890  	0.06162  	0.44856  	0.65402  	-0.1381  	0.09828  	-0.3578  	-0.5773  	0.61728  	-0.1616  	-0.0535  	0.15187  	0.05578  	0.07229  	0.27548  	-0.3372  	0.37918  	0.73764  	-0.4063  	0.24493  	-0.6254  	-0.0381  	0.37166  	0.20561  	0.12943  	-0.2361  	-0.0149  	0.36797  	0.11221  	0.42182  	0.13778  	-0.6662  	0.28513  	0.33008  	0.02983  	-0.1221  	0.39131  	0.01720  	-0.0703  	0.02170  	-0.0109  	0.02518  	-0.0984  	0.00905  	-0.0503  	-0.0264  	0.01543  	-0.0347  	-0.0554  	0.02229  	0.00971  	-0.0295  	0.01865  	-0.0028  	-0.0225  	0.08319  	-0.0080  	0.14880  	-0.0095  	0.03107  	0.00427  	-0.0398  	0.10221  	
-0.6675  	-0.0765  	-0.3919  	-1.9115  	-1.0303  	-1.4615  	0.30314  	0.08854  	0.05667  	0.42116  	0.67588  	-0.1739  	0.09900  	-0.3319  	-0.6686  	0.62726  	-0.1494  	-0.0411  	0.12435  	0.06471  	0.00635  	0.28023  	-0.3728  	0.34737  	0.70528  	-0.3950  	0.22118  	-0.5707  	-0.0058  	0.36541  	0.20704  	0.12419  	-0.2148  	-0.0041  	0.33154  	0.12741  	0.38757  	0.12572  	-0.6285  	0.29268  	0.33772  	0.04419  	-0.1137  	0.37530  	0.02322  	-0.0739  	0.02504  	-0.0098  	0.03906  	-0.0898  	0.00689  	-0.0489  	-0.0288  	0.01857  	-0.0298  	-0.0591  	0.01871  	0.00680  	-0.0386  	0.01973  	-0.0059  	-0.0119  	0.08444  	-0.0060  	0.14880  	-0.0095  	0.03107  	0.00427  	-0.0398  	0.10221  	
-0.7436  	-0.1054  	-0.4424  	-1.9580  	-1.0547  	-1.5239  	0.27443  	0.09917  	0.04179  	0.44307  	0.63779  	-0.1346  	0.09839  	-0.3212  	-0.6590  	0.54961  	-0.1417  	-0.0304  	0.13960  	0.08334  	-0.0143  	0.25870  	-0.3498  	0.35210  	0.72595  	-0.3837  	0.20913  	-0.5542  	-0.0033  	0.36366  	0.21740  	0.11589  	-0.2370  	-0.0189  	0.29993  	0.12370  	0.37189  	0.12128  	-0.6387  	0.30583  	0.34461  	0.03895  	-0.1222  	0.38616  	0.01557  	-0.0782  	0.02889  	-0.0127  	0.03499  	-0.0833  	0.00477  	-0.0492  	-0.0274  	0.02234  	-0.0326  	-0.0632  	0.02017  	0.00752  	-0.0319  	0.02592  	-0.0080  	-0.0100  	0.07465  	-0.0104  	0.14880  	-0.0095  	0.03107  	0.00427  	-0.0398  	0.10221  	
-0.8701  	-0.0995  	-0.5021  	-1.9237  	-1.0632  	-1.5950  	0.24822  	0.06284  	0.03437  	0.42801  	0.61785  	-0.1388  	0.08716  	-0.2909  	-0.5863  	0.46430  	-0.1057  	-0.0678  	0.13382  	0.04369  	0.03623  	0.26896  	-0.3201  	0.39181  	0.73147  	-0.3733  	0.25458  	-0.6082  	0.00918  	0.38909  	0.21015  	0.12211  	-0.2446  	-0.0226  	0.30894  	0.12122  	0.36837  	0.11392  	-0.6595  	0.28878  	0.34788  	0.03976  	-0.1358  	0.37132  	0.01113  	-0.0721  	0.02451  	-0.0209  	0.01776  	-0.0910  	0.00585  	-0.0475  	-0.0243  	0.01584  	-0.0299  	-0.0629  	0.02746  	0.00848  	-0.0237  	0.01574  	-0.0050  	-0.0117  	0.07804  	-0.0081  	0.14880  	-0.0095  	0.03107  	0.00427  	-0.0398  	0.10221  	
-0.8303  	-0.1197  	-0.5242  	-1.9219  	-0.9968  	-1.5712  	0.24579  	0.05630  	0.02448  	0.37652  	0.51078  	-0.1500  	0.12474  	-0.2918  	-0.4388  	0.44471  	-0.1109  	-0.0585  	0.10972  	0.01110  	-0.0321  	0.29842  	-0.2612  	0.35449  	0.73530  	-0.3573  	0.21106  	-0.5623  	0.02232  	0.38944  	0.24624  	0.10147  	-0.2431  	0.00400  	0.26184  	0.07242  	0.33677  	0.12269  	-0.6383  	0.28136  	0.36389  	0.04180  	-0.1261  	0.39299  	0.01182  	-0.0714  	0.01759  	-0.0165  	0.00844  	-0.0864  	-0.0101  	-0.0444  	-0.0245  	0.01655  	-0.0378  	-0.0650  	0.02570  	0.00447  	-0.0226  	0.01187  	-0.0015  	-0.0063  	0.07690  	-0.0078  	0.14880  	-0.0095  	0.03107  	0.00427  	-0.0398  	0.10221  	
-0.6221  	-0.0725  	-0.4662  	-1.6512  	-0.8795  	-1.4548  	0.30002  	0.14760  	0.10065  	0.31035  	0.37382  	-0.0925  	0.23099  	-0.1630  	-0.2857  	0.46813  	-0.1099  	-0.0779  	0.09788  	0.07782  	-0.0427  	0.33861  	-0.3104  	0.35143  	0.70018  	-0.3577  	0.16306  	-0.5861  	0.04330  	0.38739  	0.23270  	0.08539  	-0.1741  	0.01108  	0.30785  	0.02098  	0.31132  	0.11889  	-0.6188  	0.32823  	0.34512  	0.03412  	-0.1053  	0.39385  	0.01399  	-0.0767  	0.02632  	-0.0020  	0.02155  	-0.0847  	9.73196  	-0.0434  	-0.0306  	0.01568  	-0.0433  	-0.0505  	0.01991  	-0.0011  	-0.0273  	0.02362  	0.00752  	-0.0059  	0.06807  	-0.0107  	0.14880  	-0.0095  	0.03107  	0.00427  	-0.0398  	0.10221  	
-0.2115  	0.06465  	-0.2311  	-1.4614  	-0.7948  	-1.1983  	0.35180  	0.28291  	0.11516  	0.34833  	0.15600  	-0.2312  	0.36592  	0.22357  	0.02262  	0.36500  	-0.1348  	-0.1307  	0.12306  	-0.0617  	0.06209  	0.40891  	-0.3481  	0.39087  	0.82782  	-0.4220  	0.38153  	-0.7591  	0.02615  	0.48191  	0.20992  	0.09573  	-0.2076  	0.00577  	0.40539  	-0.0126  	0.36505  	0.11165  	-0.6078  	0.35347  	0.28262  	0.04499  	-0.1034  	0.41284  	-0.0065  	-0.0716  	0.00207  	0.03618  	0.04505  	-0.0987  	0.00505  	-0.0474  	-0.0269  	0.01424  	-0.0443  	-0.0350  	0.00477  	0.00029  	-0.0389  	0.02789  	-0.0004  	0.00161  	0.06566  	-0.0179  	0.14880  	-0.0095  	0.03107  	0.00427  	-0.0398  	0.10221  	
-0.4129  	-0.0022  	-0.3335  	-1.7042  	-0.8836  	-1.4088  	0.33551  	0.22449  	0.10890  	0.35821  	0.45853  	-0.2273  	0.31380  	-0.0142  	-0.3320  	0.50682  	-0.1706  	-0.0651  	0.09803  	0.05344  	0.08764  	0.30863  	-0.4051  	0.46426  	0.83345  	-0.4142  	0.31293  	-0.6821  	-0.0599  	0.39737  	0.22503  	0.10733  	-0.1852  	0.00985  	0.43170  	0.01248  	0.40353  	0.11834  	-0.6417  	0.32947  	0.31028  	0.04323  	-0.1283  	0.37267  	0.00643  	-0.0721  	0.01672  	-0.0011  	0.02797  	-0.1006  	-0.0002  	-0.0479  	-0.0306  	0.01672  	-0.0443  	-0.0551  	0.00430  	0.00467  	-0.0329  	0.02254  	-0.0022  	-0.0130  	0.06457  	-0.0137  	0.14880  	-0.0095  	0.03107  	0.00427  	-0.0398  	0.10221  	
-0.7583  	-0.0991  	-0.6168  	-1.7596  	-0.8063  	-1.6757  	0.29923  	0.17353  	0.07900  	0.37155  	0.55151  	-0.0455  	0.25985  	-0.0350  	-0.3855  	0.42312  	-0.1887  	-0.0307  	0.10046  	0.13095  	0.04397  	0.26912  	-0.4494  	0.42756  	0.64969  	-0.4010  	0.15035  	-0.5311  	0.04229  	0.37026  	0.22309  	0.08602  	-0.1682  	0.01039  	0.37875  	0.00255  	0.29046  	0.08344  	-0.6319  	0.31870  	0.28092  	0.05781  	-0.1540  	0.36448  	0.01508  	-0.0766  	0.03290  	-1.8352  	0.03564  	-0.0961  	0.00251  	-0.0526  	-0.0486  	0.01182  	-0.0480  	-0.0604  	0.02604  	0.00563  	-0.0274  	0.01891  	0.00030  	-0.0072  	0.06645  	-0.0115  	0.14880  	-0.0095  	0.03107  	0.00427  	-0.0398  	0.10221  	
-0.9472  	-0.1562  	-0.6577  	-1.8156  	-0.8646  	-1.7534  	0.28248  	0.12893  	0.04561  	0.46362  	0.63473  	-0.0748  	0.17558  	-0.1716  	-0.5291  	0.38465  	-0.1905  	-0.0370  	0.11655  	0.14390  	-0.0194  	0.25012  	-0.4277  	0.36887  	0.69400  	-0.3641  	0.16361  	-0.5631  	0.05640  	0.39450  	0.23499  	0.07360  	-0.2079  	0.01198  	0.33156  	0.06432  	0.27803  	0.09133  	-0.5988  	0.34455  	0.28731  	0.04668  	-0.1629  	0.37567  	0.03310  	-0.0740  	0.02423  	-0.0170  	0.01566  	-0.0879  	-0.0008  	-0.0478  	-0.0324  	0.01314  	-0.0424  	-0.0634  	0.01990  	0.00550  	-0.0301  	0.02944  	-0.0013  	-0.0159  	0.07112  	-0.0172  	0.14880  	-0.0095  	0.03107  	0.00427  	-0.0398  	0.10221  	
-0.9838  	-0.1122  	-0.5970  	-2.0443  	-1.0112  	-1.7232  	0.28920  	0.15045  	0.03896  	0.48051  	0.64040  	-0.1528  	0.17769  	-0.2149  	-0.5287  	0.35771  	-0.1364  	-0.0191  	0.10908  	0.11582  	0.00522  	0.26574  	-0.3491  	0.32783  	0.69145  	-0.3569  	0.15735  	-0.5457  	0.05041  	0.36024  	0.25741  	0.05827  	-0.1981  	0.00517  	0.25713  	0.03792  	0.29493  	0.09481  	-0.5742  	0.30487  	0.33238  	0.03049  	-0.1408  	0.38081  	0.02920  	-0.0771  	0.02135  	-0.0122  	0.01511  	-0.0846  	-0.0024  	-0.0445  	-0.0312  	0.01803  	-0.0404  	-0.0630  	0.02493  	0.00443  	-0.0322  	0.01930  	0.00144  	-0.0078  	0.07592  	-0.0096  	0.14880  	-0.0095  	0.03107  	0.00427  	-0.0398  	0.10221  	
-0.9015  	-0.1185  	-0.5125  	-2.0761  	-1.0455  	-1.5971  	0.27466  	0.09482  	0.05487  	0.41443  	0.56672  	-0.1739  	0.12820  	-0.3456  	-0.5594  	0.43826  	-0.0883  	-0.0430  	0.14479  	0.06020  	0.00104  	0.30481  	-0.2913  	0.35188  	0.71346  	-0.3461  	0.21801  	-0.5710  	0.03118  	0.37289  	0.26371  	0.08674  	-0.2215  	-0.0126  	0.20460  	0.05706  	0.31118  	0.10828  	-0.6019  	0.31437  	0.38760  	0.03600  	-0.1110  	0.38848  	0.01356  	-0.0730  	0.02747  	-0.0031  	0.01831  	-0.0903  	-0.0049  	-0.0417  	-0.0349  	0.01998  	-0.0385  	-0.0651  	0.01715  	0.00273  	-0.0292  	0.01919  	0.00049  	-0.0077  	0.06970  	-0.0075  	0.14880  	-0.0095  	0.03107  	0.00427  	-0.0398  	0.10221  	
-0.5706  	-0.0245  	-0.4278  	-1.6784  	-0.8274  	-1.3889  	0.27750  	0.26684  	0.10736  	0.29364  	0.50414  	-0.0382  	0.23403  	-0.1102  	-0.2568  	0.50439  	-0.1128  	-0.0891  	0.12646  	0.06238  	0.13081  	0.24508  	-0.3345  	0.48354  	0.58384  	-0.3654  	0.27949  	-0.6747  	-0.1515  	0.35476  	0.26420  	0.12409  	-0.1473  	-0.0148  	0.39232  	-0.0505  	0.39052  	0.11960  	-0.6321  	0.31311  	0.31829  	0.01619  	-0.1261  	0.39398  	0.01114  	-0.0686  	0.02432  	-0.0102  	0.01402  	-0.0862  	0.00033  	-0.0501  	-0.0313  	0.01487  	-0.0483  	-0.0555  	0.00987  	0.00140  	-0.0390  	0.01410  	0.00425  	0.00021  	0.06545  	-0.0158  	0.14880  	-0.0095  	0.03107  	0.00427  	-0.0398  	0.10221  	
-0.2432  	0.06814  	-0.1744  	-1.6149  	-0.8939  	-1.2294  	0.30881  	0.32983  	0.15629  	0.31652  	0.35574  	-0.0871  	0.30890  	0.06838  	-0.1016  	0.54903  	-0.1355  	-0.1312  	0.13081  	-0.0273  	0.23212  	0.32334  	-0.2820  	0.41705  	0.66666  	-0.3965  	0.32275  	-0.8125  	-0.1595  	0.36766  	0.22932  	0.14227  	-0.1697  	-0.0151  	0.42343  	-0.0597  	0.46321  	0.15607  	-0.6561  	0.26850  	0.30771  	0.03916  	-0.0998  	0.39213  	-0.0041  	-0.0686  	0.01606  	0.01815  	0.03853  	-0.0802  	-0.0053  	-0.0427  	-0.0271  	0.02003  	-0.0406  	-0.0398  	0.00557  	-0.0013  	-0.0357  	0.02310  	0.00857  	-0.0002  	0.07250  	-0.0119  	0.14880  	-0.0095  	0.03107  	0.00427  	-0.0398  	0.10221  	
-0.3862  	0.03449  	-0.1950  	-1.6664  	-0.9163  	-1.3126  	0.28816  	0.26609  	0.12181  	0.33404  	0.60168  	-0.0877  	0.19186  	-0.0758  	-0.3015  	0.57824  	-0.1384  	-0.1342  	0.13731  	0.00752  	0.27466  	0.31966  	-0.3054  	0.46908  	0.69186  	-0.4122  	0.31503  	-0.8156  	-0.2009  	0.37050  	0.22712  	0.13237  	-0.1697  	0.00081  	0.41504  	-0.0281  	0.51752  	0.17418  	-0.6817  	0.26849  	0.31551  	0.03388  	-0.1250  	0.39299  	0.00629  	-0.0690  	0.01596  	0.00939  	0.03774  	-0.0891  	0.00549  	-0.0380  	-0.0228  	0.02536  	-0.0510  	-0.0415  	0.00830  	0.00535  	-0.0253  	0.02343  	-0.0009  	-0.0068  	0.08463  	-0.0226  	0.14880  	-0.0095  	0.03107  	0.00427  	-0.0398  	0.10221  	
-0.6296  	-0.0877  	-0.4319  	-1.7748  	-0.9327  	-1.4434  	0.25893  	0.09936  	0.02178  	0.31675  	0.59405  	-0.1658  	0.09256  	-0.2926  	-0.4199  	0.54771  	-0.1220  	-0.0922  	0.12009  	0.01168  	0.12831  	0.30108  	-0.3443  	0.46388  	0.71843  	-0.3990  	0.37153  	-0.7292  	-0.0753  	0.39882  	0.20992  	0.14428  	-0.2339  	-0.0144  	0.40421  	0.07973  	0.45149  	0.15617  	-0.6944  	0.29030  	0.28854  	0.05276  	-0.1421  	0.39387  	0.01990  	-0.0710  	0.02596  	-0.0186  	0.01999  	-0.0932  	0.00774  	-0.0400  	-0.0258  	0.02207  	-0.0395  	-0.0574  	0.01555  	0.00903  	-0.0354  	0.01640  	-0.0060  	-0.0223  	0.08455  	-0.0157  	0.14880  	-0.0095  	0.03107  	0.00427  	-0.0398  	0.10221  	
-0.5572  	-0.1009  	-0.3863  	-1.6804  	-0.8365  	-1.4549  	0.29956  	0.07642  	0.01141  	0.47804  	0.51622  	-0.1415  	0.12469  	-0.3931  	-0.5909  	0.72182  	-0.1537  	-0.0558  	0.14968  	0.07935  	-0.0584  	0.26251  	-0.4645  	0.41301  	0.83668  	-0.4242  	0.32483  	-0.5721  	-0.0322  	0.42812  	0.17500  	0.15469  	-0.2661  	-0.0162  	0.34958  	0.16713  	0.36624  	0.12669  	-0.6243  	0.33663  	0.31084  	0.05235  	-0.1350  	0.39143  	0.02677  	-0.0683  	0.00598  	-0.0032  	0.03307  	-0.0959  	0.00352  	-0.0451  	-0.0213  	0.01732  	-0.0342  	-0.0538  	0.02537  	0.00629  	-0.0339  	0.02130  	-0.0052  	-0.0286  	0.07930  	-0.0124  	0.14880  	-0.0095  	0.03107  	0.00427  	-0.0398  	0.10221  	
-0.4700  	-0.0828  	-0.3185  	-1.6269  	-0.8186  	-1.4073  	0.29437  	0.13515  	0.02632  	0.42318  	0.55847  	-0.0595  	0.12996  	-0.3230  	-0.5368  	0.72766  	-0.1619  	-0.0462  	0.15154  	0.08356  	-0.0117  	0.28526  	-0.4780  	0.44163  	0.78669  	-0.4147  	0.33785  	-0.5913  	-0.0363  	0.40454  	0.18014  	0.17087  	-0.2387  	-0.0274  	0.36802  	0.15290  	0.37001  	0.13470  	-0.6463  	0.31315  	0.30238  	0.05290  	-0.1254  	0.38674  	0.02279  	-0.0790  	0.00749  	0.00253  	0.04293  	-0.0997  	0.00590  	-0.0484  	-0.0203  	0.01624  	-0.0347  	-0.0574  	0.02802  	0.00609  	-0.0282  	0.02005  	-0.0058  	-0.0236  	0.07862  	-0.0127  	0.14880  	-0.0095  	0.03107  	0.00427  	-0.0398  	0.10221  	
-0.3337  	-0.0266  	-0.2270  	-1.5472  	-0.7700  	-1.3513  	0.33028  	0.21554  	0.09041  	0.39951  	0.47826  	-0.0312  	0.22684  	-0.1472  	-0.4569  	0.71540  	-0.1941  	-0.0877  	0.14950  	0.09774  	0.01213  	0.31235  	-0.4679  	0.41817  	0.86235  	-0.4314  	0.34542  	-0.6090  	-0.0043  	0.43314  	0.16918  	0.13140  	-0.2300  	-0.0110  	0.40506  	0.11048  	0.37733  	0.13515  	-0.6216  	0.27806  	0.30385  	0.04645  	-0.1073  	0.39050  	0.01709  	-0.0819  	0.01801  	0.00738  	0.04852  	-0.1187  	0.00798  	-0.0531  	-0.0194  	0.01463  	-0.0479  	-0.0450  	0.01807  	0.00398  	-0.0261  	0.02277  	-0.0054  	-0.0120  	0.08774  	-0.0163  	0.14880  	-0.0095  	0.03107  	0.00427  	-0.0398  	0.10221  	
-0.4211  	-0.0116  	-0.3559  	-1.6331  	-0.8215  	-1.4140  	0.26800  	0.26173  	0.10173  	0.35320  	0.54921  	-0.0675  	0.25406  	-0.0685  	-0.4574  	0.61106  	-0.1713  	-0.0671  	0.09825  	0.09477  	0.10692  	0.29156  	-0.4427  	0.42523  	0.81587  	-0.4103  	0.30444  	-0.6356  	-0.0541  	0.44682  	0.20313  	0.09390  	-0.2078  	0.00318  	0.38850  	0.02108  	0.38390  	0.10771  	-0.5987  	0.26644  	0.29703  	0.04855  	-0.1151  	0.36532  	0.00517  	-0.0801  	0.01585  	-0.0107  	0.03659  	-0.1020  	-0.0074  	-0.0534  	-0.0174  	0.02243  	-0.0563  	-0.0526  	0.01633  	-0.0045  	-0.0339  	0.01641  	-0.0046  	-0.0140  	0.06766  	-0.0130  	0.14880  	-0.0095  	0.03107  	0.00427  	-0.0398  	0.10221  	
-0.9543  	-0.1474  	-0.6694  	-1.9572  	-0.8221  	-1.7593  	0.32160  	0.11965  	0.05864  	0.38322  	0.68198  	-0.1012  	0.18331  	-0.1780  	-0.4037  	0.33121  	-0.1655  	-0.0493  	0.10379  	0.11618  	0.05699  	0.25111  	-0.4158  	0.46555  	0.73046  	-0.3855  	0.26171  	-0.5790  	-0.0042  	0.35738  	0.22190  	0.08113  	-0.1463  	0.00818  	0.38644  	0.01502  	0.33714  	0.08384  	-0.6373  	0.29846  	0.31236  	0.05615  	-0.1924  	0.37166  	0.02831  	-0.0758  	0.03280  	-0.0247  	0.02709  	-0.1033  	0.00081  	-0.0477  	-0.0428  	0.01718  	-0.0456  	-0.0571  	0.02541  	0.00798  	-0.0277  	0.01565  	0.00142  	-0.0209  	0.06465  	-0.0174  	0.14880  	-0.0095  	0.03107  	0.00427  	-0.0398  	0.10221  	
-0.9729  	-0.1512  	-0.6256  	-2.0938  	-1.0299  	-1.6772  	0.27773  	0.08952  	0.03007  	0.42644  	0.73193  	-0.1985  	0.14910  	-0.2930  	-0.5644  	0.34381  	-0.1269  	-0.0200  	0.11572  	0.07931  	-0.0100  	0.24878  	-0.2908  	0.36117  	0.70198  	-0.3645  	0.15937  	-0.5586  	0.03583  	0.34205  	0.25013  	0.07514  	-0.1880  	-0.0078  	0.25726  	0.07020  	0.31860  	0.11010  	-0.6075  	0.28981  	0.35396  	0.04082  	-0.1388  	0.37717  	0.02319  	-0.0750  	0.02758  	-0.0216  	0.02465  	-0.0964  	-0.0057  	-0.0460  	-0.0328  	0.01852  	-0.0373  	-0.0572  	0.01730  	0.00589  	-0.0230  	0.01781  	0.00572  	-0.0114  	0.06831  	-0.0142  	0.14880  	-0.0095  	0.03107  	0.00427  	-0.0398  	0.10221  	
-0.5918  	-0.1082  	-0.4284  	-1.7935  	-0.9389  	-1.5060  	0.28359  	0.15910  	0.07494  	0.36781  	0.47013  	-0.1554  	0.16512  	-0.3438  	-0.5269  	0.57118  	-0.1292  	-0.0146  	0.14043  	0.10512  	-0.0575  	0.25526  	-0.3568  	0.34941  	0.73123  	-0.3775  	0.19725  	-0.5633  	0.02058  	0.39678  	0.23051  	0.10096  	-0.2202  	0.01153  	0.26372  	0.07193  	0.30805  	0.12398  	-0.6030  	0.32528  	0.34957  	0.02635  	-0.1123  	0.39653  	0.01485  	-0.0803  	0.02440  	-0.0031  	0.03917  	-0.0902  	-0.0038  	-0.0452  	-0.0360  	0.02181  	-0.0341  	-0.0637  	0.01860  	0.00934  	-0.0335  	0.00988  	-0.0097  	-0.0079  	0.08030  	-0.0123  	0.14880  	-0.0095  	0.03107  	0.00427  	-0.0398  	0.10221  	
-0.4970  	-0.0442  	-0.3325  	-1.6360  	-0.8509  	-1.4585  	0.26750  	0.11762  	0.07679  	0.47174  	0.51200  	-0.0450  	0.16945  	-0.3169  	-0.5582  	0.65184  	-0.1297  	-0.0328  	0.14059  	0.12962  	-0.0633  	0.25263  	-0.4461  	0.37822  	0.77924  	-0.4125  	0.21416  	-0.5385  	0.01906  	0.41115  	0.19478  	0.12988  	-0.2195  	-0.0039  	0.30584  	0.12296  	0.31246  	0.12526  	-0.5931  	0.32799  	0.33777  	0.02105  	-0.1105  	0.40298  	0.01532  	-0.0689  	0.01847  	0.02389  	0.03796  	-0.0999  	0.00457  	-0.0446  	-0.0214  	0.01477  	-0.0373  	-0.0627  	0.01768  	0.00233  	-0.0301  	0.02347  	-0.0051  	-0.0183  	0.08059  	-0.0125  	0.14880  	-0.0095  	0.03107  	0.00427  	-0.0398  	0.10221  	
-0.6560  	-0.0790  	-0.3891  	-1.8371  	-0.9423  	-1.5510  	0.27536  	0.15197  	0.02044  	0.40698  	0.49678  	-0.1454  	0.18358  	-0.4266  	-0.5855  	0.55596  	-0.0524  	-0.1290  	0.19928  	-0.1682  	-0.0112  	0.05655  	-0.6788  	0.32757  	0.74077  	-0.2907  	0.21840  	-0.5950  	0.13479  	0.38666  	0.32819  	0.06372  	-0.3368  	-0.1647  	0.20929  	0.13490  	0.22796  	0.10415  	-0.7063  	0.23469  	0.41624  	0.16990  	-0.2424  	0.47724  	-0.0395  	-0.0459  	-0.0098  	0.02249  	0.01165  	-0.1066  	0.01040  	-0.0396  	-0.0184  	0.03633  	-0.0281  	-0.0614  	0.01785  	-0.0086  	-0.0309  	0.03283  	0.00064  	-0.0250  	0.05999  	-0.0092  	0.14880  	-0.0095  	0.03107  	0.00427  	-0.0398  	0.10221  	
-0.8399  	-0.1325  	-0.4617  	-1.8308  	-0.9492  	-1.6693  	0.23632  	0.19102  	-0.0115  	0.35862  	0.51245  	-0.2004  	0.22626  	-0.4334  	-0.5112  	0.42485  	0.03821  	-0.2960  	0.25237  	-0.3660  	0.06389  	-0.1645  	-0.8784  	0.42813  	0.71390  	-0.2054  	0.26094  	-0.7471  	0.17736  	0.37627  	0.41909  	0.02545  	-0.4271  	-0.2958  	0.19955  	0.08942  	0.16760  	0.11872  	-0.8271  	0.17220  	0.46334  	0.27073  	-0.3490  	0.52899  	-0.0837  	-0.0327  	-0.0237  	0.01718  	-0.0040  	-0.1077  	0.01422  	-0.0331  	-0.0329  	0.04063  	-0.0270  	-0.0665  	0.01714  	-0.0107  	-0.0260  	0.03734  	-0.0011  	-0.0277  	0.04348  	-0.0119  	0.14880  	-0.0095  	0.03107  	0.00427  	-0.0398  	0.10221  	
-0.9896  	-0.1457  	-0.5838  	-1.9631  	-0.9776  	-1.7751  	0.22513  	0.19847  	-0.0112  	0.35759  	0.62399  	-0.1894  	0.24952  	-0.3534  	-0.4065  	0.25789  	0.07433  	-0.3615  	0.25229  	-0.4817  	0.12334  	-0.2342  	-0.8676  	0.36732  	0.59866  	-0.1690  	0.20812  	-0.7646  	0.18710  	0.32960  	0.48250  	-0.0037  	-0.4164  	-0.3248  	0.20575  	0.01018  	0.12422  	0.08560  	-0.8343  	0.10261  	0.47745  	0.31525  	-0.3807  	0.52552  	-0.0907  	-0.0311  	-0.0341  	0.01817  	-0.0105  	-0.1183  	0.01898  	-0.0373  	-0.0264  	0.04509  	-0.0316  	-0.0622  	0.01517  	-0.0150  	-0.0265  	0.03488  	0.01626  	-0.0132  	0.04213  	-0.0006  	0.14880  	-0.0095  	0.03107  	0.00427  	-0.0398  	0.10221  	
-0.6825  	-0.0181  	-0.3340  	-1.8822  	-1.0025  	-1.6016  	0.17588  	0.26045  	0.02426  	0.33966  	0.66291  	-0.1363  	0.21478  	-0.3351  	-0.4919  	0.39329  	0.02600  	-0.3888  	0.27122  	-0.4607  	0.21801  	-0.1450  	-0.7135  	0.38790  	0.50751  	-0.1777  	0.23216  	-0.8387  	0.07420  	0.33037  	0.44225  	0.01580  	-0.3761  	-0.3113  	0.19985  	-0.0110  	0.27877  	0.13187  	-0.8786  	0.13387  	0.48931  	0.26868  	-0.3325  	0.53657  	-0.0883  	-0.0408  	-0.0139  	0.02866  	-0.0063  	-0.1143  	-0.0016  	-0.0404  	-0.0351  	0.04945  	-0.0347  	-0.0635  	0.00752  	-0.0171  	-0.0335  	0.02892  	0.00182  	-0.0148  	0.04750  	-0.0140  	0.14880  	-0.0095  	0.03107  	0.00427  	-0.0398  	0.10221  	
-0.5734  	-0.0130  	-0.2785  	-1.8495  	-1.0088  	-1.4908  	0.22581  	0.21603  	0.05882  	0.42019  	0.69238  	-0.1257  	0.16092  	-0.2653  	-0.5363  	0.52696  	-0.0706  	-0.2277  	0.22634  	-0.2337  	0.18527  	0.05292  	-0.5468  	0.40801  	0.60318  	-0.2895  	0.24213  	-0.7683  	-0.0044  	0.34714  	0.33843  	0.07486  	-0.2974  	-0.1719  	0.28986  	0.03669  	0.37491  	0.13315  	-0.8053  	0.19806  	0.41030  	0.14431  	-0.2294  	0.48101  	-0.0440  	-0.0516  	-0.0015  	0.02229  	0.00972  	-0.1076  	0.00263  	-0.0463  	-0.0321  	0.03354  	-0.0345  	-0.0582  	0.01092  	-0.0076  	-0.0325  	0.02806  	0.00356  	-0.0221  	0.05962  	-0.0145  	0.14880  	-0.0095  	0.03107  	0.00427  	-0.0398  	0.10221  	
-0.6308  	-0.0732  	-0.3239  	-1.9949  	-1.0947  	-1.5285  	0.25932  	0.13298  	0.04966  	0.44683  	0.69197  	-0.1617  	0.11003  	-0.2856  	-0.6789  	0.61273  	-0.1692  	-0.0527  	0.14877  	0.05849  	0.00474  	0.25219  	-0.3332  	0.34957  	0.66146  	-0.3913  	0.19187  	-0.6311  	-0.0657  	0.33747  	0.24140  	0.12478  	-0.1992  	-0.0199  	0.35467  	0.10873  	0.41674  	0.13046  	-0.6479  	0.29538  	0.35558  	0.01984  	-0.1063  	0.38238  	0.00923  	-0.0704  	0.02525  	0.00764  	0.04071  	-0.0860  	0.00276  	-0.0531  	-0.0304  	0.01329  	-0.0383  	-0.0617  	0.01623  	0.00520  	-0.0405  	0.01739  	-0.0071  	-0.0078  	0.08488  	-0.0117  	0.14880  	-0.0095  	0.03107  	0.00427  	-0.0398  	0.10221  	
-0.5921  	-0.0746  	-0.4443  	-1.7903  	-0.9743  	-1.5527  	0.29498  	0.10493  	0.05426  	0.43077  	0.57191  	-0.1501  	0.14784  	-0.1749  	-0.4278  	0.54809  	-0.1673  	-0.0936  	0.13723  	0.05374  	0.03122  	0.27746  	-0.3428  	0.40702  	0.71315  	-0.3908  	0.26710  	-0.6796  	-0.0202  	0.35719  	0.24528  	0.13178  	-0.2102  	-0.0141  	0.41813  	0.09020  	0.38183  	0.12193  	-0.6762  	0.31812  	0.30117  	0.04360  	-0.1406  	0.39201  	0.02026  	-0.0707  	0.03150  	0.00211  	0.02671  	-0.0828  	0.00243  	-0.0436  	-0.0344  	0.01820  	-0.0332  	-0.0620  	0.01170  	0.00027  	-0.0275  	0.01985  	-0.0031  	-0.0033  	0.07544  	-0.0193  	0.14880  	-0.0095  	0.03107  	0.00427  	-0.0398  	0.10221  	
-0.6358  	-0.0565  	-0.5431  	-1.8086  	-0.9694  	-1.5679  	0.29016  	0.17206  	0.08206  	0.43668  	0.54197  	-0.0903  	0.26140  	-0.0092  	-0.2697  	0.44364  	-0.0813  	-0.0714  	0.07945  	-0.0217  	0.08646  	0.31747  	-0.3129  	0.42290  	0.69730  	-0.3638  	0.25072  	-0.6641  	-0.0647  	0.44214  	0.26121  	0.11406  	-0.1934  	0.01816  	0.39766  	0.00115  	0.39181  	0.10686  	-0.6760  	0.27230  	0.33591  	0.02990  	-0.1189  	0.36270  	0.02511  	-0.0781  	0.01415  	-0.0287  	0.01805  	-0.0660  	-0.0190  	-0.0558  	-0.0282  	0.01693  	-0.0279  	-0.0641  	0.02012  	0.01403  	-0.0282  	0.01172  	-0.0053  	0.00512  	0.06097  	-0.0123  	0.14880  	-0.0095  	0.03107  	0.00427  	-0.0398  	0.10221  	
-0.3535  	0.02248  	-0.2900  	-1.7195  	-1.0233  	-1.3142  	0.32835  	0.29235  	0.11293  	0.26831  	0.59086  	-0.1367  	0.26093  	0.05908  	-0.1229  	0.53696  	-0.0801  	-0.1624  	0.10888  	-0.0737  	0.32057  	0.34810  	-0.2523  	0.47616  	0.69641  	-0.3653  	0.38730  	-0.8751  	-0.2110  	0.39768  	0.24179  	0.14398  	-0.1744  	-0.0077  	0.47354  	-0.0947  	0.53115  	0.17885  	-0.7050  	0.23016  	0.29811  	0.04659  	-0.1364  	0.38695  	0.01885  	-0.0719  	0.01794  	-0.0066  	0.02487  	-0.0655  	-0.0178  	-0.0439  	-0.0256  	0.03223  	-0.0411  	-0.0476  	-0.0036  	0.00420  	-0.0356  	0.01717  	0.00378  	0.00423  	0.07113  	-0.0230  	0.14880  	-0.0095  	0.03107  	0.00427  	-0.0398  	0.10221  	
-0.6054  	-0.0139  	-0.3980  	-1.8197  	-0.9941  	-1.4858  	0.28648  	0.24436  	0.12077  	0.32632  	0.65887  	-0.1135  	0.21751  	-0.1030  	-0.3192  	0.53826  	-0.1148  	-0.1449  	0.08493  	0.00956  	0.21087  	0.28325  	-0.2849  	0.37887  	0.59754  	-0.3573  	0.22222  	-0.6904  	-0.1417  	0.34303  	0.24411  	0.09861  	-0.1673  	0.01402  	0.38835  	-0.0599  	0.46146  	0.14775  	-0.6818  	0.23782  	0.35114  	0.03633  	-0.1212  	0.38057  	0.02163  	-0.0742  	0.02177  	-0.0244  	0.01538  	-0.0684  	-0.0196  	-0.0462  	-0.0248  	0.02266  	-0.0370  	-0.0532  	0.00849  	0.00036  	-0.0309  	0.01687  	0.00805  	0.00654  	0.06702  	-0.0136  	0.14880  	-0.0095  	0.03107  	0.00427  	-0.0398  	0.10221  	
-0.4796  	0.04507  	-0.2945  	-1.7672  	-1.0235  	-1.4360  	0.26995  	0.29424  	0.14959  	0.30084  	0.66465  	-0.1100  	0.19923  	-0.0219  	-0.2865  	0.57457  	-0.1228  	-0.1282  	0.09380  	-0.0050  	0.30401  	0.27280  	-0.2641  	0.40274  	0.58190  	-0.3671  	0.24601  	-0.7811  	-0.2164  	0.32620  	0.24834  	0.12535  	-0.1595  	0.00031  	0.41796  	-0.1242  	0.52596  	0.18792  	-0.7123  	0.23384  	0.34529  	0.03051  	-0.1149  	0.37731  	0.01581  	-0.0668  	0.02890  	-0.0203  	0.01236  	-0.0674  	-0.0192  	-0.0441  	-0.0247  	0.02044  	-0.0446  	-0.0512  	0.00305  	-0.0004  	-0.0363  	0.01752  	0.00600  	0.00693  	0.06610  	-0.0174  	0.14880  	-0.0095  	0.03107  	0.00427  	-0.0398  	0.10221  	
-0.3391  	0.08439  	-0.2480  	-1.6618  	-0.9861  	-1.3335  	0.28709  	0.33720  	0.17653  	0.23478  	0.62174  	-0.0988  	0.22888  	0.06141  	-0.1761  	0.57625  	-0.1164  	-0.1709  	0.10157  	-0.0537  	0.36862  	0.29993  	-0.2442  	0.44443  	0.60526  	-0.3894  	0.32004  	-0.8763  	-0.2719  	0.34312  	0.23142  	0.13922  	-0.1589  	-0.0139  	0.47596  	-0.1414  	0.55959  	0.20495  	-0.7365  	0.22220  	0.30130  	0.02181  	-0.1351  	0.38338  	0.00383  	-0.0655  	0.02219  	-0.0143  	0.01837  	-0.0698  	-0.0154  	-0.0437  	-0.0235  	0.02340  	-0.0458  	-0.0447  	0.00030  	0.00135  	-0.0348  	0.01665  	0.00906  	0.00511  	0.06692  	-0.0193  	0.14880  	-0.0095  	0.03107  	0.00427  	-0.0398  	0.10221  	
-0.2430  	0.09746  	-0.1844  	-1.6465  	-0.9893  	-1.2713  	0.29856  	0.37156  	0.19615  	0.21217  	0.61890  	-0.0861  	0.22535  	0.08358  	-0.1193  	0.60197  	-0.1069  	-0.1865  	0.11467  	-0.0917  	0.39519  	0.31855  	-0.2167  	0.48334  	0.62795  	-0.4005  	0.38511  	-0.9362  	-0.3150  	0.35253  	0.22648  	0.15257  	-0.1608  	-0.0169  	0.50546  	-0.1366  	0.60555  	0.21413  	-0.7391  	0.21131  	0.28477  	0.03038  	-0.1176  	0.37911  	0.00373  	-0.0686  	0.02085  	-0.0008  	0.02851  	-0.0807  	-0.0198  	-0.0419  	-0.0252  	0.02625  	-0.0448  	-0.0414  	0.00090  	0.00319  	-0.0377  	0.02374  	0.00545  	-0.0002  	0.06672  	-0.0157  	0.14880  	-0.0095  	0.03107  	0.00427  	-0.0398  	0.10221  	
-0.2267  	0.08625  	-0.1756  	-1.6326  	-0.9796  	-1.2371  	0.29984  	0.38866  	0.20207  	0.21220  	0.61506  	-0.0837  	0.23494  	0.08017  	-0.1099  	0.61691  	-0.0921  	-0.1947  	0.11380  	-0.0917  	0.39276  	0.31951  	-0.2083  	0.50066  	0.62922  	-0.4038  	0.40493  	-0.9454  	-0.3255  	0.35881  	0.22452  	0.15845  	-0.1630  	-0.0134  	0.50848  	-0.1374  	0.61362  	0.22108  	-0.7290  	0.21165  	0.27038  	0.03151  	-0.1194  	0.38069  	0.00405  	-0.0685  	0.01793  	0.00020  	0.02983  	-0.0857  	-0.0175  	-0.0402  	-0.0243  	0.02607  	-0.0436  	-0.0414  	0.00138  	0.00354  	-0.0377  	0.02522  	0.00588  	-0.0018  	0.07136  	-0.0122  	0.14880  	-0.0095  	0.03107  	0.00427  	-0.0398  	0.10221  	
-0.2267  	0.08625  	-0.1756  	-1.6326  	-0.9796  	-1.2371  	0.29984  	0.38866  	0.20207  	0.21220  	0.61506  	-0.0837  	0.23494  	0.08017  	-0.1099  	0.61691  	-0.0921  	-0.1947  	0.11380  	-0.0917  	0.39276  	0.31951  	-0.2083  	0.50066  	0.62922  	-0.4038  	0.40493  	-0.9454  	-0.3255  	0.35881  	0.22452  	0.15845  	-0.1630  	-0.0134  	0.50848  	-0.1374  	0.61362  	0.22108  	-0.7290  	0.21165  	0.27038  	0.03151  	-0.1194  	0.38069  	0.00405  	-0.0685  	0.01793  	0.00020  	0.02983  	-0.0857  	-0.0175  	-0.0402  	-0.0243  	0.02607  	-0.0436  	-0.0414  	0.00138  	0.00354  	-0.0377  	0.02522  	0.00588  	-0.0018  	0.07136  	-0.0122  	0.14880  	-0.0095  	0.03107  	0.00427  	-0.0398  	0.10221  	
-0.2267  	0.08625  	-0.1756  	-1.6326  	-0.9796  	-1.2371  	0.29984  	0.38866  	0.20207  	0.21220  	0.61506  	-0.0837  	0.23494  	0.08017  	-0.1099  	0.61691  	-0.0921  	-0.1947  	0.11380  	-0.0917  	0.39276  	0.31951  	-0.2083  	0.50066  	0.62922  	-0.4038  	0.40493  	-0.9454  	-0.3255  	0.35881  	0.22452  	0.15845  	-0.1630  	-0.0134  	0.50848  	-0.1374  	0.61362  	0.22108  	-0.7290  	0.21165  	0.27038  	0.03151  	-0.1194  	0.38069  	0.00405  	-0.0685  	0.01793  	0.00020  	0.02983  	-0.0857  	-0.0175  	-0.0402  	-0.0243  	0.02607  	-0.0436  	-0.0414  	0.00138  	0.00354  	-0.0377  	0.02522  	0.00588  	-0.0018  	0.07136  	-0.0122  	0.14880  	-0.0095  	0.03107  	0.00427  	-0.0398  	0.10221  	
-0.2267  	0.08625  	-0.1756  	-1.6326  	-0.9796  	-1.2371  	0.29984  	0.38866  	0.20207  	0.21220  	0.61506  	-0.0837  	0.23494  	0.08017  	-0.1099  	0.61691  	-0.0921  	-0.1947  	0.11380  	-0.0917  	0.39276  	0.31951  	-0.2083  	0.50066  	0.62922  	-0.4038  	0.40493  	-0.9454  	-0.3255  	0.35881  	0.22452  	0.15845  	-0.1630  	-0.0134  	0.50848  	-0.1374  	0.61362  	0.22108  	-0.7290  	0.21165  	0.27038  	0.03151  	-0.1194  	0.38069  	0.00405  	-0.0685  	0.01793  	0.00020  	0.02983  	-0.0857  	-0.0175  	-0.0402  	-0.0243  	0.02607  	-0.0436  	-0.0414  	0.00138  	0.00354  	-0.0377  	0.02522  	0.00588  	-0.0018  	0.07136  	-0.0122  	0.14880  	-0.0095  	0.03107  	0.00427  	-0.0398  	0.10221  	
